"model","quality","n","threshold","accuracy","balanced_accuracy","precision","recall","specificity","false_positive_rate","f1","auc"
"hybrid","100","4500","0.9622429609298706","0.7931111111111111","0.7840277777777778","0.9325769854132901","0.7991666666666667","0.7688888888888888","0.23111111111111116","0.8607329842931937","0.8832822530864197"
"hybrid","90","4500","0.9622429609298706","0.7733333333333333","0.7620833333333333","0.9240631163708086","0.7808333333333334","0.7433333333333333","0.2566666666666667","0.8464317976513098","0.8635825617283952"
"hybrid","60","4500","0.9622429609298706","0.7344444444444445","0.7502777777777778","0.9283933024581403","0.7238888888888889","0.7766666666666666","0.22333333333333338","0.8134852505072577","0.8444421296296296"
"hybrid","40","4500","0.9622429609298706","0.7066666666666667","0.7375","0.9285714285714286","0.6861111111111111","0.7888888888888889","0.21111111111111114","0.7891373801916933","0.8267577160493828"
"hybrid","20","4500","0.9622429609298706","0.6035555555555555","0.6855555555555555","0.9250936329588015","0.5488888888888889","0.8222222222222222","0.1777777777777778","0.6889818688981869","0.7762929012345678"
"hybrid","10","4500","0.9622429609298706","0.3373333333333333","0.5729166666666666","0.9544117647058824","0.1802777777777778","0.9655555555555555","0.0344444444444445","0.30327102803738315","0.7124654320987654"
"xception","100","4500","0.9074631929397583","0.7588888888888888","0.7751388888888888","0.9380006966213863","0.7480555555555556","0.8022222222222222","0.19777777777777783","0.83232885180034","0.8616689814814815"
"xception","90","4500","0.9074631929397583","0.7393333333333333","0.7620833333333333","0.9354144241119483","0.7241666666666666","0.8","0.19999999999999996","0.8163457022076092","0.8504592592592591"
"xception","60","4500","0.9074631929397583","0.6944444444444444","0.7377777777777779","0.9333852746396571","0.6655555555555556","0.81","0.18999999999999995","0.7770390789687044","0.8260961419753086"
"xception","40","4500","0.9074631929397583","0.658","0.7145833333333333","0.9284823284823285","0.6202777777777778","0.8088888888888889","0.19111111111111112","0.7437135720233139","0.8009632716049383"
"xception","20","4500","0.9074631929397583","0.5884444444444444","0.6777777777777778","0.9242718446601942","0.5288888888888889","0.8266666666666667","0.17333333333333334","0.672791519434629","0.759195524691358"
"xception","10","4500","0.9074631929397583","0.3442222222222222","0.5593055555555556","0.9071518193224593","0.20083333333333334","0.9177777777777778","0.0822222222222222","0.3288605867637025","0.6607648148148149"
