image_path,label,prob_fake_0,prob_fake_1,prob_fake,prediction
C:\Users\Rohith Syam\Documents\UTS SEMESTER 3\image processing\idea 2\data\processed\genimage_adm\real\ILSVRC2012_val_00033720.jpg,0,0.2052127867937088,0.3500855565071106,0.2776491716504097,0
C:\Users\Rohith Syam\Documents\UTS SEMESTER 3\image processing\idea 2\data\processed\genimage_adm\real\ILSVRC2012_val_00044843.jpg,0,0.8323361277580261,0.4669691622257232,0.6496526449918747,1
C:\Users\Rohith Syam\Documents\UTS SEMESTER 3\image processing\idea 2\data\processed\genimage_adm\real\ILSVRC2012_val_00046406.jpg,0,0.043215624988079,0.3736514151096344,0.2084335200488567,0
C:\Users\Rohith Syam\Documents\UTS SEMESTER 3\image processing\idea 2\data\processed\genimage_adm\real\ILSVRC2012_val_00049102.jpg,0,0.6980215907096863,0.4209251999855041,0.5594733953475952,1
C:\Users\Rohith Syam\Documents\UTS SEMESTER 3\image processing\idea 2\data\processed\genimage_adm\real\ILSVRC2012_val_00037943.jpg,0,0.3807252049446106,0.4639751613140106,0.4223501831293106,0
C:\Users\Rohith Syam\Documents\UTS SEMESTER 3\image processing\idea 2\data\processed\genimage_adm\real\ILSVRC2012_val_00044521.jpg,0,0.7247153520584106,0.5595734715461731,0.6421444118022919,1
C:\Users\Rohith Syam\Documents\UTS SEMESTER 3\image processing\idea 2\data\processed\genimage_adm\real\ILSVRC2012_val_00047794.jpg,0,0.646003246307373,0.57340008020401,0.6097016632556915,1
C:\Users\Rohith Syam\Documents\UTS SEMESTER 3\image processing\idea 2\data\processed\genimage_adm\real\ILSVRC2012_val_00041724.jpg,0,0.4188486337661743,0.2614963948726654,0.34017251431941986,0
C:\Users\Rohith Syam\Documents\UTS SEMESTER 3\image processing\idea 2\data\processed\genimage_adm\real\ILSVRC2012_val_00040073.jpg,0,0.6311850547790527,0.3387750089168548,0.4849800318479538,0
C:\Users\Rohith Syam\Documents\UTS SEMESTER 3\image processing\idea 2\data\processed\genimage_adm\real\ILSVRC2012_val_00045289.jpg,0,0.941820740699768,0.4140079021453857,0.6779143214225768,1
C:\Users\Rohith Syam\Documents\UTS SEMESTER 3\image processing\idea 2\data\processed\genimage_adm\real\ILSVRC2012_val_00046174.jpg,0,0.8992088437080383,0.1485780030488968,0.5238934233784676,1
C:\Users\Rohith Syam\Documents\UTS SEMESTER 3\image processing\idea 2\data\processed\genimage_adm\real\ILSVRC2012_val_00045823.jpg,0,0.2613879740238189,0.2085831761360168,0.23498557507991785,0
C:\Users\Rohith Syam\Documents\UTS SEMESTER 3\image processing\idea 2\data\processed\genimage_adm\real\ILSVRC2012_val_00043910.jpg,0,0.8659464716911316,0.608269453048706,0.7371079623699188,1
C:\Users\Rohith Syam\Documents\UTS SEMESTER 3\image processing\idea 2\data\processed\genimage_adm\real\ILSVRC2012_val_00038215.jpg,0,0.3509616553783417,0.3720316290855407,0.3614966422319412,0
C:\Users\Rohith Syam\Documents\UTS SEMESTER 3\image processing\idea 2\data\processed\genimage_adm\real\ILSVRC2012_val_00048393.jpg,0,0.475870817899704,0.3520590364933014,0.4139649271965027,0
C:\Users\Rohith Syam\Documents\UTS SEMESTER 3\image processing\idea 2\data\processed\genimage_adm\real\ILSVRC2012_val_00037981.jpg,0,0.4235669672489166,0.3837697505950928,0.4036683589220047,0
C:\Users\Rohith Syam\Documents\UTS SEMESTER 3\image processing\idea 2\data\processed\genimage_adm\real\ILSVRC2012_val_00042088.jpg,0,0.3968970775604248,0.4894399344921112,0.443168506026268,0
C:\Users\Rohith Syam\Documents\UTS SEMESTER 3\image processing\idea 2\data\processed\genimage_adm\real\ILSVRC2012_val_00041830.jpg,0,0.8595896363258362,0.3610176742076874,0.6103036552667618,1
C:\Users\Rohith Syam\Documents\UTS SEMESTER 3\image processing\idea 2\data\processed\genimage_adm\real\ILSVRC2012_val_00044045.jpg,0,0.7370336055755615,0.3580467402935028,0.5475401729345322,1
C:\Users\Rohith Syam\Documents\UTS SEMESTER 3\image processing\idea 2\data\processed\genimage_adm\real\ILSVRC2012_val_00048672.jpg,0,0.6158222556114197,0.351449579000473,0.48363591730594635,0
C:\Users\Rohith Syam\Documents\UTS SEMESTER 3\image processing\idea 2\data\processed\genimage_adm\real\ILSVRC2012_val_00041242.jpg,0,0.4884854257106781,0.2955014705657959,0.391993448138237,0
C:\Users\Rohith Syam\Documents\UTS SEMESTER 3\image processing\idea 2\data\processed\genimage_adm\real\ILSVRC2012_val_00039052.jpg,0,0.4279792904853821,0.2723812460899353,0.3501802682876587,0
C:\Users\Rohith Syam\Documents\UTS SEMESTER 3\image processing\idea 2\data\processed\genimage_adm\real\ILSVRC2012_val_00042386.jpg,0,0.4717709720134735,0.4233424961566925,0.447556734085083,0
C:\Users\Rohith Syam\Documents\UTS SEMESTER 3\image processing\idea 2\data\processed\genimage_adm\real\ILSVRC2012_val_00033076.jpg,0,0.5055747628211975,0.5075122117996216,0.5065434873104095,1
C:\Users\Rohith Syam\Documents\UTS SEMESTER 3\image processing\idea 2\data\processed\genimage_adm\real\ILSVRC2012_val_00048183.jpg,0,0.6715025901794434,0.5118570923805237,0.5916798412799835,1
C:\Users\Rohith Syam\Documents\UTS SEMESTER 3\image processing\idea 2\data\processed\genimage_adm\real\ILSVRC2012_val_00044445.jpg,0,0.6613144874572754,0.402809202671051,0.5320618450641632,1
C:\Users\Rohith Syam\Documents\UTS SEMESTER 3\image processing\idea 2\data\processed\genimage_adm\real\ILSVRC2012_val_00032709.jpg,0,0.5793395042419434,0.3276532590389251,0.45349638164043427,0
C:\Users\Rohith Syam\Documents\UTS SEMESTER 3\image processing\idea 2\data\processed\genimage_adm\real\ILSVRC2012_val_00031911.jpg,0,0.9660680890083312,0.5409366488456726,0.753502368927002,1
C:\Users\Rohith Syam\Documents\UTS SEMESTER 3\image processing\idea 2\data\processed\genimage_adm\real\ILSVRC2012_val_00042835.jpg,0,0.3231384754180908,0.4888657033443451,0.40600208938121796,0
C:\Users\Rohith Syam\Documents\UTS SEMESTER 3\image processing\idea 2\data\processed\genimage_adm\real\ILSVRC2012_val_00038235.jpg,0,0.3215873539447784,0.1153736189007759,0.21848048642277715,0
C:\Users\Rohith Syam\Documents\UTS SEMESTER 3\image processing\idea 2\data\processed\genimage_adm\real\ILSVRC2012_val_00049792.jpg,0,0.4669780135154724,0.3293647766113281,0.39817139506340027,0
C:\Users\Rohith Syam\Documents\UTS SEMESTER 3\image processing\idea 2\data\processed\genimage_adm\real\ILSVRC2012_val_00045849.jpg,0,0.4480413198471069,0.0004816311702597,0.22426147550868328,0
C:\Users\Rohith Syam\Documents\UTS SEMESTER 3\image processing\idea 2\data\processed\genimage_adm\real\ILSVRC2012_val_00041006.jpg,0,0.6077823638916016,0.409762293100357,0.5087723284959793,1
C:\Users\Rohith Syam\Documents\UTS SEMESTER 3\image processing\idea 2\data\processed\genimage_adm\real\ILSVRC2012_val_00033818.jpg,0,0.5056138038635254,0.1750890612602234,0.3403514325618744,0
C:\Users\Rohith Syam\Documents\UTS SEMESTER 3\image processing\idea 2\data\processed\genimage_adm\real\ILSVRC2012_val_00044618.jpg,0,0.6421324014663696,0.4922553300857544,0.567193865776062,1
C:\Users\Rohith Syam\Documents\UTS SEMESTER 3\image processing\idea 2\data\processed\genimage_adm\real\ILSVRC2012_val_00047208.jpg,0,0.2151267528533935,0.0483721569180488,0.13174945488572115,0
C:\Users\Rohith Syam\Documents\UTS SEMESTER 3\image processing\idea 2\data\processed\genimage_adm\real\ILSVRC2012_val_00039249.jpg,0,0.7199907898902893,0.454402893781662,0.5871968418359756,1
C:\Users\Rohith Syam\Documents\UTS SEMESTER 3\image processing\idea 2\data\processed\genimage_adm\real\ILSVRC2012_val_00039153.jpg,0,0.5998497605323792,0.3673742115497589,0.48361198604106903,0
C:\Users\Rohith Syam\Documents\UTS SEMESTER 3\image processing\idea 2\data\processed\genimage_adm\real\ILSVRC2012_val_00041119.jpg,0,0.969713807106018,0.447400152683258,0.708556979894638,1
C:\Users\Rohith Syam\Documents\UTS SEMESTER 3\image processing\idea 2\data\processed\genimage_adm\real\ILSVRC2012_val_00032294.jpg,0,0.1922167837619781,0.610127329826355,0.40117205679416656,0
C:\Users\Rohith Syam\Documents\UTS SEMESTER 3\image processing\idea 2\data\processed\genimage_adm\real\ILSVRC2012_val_00038554.jpg,0,0.4582336246967315,0.4071158766746521,0.43267475068569183,0
C:\Users\Rohith Syam\Documents\UTS SEMESTER 3\image processing\idea 2\data\processed\genimage_adm\real\ILSVRC2012_val_00049945.jpg,0,0.0191692356020212,0.3583009243011474,0.1887350799515843,0
C:\Users\Rohith Syam\Documents\UTS SEMESTER 3\image processing\idea 2\data\processed\genimage_adm\real\ILSVRC2012_val_00049513.jpg,0,0.687701404094696,0.5115450024604797,0.5996232032775879,1
C:\Users\Rohith Syam\Documents\UTS SEMESTER 3\image processing\idea 2\data\processed\genimage_adm\real\ILSVRC2012_val_00035786.jpg,0,0.5559281706809998,0.558340311050415,0.5571342408657074,1
C:\Users\Rohith Syam\Documents\UTS SEMESTER 3\image processing\idea 2\data\processed\genimage_adm\real\ILSVRC2012_val_00041721.jpg,0,0.8919923901557922,0.5640948414802551,0.7280436158180237,1
C:\Users\Rohith Syam\Documents\UTS SEMESTER 3\image processing\idea 2\data\processed\genimage_adm\real\ILSVRC2012_val_00045455.jpg,0,0.5570932626724243,0.5760146379470825,0.5665539503097534,1
C:\Users\Rohith Syam\Documents\UTS SEMESTER 3\image processing\idea 2\data\processed\genimage_adm\real\ILSVRC2012_val_00049208.jpg,0,0.7351033091545105,0.215360403060913,0.47523185610771174,0
C:\Users\Rohith Syam\Documents\UTS SEMESTER 3\image processing\idea 2\data\processed\genimage_adm\real\ILSVRC2012_val_00040440.jpg,0,0.8214994072914124,0.363328605890274,0.5924140065908432,1
C:\Users\Rohith Syam\Documents\UTS SEMESTER 3\image processing\idea 2\data\processed\genimage_adm\real\ILSVRC2012_val_00046814.jpg,0,0.0294272825121879,0.4573124349117279,0.2433698587119579,0
C:\Users\Rohith Syam\Documents\UTS SEMESTER 3\image processing\idea 2\data\processed\genimage_adm\real\ILSVRC2012_val_00036687.jpg,0,0.4162978529930115,0.3059665262699127,0.3611321896314621,0
C:\Users\Rohith Syam\Documents\UTS SEMESTER 3\image processing\idea 2\data\processed\genimage_adm\real\ILSVRC2012_val_00034960.jpg,0,0.5661656260490417,0.5751208662986755,0.5706432461738586,1
C:\Users\Rohith Syam\Documents\UTS SEMESTER 3\image processing\idea 2\data\processed\genimage_adm\real\ILSVRC2012_val_00035616.jpg,0,0.1575569808483123,0.2924917042255401,0.22502434253692621,0
C:\Users\Rohith Syam\Documents\UTS SEMESTER 3\image processing\idea 2\data\processed\genimage_adm\real\ILSVRC2012_val_00049469.jpg,0,0.8651683926582336,0.4909543991088867,0.6780613958835602,1
C:\Users\Rohith Syam\Documents\UTS SEMESTER 3\image processing\idea 2\data\processed\genimage_adm\real\ILSVRC2012_val_00038472.jpg,0,0.9419074654579164,0.3801772594451904,0.6610423624515533,1
C:\Users\Rohith Syam\Documents\UTS SEMESTER 3\image processing\idea 2\data\processed\genimage_adm\real\ILSVRC2012_val_00044483.jpg,0,0.5884957909584045,0.5061761736869812,0.5473359823226929,1
C:\Users\Rohith Syam\Documents\UTS SEMESTER 3\image processing\idea 2\data\processed\genimage_adm\real\ILSVRC2012_val_00040602.jpg,0,0.451633095741272,0.4539205431938171,0.45277681946754456,0
C:\Users\Rohith Syam\Documents\UTS SEMESTER 3\image processing\idea 2\data\processed\genimage_adm\real\ILSVRC2012_val_00048249.jpg,0,0.5971536040306091,0.3092619776725769,0.453207790851593,0
C:\Users\Rohith Syam\Documents\UTS SEMESTER 3\image processing\idea 2\data\processed\genimage_adm\real\ILSVRC2012_val_00045057.jpg,0,0.8563880920410156,0.5734205842018127,0.7149043381214142,1
C:\Users\Rohith Syam\Documents\UTS SEMESTER 3\image processing\idea 2\data\processed\genimage_adm\real\ILSVRC2012_val_00045757.jpg,0,0.5244835615158081,0.3848642706871032,0.4546739161014557,0
C:\Users\Rohith Syam\Documents\UTS SEMESTER 3\image processing\idea 2\data\processed\genimage_adm\real\ILSVRC2012_val_00032223.jpg,0,0.7064514756202698,0.3492538332939148,0.5278526544570923,1
C:\Users\Rohith Syam\Documents\UTS SEMESTER 3\image processing\idea 2\data\processed\genimage_adm\real\ILSVRC2012_val_00049293.jpg,0,0.2778731882572174,0.3138767182826996,0.2958749532699585,0
C:\Users\Rohith Syam\Documents\UTS SEMESTER 3\image processing\idea 2\data\processed\genimage_adm\real\ILSVRC2012_val_00034788.jpg,0,0.5530998110771179,0.4923366010189056,0.5227182060480118,1
C:\Users\Rohith Syam\Documents\UTS SEMESTER 3\image processing\idea 2\data\processed\genimage_adm\real\ILSVRC2012_val_00033304.jpg,0,0.8046703338623047,0.4706097841262817,0.6376400589942932,1
C:\Users\Rohith Syam\Documents\UTS SEMESTER 3\image processing\idea 2\data\processed\genimage_adm\real\ILSVRC2012_val_00040369.jpg,0,0.4424012303352356,0.3733982443809509,0.40789973735809326,0
C:\Users\Rohith Syam\Documents\UTS SEMESTER 3\image processing\idea 2\data\processed\genimage_adm\real\ILSVRC2012_val_00048122.jpg,0,0.8184675574302673,0.4529399871826172,0.6357037723064423,1
C:\Users\Rohith Syam\Documents\UTS SEMESTER 3\image processing\idea 2\data\processed\genimage_adm\real\ILSVRC2012_val_00039596.jpg,0,0.859054684638977,0.5279064178466797,0.6934805512428284,1
C:\Users\Rohith Syam\Documents\UTS SEMESTER 3\image processing\idea 2\data\processed\genimage_adm\real\ILSVRC2012_val_00045808.jpg,0,0.506811261177063,0.6962127685546875,0.6015120148658752,1
C:\Users\Rohith Syam\Documents\UTS SEMESTER 3\image processing\idea 2\data\processed\genimage_adm\real\ILSVRC2012_val_00038827.jpg,0,0.5936305522918701,0.419334203004837,0.5064823776483536,1
C:\Users\Rohith Syam\Documents\UTS SEMESTER 3\image processing\idea 2\data\processed\genimage_adm\real\ILSVRC2012_val_00043143.jpg,0,0.6431109309196472,0.5575893521308899,0.6003501415252686,1
C:\Users\Rohith Syam\Documents\UTS SEMESTER 3\image processing\idea 2\data\processed\genimage_adm\real\ILSVRC2012_val_00031949.jpg,0,0.5264309048652649,0.5210892558097839,0.5237600803375244,1
C:\Users\Rohith Syam\Documents\UTS SEMESTER 3\image processing\idea 2\data\processed\genimage_adm\real\ILSVRC2012_val_00039066.jpg,0,0.5441368222236633,0.2981294989585876,0.4211331605911255,0
C:\Users\Rohith Syam\Documents\UTS SEMESTER 3\image processing\idea 2\data\processed\genimage_adm\real\ILSVRC2012_val_00049879.jpg,0,0.6387662291526794,0.5910024046897888,0.6148843169212341,1
C:\Users\Rohith Syam\Documents\UTS SEMESTER 3\image processing\idea 2\data\processed\genimage_adm\real\ILSVRC2012_val_00035360.jpg,0,0.3021551668643951,0.133138358592987,0.21764676272869105,0
C:\Users\Rohith Syam\Documents\UTS SEMESTER 3\image processing\idea 2\data\processed\genimage_adm\real\ILSVRC2012_val_00044282.jpg,0,0.5497794151306152,0.5126521587371826,0.5312157869338989,1
C:\Users\Rohith Syam\Documents\UTS SEMESTER 3\image processing\idea 2\data\processed\genimage_adm\real\ILSVRC2012_val_00040803.jpg,0,0.751365065574646,0.6497092843055725,0.7005371749401093,1
C:\Users\Rohith Syam\Documents\UTS SEMESTER 3\image processing\idea 2\data\processed\genimage_adm\real\ILSVRC2012_val_00041968.jpg,0,0.4712282717227936,0.535868227481842,0.5035482496023178,1
C:\Users\Rohith Syam\Documents\UTS SEMESTER 3\image processing\idea 2\data\processed\genimage_adm\real\ILSVRC2012_val_00041995.jpg,0,0.7255391478538513,0.357675552368164,0.5416073501110077,1
C:\Users\Rohith Syam\Documents\UTS SEMESTER 3\image processing\idea 2\data\processed\genimage_adm\real\ILSVRC2012_val_00036857.jpg,0,0.5193560719490051,0.5896856188774109,0.554520845413208,1
C:\Users\Rohith Syam\Documents\UTS SEMESTER 3\image processing\idea 2\data\processed\genimage_adm\real\ILSVRC2012_val_00040946.jpg,0,0.6461421251296997,0.2565697729587555,0.4513559490442276,0
C:\Users\Rohith Syam\Documents\UTS SEMESTER 3\image processing\idea 2\data\processed\genimage_adm\real\ILSVRC2012_val_00044215.jpg,0,0.5447481870651245,0.5512477159500122,0.5479979515075684,1
C:\Users\Rohith Syam\Documents\UTS SEMESTER 3\image processing\idea 2\data\processed\genimage_adm\real\ILSVRC2012_val_00043496.jpg,0,0.0033620640169829,0.2366051971912384,0.11998363060411066,0
C:\Users\Rohith Syam\Documents\UTS SEMESTER 3\image processing\idea 2\data\processed\genimage_adm\real\ILSVRC2012_val_00032813.jpg,0,0.8515432476997375,0.4531825184822082,0.6523628830909729,1
C:\Users\Rohith Syam\Documents\UTS SEMESTER 3\image processing\idea 2\data\processed\genimage_adm\real\ILSVRC2012_val_00041025.jpg,0,0.4793550670146942,0.575560450553894,0.5274577587842941,1
C:\Users\Rohith Syam\Documents\UTS SEMESTER 3\image processing\idea 2\data\processed\genimage_adm\real\ILSVRC2012_val_00043087.jpg,0,0.818794846534729,0.5579339265823364,0.6883643865585327,1
C:\Users\Rohith Syam\Documents\UTS SEMESTER 3\image processing\idea 2\data\processed\genimage_adm\real\ILSVRC2012_val_00032851.jpg,0,0.0488647297024726,0.0600022338330745,0.054433481767773545,0
C:\Users\Rohith Syam\Documents\UTS SEMESTER 3\image processing\idea 2\data\processed\genimage_adm\real\ILSVRC2012_val_00045378.jpg,0,0.4809080958366394,0.0318662375211715,0.25638716667890543,0
C:\Users\Rohith Syam\Documents\UTS SEMESTER 3\image processing\idea 2\data\processed\genimage_adm\real\ILSVRC2012_val_00047244.jpg,0,0.943515956401825,0.579522430896759,0.761519193649292,1
C:\Users\Rohith Syam\Documents\UTS SEMESTER 3\image processing\idea 2\data\processed\genimage_adm\real\ILSVRC2012_val_00036547.jpg,0,0.6168302893638611,0.3803067207336426,0.49856850504875183,0
C:\Users\Rohith Syam\Documents\UTS SEMESTER 3\image processing\idea 2\data\processed\genimage_adm\real\ILSVRC2012_val_00032588.jpg,0,0.8052183985710144,0.189361959695816,0.4972901791334152,0
C:\Users\Rohith Syam\Documents\UTS SEMESTER 3\image processing\idea 2\data\processed\genimage_adm\real\ILSVRC2012_val_00037566.jpg,0,0.6289228200912476,0.5608959794044495,0.5949093997478485,1
C:\Users\Rohith Syam\Documents\UTS SEMESTER 3\image processing\idea 2\data\processed\genimage_adm\real\ILSVRC2012_val_00033321.jpg,0,0.6324508786201477,0.4214989840984344,0.5269749313592911,1
C:\Users\Rohith Syam\Documents\UTS SEMESTER 3\image processing\idea 2\data\processed\genimage_adm\real\ILSVRC2012_val_00038473.jpg,0,0.9405866861343384,0.3074128329753876,0.623999759554863,1
C:\Users\Rohith Syam\Documents\UTS SEMESTER 3\image processing\idea 2\data\processed\genimage_adm\real\ILSVRC2012_val_00042907.jpg,0,0.4617985785007477,0.2370088547468185,0.3494037166237831,0
C:\Users\Rohith Syam\Documents\UTS SEMESTER 3\image processing\idea 2\data\processed\genimage_adm\real\ILSVRC2012_val_00049925.jpg,0,0.2654326856136322,0.4295395314693451,0.34748610854148865,0
C:\Users\Rohith Syam\Documents\UTS SEMESTER 3\image processing\idea 2\data\processed\genimage_adm\real\ILSVRC2012_val_00043315.jpg,0,0.8037911653518677,0.4677905440330505,0.6357908546924591,1
C:\Users\Rohith Syam\Documents\UTS SEMESTER 3\image processing\idea 2\data\processed\genimage_adm\real\ILSVRC2012_val_00036063.jpg,0,0.8762738108634949,0.6251398324966431,0.750706821680069,1
C:\Users\Rohith Syam\Documents\UTS SEMESTER 3\image processing\idea 2\data\processed\genimage_adm\real\ILSVRC2012_val_00040143.jpg,0,0.3834724426269531,0.4408887326717376,0.4121805876493454,0
C:\Users\Rohith Syam\Documents\UTS SEMESTER 3\image processing\idea 2\data\processed\genimage_adm\real\ILSVRC2012_val_00034567.jpg,0,0.8169630765914917,0.6511634588241577,0.7340632677078247,1
C:\Users\Rohith Syam\Documents\UTS SEMESTER 3\image processing\idea 2\data\processed\genimage_adm\real\ILSVRC2012_val_00048126.jpg,0,0.6636810302734375,0.5446323752403259,0.6041567027568817,1
C:\Users\Rohith Syam\Documents\UTS SEMESTER 3\image processing\idea 2\data\processed\genimage_adm\real\ILSVRC2012_val_00033726.jpg,0,0.5414189696311951,0.3342448770999908,0.43783192336559296,0
C:\Users\Rohith Syam\Documents\UTS SEMESTER 3\image processing\idea 2\data\processed\genimage_adm\real\ILSVRC2012_val_00032002.jpg,0,0.4657971560955047,0.4088140726089477,0.4373056143522262,0
C:\Users\Rohith Syam\Documents\UTS SEMESTER 3\image processing\idea 2\data\processed\genimage_adm\real\ILSVRC2012_val_00043179.jpg,0,0.0673459991812706,0.275506317615509,0.1714261583983898,0
C:\Users\Rohith Syam\Documents\UTS SEMESTER 3\image processing\idea 2\data\processed\genimage_adm\real\ILSVRC2012_val_00034925.jpg,0,0.4168339371681213,0.1493466347455978,0.28309028595685953,0
C:\Users\Rohith Syam\Documents\UTS SEMESTER 3\image processing\idea 2\data\processed\genimage_adm\real\ILSVRC2012_val_00032273.jpg,0,0.6528846025466919,0.5607893466949463,0.6068369746208191,1
C:\Users\Rohith Syam\Documents\UTS SEMESTER 3\image processing\idea 2\data\processed\genimage_adm\real\ILSVRC2012_val_00041085.jpg,0,0.5483574271202087,0.1806344240903854,0.3644959256052971,0
C:\Users\Rohith Syam\Documents\UTS SEMESTER 3\image processing\idea 2\data\processed\genimage_adm\real\ILSVRC2012_val_00049330.jpg,0,0.5688693523406982,0.4547769427299499,0.5118231475353241,1
C:\Users\Rohith Syam\Documents\UTS SEMESTER 3\image processing\idea 2\data\processed\genimage_adm\real\ILSVRC2012_val_00041007.jpg,0,0.7887599468231201,0.3945550322532654,0.5916574895381927,1
C:\Users\Rohith Syam\Documents\UTS SEMESTER 3\image processing\idea 2\data\processed\genimage_adm\real\ILSVRC2012_val_00044556.jpg,0,0.7173884510993958,0.4535724222660064,0.5854804366827011,1
C:\Users\Rohith Syam\Documents\UTS SEMESTER 3\image processing\idea 2\data\processed\genimage_adm\real\ILSVRC2012_val_00035706.jpg,0,0.5614910125732422,0.3133668601512909,0.43742893636226654,0
C:\Users\Rohith Syam\Documents\UTS SEMESTER 3\image processing\idea 2\data\processed\genimage_adm\real\ILSVRC2012_val_00032460.jpg,0,0.4640463292598724,0.0307801198214292,0.2474132245406508,0
C:\Users\Rohith Syam\Documents\UTS SEMESTER 3\image processing\idea 2\data\processed\genimage_adm\real\ILSVRC2012_val_00043500.jpg,0,0.056093506515026,0.2342085093259811,0.14515100792050356,0
C:\Users\Rohith Syam\Documents\UTS SEMESTER 3\image processing\idea 2\data\processed\genimage_adm\real\ILSVRC2012_val_00035258.jpg,0,0.3321190774440765,0.5883422493934631,0.46023066341876984,0
C:\Users\Rohith Syam\Documents\UTS SEMESTER 3\image processing\idea 2\data\processed\genimage_adm\real\ILSVRC2012_val_00039500.jpg,0,0.7054234743118286,0.486813873052597,0.5961186736822128,1
C:\Users\Rohith Syam\Documents\UTS SEMESTER 3\image processing\idea 2\data\processed\genimage_adm\real\ILSVRC2012_val_00037636.jpg,0,0.6312624216079712,0.6139062643051147,0.622584342956543,1
C:\Users\Rohith Syam\Documents\UTS SEMESTER 3\image processing\idea 2\data\processed\genimage_adm\real\ILSVRC2012_val_00040761.jpg,0,0.4282234609127044,0.4797048270702362,0.45396414399147034,0
C:\Users\Rohith Syam\Documents\UTS SEMESTER 3\image processing\idea 2\data\processed\genimage_adm\real\ILSVRC2012_val_00044446.jpg,0,0.9456135630607604,0.3755321204662323,0.6605728417634964,1
C:\Users\Rohith Syam\Documents\UTS SEMESTER 3\image processing\idea 2\data\processed\genimage_adm\real\ILSVRC2012_val_00043891.jpg,0,0.7678526043891907,0.6145198941230774,0.691186249256134,1
C:\Users\Rohith Syam\Documents\UTS SEMESTER 3\image processing\idea 2\data\processed\genimage_adm\real\ILSVRC2012_val_00038643.jpg,0,0.6323636770248413,0.2806171178817749,0.4564903974533081,0
C:\Users\Rohith Syam\Documents\UTS SEMESTER 3\image processing\idea 2\data\processed\genimage_adm\real\ILSVRC2012_val_00035149.jpg,0,0.4015714824199676,0.6313212513923645,0.5164463669061661,1
C:\Users\Rohith Syam\Documents\UTS SEMESTER 3\image processing\idea 2\data\processed\genimage_adm\real\ILSVRC2012_val_00038696.jpg,0,0.6836993098258972,0.4435575902462005,0.5636284500360489,1
C:\Users\Rohith Syam\Documents\UTS SEMESTER 3\image processing\idea 2\data\processed\genimage_adm\real\ILSVRC2012_val_00040232.jpg,0,0.7998313307762146,0.4661515653133392,0.6329914480447769,1
C:\Users\Rohith Syam\Documents\UTS SEMESTER 3\image processing\idea 2\data\processed\genimage_adm\real\ILSVRC2012_val_00046084.jpg,0,0.0842822343111038,0.2778862118721008,0.1810842230916023,0
C:\Users\Rohith Syam\Documents\UTS SEMESTER 3\image processing\idea 2\data\processed\genimage_adm\real\ILSVRC2012_val_00042054.jpg,0,0.2912221550941467,0.2240730673074722,0.2576476112008094,0
C:\Users\Rohith Syam\Documents\UTS SEMESTER 3\image processing\idea 2\data\processed\genimage_adm\real\ILSVRC2012_val_00034899.jpg,0,0.5851001143455505,0.5373614430427551,0.5612307786941528,1
C:\Users\Rohith Syam\Documents\UTS SEMESTER 3\image processing\idea 2\data\processed\genimage_adm\real\ILSVRC2012_val_00042498.jpg,0,0.6532220840454102,0.5271772146224976,0.5901996493339539,1
C:\Users\Rohith Syam\Documents\UTS SEMESTER 3\image processing\idea 2\data\processed\genimage_adm\real\ILSVRC2012_val_00049525.jpg,0,0.4486066997051239,0.2870378494262695,0.3678222745656967,0
C:\Users\Rohith Syam\Documents\UTS SEMESTER 3\image processing\idea 2\data\processed\genimage_adm\real\ILSVRC2012_val_00032099.jpg,0,0.9801748394966124,0.4851219356060028,0.7326483875513077,1
C:\Users\Rohith Syam\Documents\UTS SEMESTER 3\image processing\idea 2\data\processed\genimage_adm\real\ILSVRC2012_val_00046410.jpg,0,0.4661387205123901,0.6708224415779114,0.5684805810451508,1
C:\Users\Rohith Syam\Documents\UTS SEMESTER 3\image processing\idea 2\data\processed\genimage_adm\real\ILSVRC2012_val_00037685.jpg,0,0.3980370163917541,0.309873878955841,0.35395544767379755,0
C:\Users\Rohith Syam\Documents\UTS SEMESTER 3\image processing\idea 2\data\processed\genimage_adm\real\ILSVRC2012_val_00033757.jpg,0,0.5274781584739685,0.5529783964157104,0.5402282774448395,1
C:\Users\Rohith Syam\Documents\UTS SEMESTER 3\image processing\idea 2\data\processed\genimage_adm\real\ILSVRC2012_val_00043669.jpg,0,0.1780104041099548,0.173714131116867,0.1758622676134109,0
C:\Users\Rohith Syam\Documents\UTS SEMESTER 3\image processing\idea 2\data\processed\genimage_adm\fake\339_adm_91.jpg,1,0.7315913438796997,0.674869179725647,0.7032302618026733,1
C:\Users\Rohith Syam\Documents\UTS SEMESTER 3\image processing\idea 2\data\processed\genimage_adm\fake\352_adm_85.jpg,1,0.6468410491943359,0.6639323830604553,0.6553867161273956,1
C:\Users\Rohith Syam\Documents\UTS SEMESTER 3\image processing\idea 2\data\processed\genimage_adm\fake\172_adm_7.jpg,1,0.478234052658081,0.5791217684745789,0.52867791056633,1
C:\Users\Rohith Syam\Documents\UTS SEMESTER 3\image processing\idea 2\data\processed\genimage_adm\fake\294_adm_174.jpg,1,0.7518362998962402,0.5472866892814636,0.6495614945888519,1
C:\Users\Rohith Syam\Documents\UTS SEMESTER 3\image processing\idea 2\data\processed\genimage_adm\fake\277_adm_85.jpg,1,0.5186946392059326,0.5462551712989807,0.5324749052524567,1
C:\Users\Rohith Syam\Documents\UTS SEMESTER 3\image processing\idea 2\data\processed\genimage_adm\fake\122_adm_153.jpg,1,0.8689115643501282,0.4354641139507293,0.6521878391504288,1
C:\Users\Rohith Syam\Documents\UTS SEMESTER 3\image processing\idea 2\data\processed\genimage_adm\fake\221_adm_153.jpg,1,0.6057576537132263,0.6183474659919739,0.6120525598526001,1
C:\Users\Rohith Syam\Documents\UTS SEMESTER 3\image processing\idea 2\data\processed\genimage_adm\fake\299_adm_153.jpg,1,0.7326199412345886,0.5438981056213379,0.6382590234279633,1
C:\Users\Rohith Syam\Documents\UTS SEMESTER 3\image processing\idea 2\data\processed\genimage_adm\fake\209_adm_7.jpg,1,0.8112000226974487,0.5139572024345398,0.6625786125659943,1
C:\Users\Rohith Syam\Documents\UTS SEMESTER 3\image processing\idea 2\data\processed\genimage_adm\fake\215_adm_153.jpg,1,0.5872231125831604,0.523879885673523,0.5555514991283417,1
C:\Users\Rohith Syam\Documents\UTS SEMESTER 3\image processing\idea 2\data\processed\genimage_adm\fake\172_adm_91.jpg,1,0.8063433766365051,0.5536202192306519,0.6799817979335785,1
C:\Users\Rohith Syam\Documents\UTS SEMESTER 3\image processing\idea 2\data\processed\genimage_adm\fake\120_adm_91.jpg,1,0.8003907203674316,0.6029427647590637,0.7016667425632477,1
C:\Users\Rohith Syam\Documents\UTS SEMESTER 3\image processing\idea 2\data\processed\genimage_adm\fake\287_adm_153.jpg,1,0.7854219675064087,0.4507144391536712,0.61806820333004,1
C:\Users\Rohith Syam\Documents\UTS SEMESTER 3\image processing\idea 2\data\processed\genimage_adm\fake\151_adm_7.jpg,1,0.6958191990852356,0.6191933751106262,0.6575062870979309,1
C:\Users\Rohith Syam\Documents\UTS SEMESTER 3\image processing\idea 2\data\processed\genimage_adm\fake\164_adm_7.jpg,1,0.493385761976242,0.4187408983707428,0.45606333017349243,0
C:\Users\Rohith Syam\Documents\UTS SEMESTER 3\image processing\idea 2\data\processed\genimage_adm\fake\201_adm_174.jpg,1,0.6796117424964905,0.252259224653244,0.46593548357486725,0
C:\Users\Rohith Syam\Documents\UTS SEMESTER 3\image processing\idea 2\data\processed\genimage_adm\fake\169_adm_174.jpg,1,0.6524505019187927,0.5195797681808472,0.58601513504982,1
C:\Users\Rohith Syam\Documents\UTS SEMESTER 3\image processing\idea 2\data\processed\genimage_adm\fake\0_adm_7.jpg,1,0.9348799586296082,0.6280636191368103,0.7814717888832092,1
C:\Users\Rohith Syam\Documents\UTS SEMESTER 3\image processing\idea 2\data\processed\genimage_adm\fake\209_adm_174.jpg,1,0.2589747011661529,0.568359375,0.4136670380830765,0
C:\Users\Rohith Syam\Documents\UTS SEMESTER 3\image processing\idea 2\data\processed\genimage_adm\fake\133_adm_34.jpg,1,0.59040766954422,0.4093949496746063,0.49990130960941315,0
C:\Users\Rohith Syam\Documents\UTS SEMESTER 3\image processing\idea 2\data\processed\genimage_adm\fake\242_adm_174.jpg,1,0.4179601073265075,0.4474283158779144,0.43269421160221094,0
C:\Users\Rohith Syam\Documents\UTS SEMESTER 3\image processing\idea 2\data\processed\genimage_adm\fake\0_adm_34.jpg,1,0.902894139289856,0.6169062256813049,0.7599001824855804,1
C:\Users\Rohith Syam\Documents\UTS SEMESTER 3\image processing\idea 2\data\processed\genimage_adm\fake\162_adm_91.jpg,1,0.617557942867279,0.5126107931137085,0.5650843679904938,1
C:\Users\Rohith Syam\Documents\UTS SEMESTER 3\image processing\idea 2\data\processed\genimage_adm\fake\242_adm_7.jpg,1,0.6937304139137268,0.6431063413619995,0.6684183776378632,1
C:\Users\Rohith Syam\Documents\UTS SEMESTER 3\image processing\idea 2\data\processed\genimage_adm\fake\101_adm_153.jpg,1,0.9103782773017884,0.5591351985931396,0.734756737947464,1
C:\Users\Rohith Syam\Documents\UTS SEMESTER 3\image processing\idea 2\data\processed\genimage_adm\fake\221_adm_85.jpg,1,0.6266263127326965,0.4989887773990631,0.5628075450658798,1
C:\Users\Rohith Syam\Documents\UTS SEMESTER 3\image processing\idea 2\data\processed\genimage_adm\fake\220_adm_7.jpg,1,0.6449385285377502,0.5829530954360962,0.6139458119869232,1
C:\Users\Rohith Syam\Documents\UTS SEMESTER 3\image processing\idea 2\data\processed\genimage_adm\fake\292_adm_153.jpg,1,0.3609145283699035,0.5086438655853271,0.43477919697761536,0
C:\Users\Rohith Syam\Documents\UTS SEMESTER 3\image processing\idea 2\data\processed\genimage_adm\fake\201_adm_85.jpg,1,0.5508590936660767,0.6335555911064148,0.5922073423862457,1
C:\Users\Rohith Syam\Documents\UTS SEMESTER 3\image processing\idea 2\data\processed\genimage_adm\fake\32_adm_153.jpg,1,0.6964276432991028,0.6106975078582764,0.6535625755786896,1
C:\Users\Rohith Syam\Documents\UTS SEMESTER 3\image processing\idea 2\data\processed\genimage_adm\fake\238_adm_153.jpg,1,0.7063345909118652,0.564954400062561,0.6356444954872131,1
C:\Users\Rohith Syam\Documents\UTS SEMESTER 3\image processing\idea 2\data\processed\genimage_adm\fake\122_adm_85.jpg,1,0.5192984938621521,0.6875723600387573,0.6034354269504547,1
C:\Users\Rohith Syam\Documents\UTS SEMESTER 3\image processing\idea 2\data\processed\genimage_adm\fake\158_adm_174.jpg,1,0.6582210063934326,0.4874733984470367,0.5728472024202347,1
C:\Users\Rohith Syam\Documents\UTS SEMESTER 3\image processing\idea 2\data\processed\genimage_adm\fake\27_adm_153.jpg,1,0.5278950333595276,0.536760151386261,0.5323275923728943,1
C:\Users\Rohith Syam\Documents\UTS SEMESTER 3\image processing\idea 2\data\processed\genimage_adm\fake\177_adm_7.jpg,1,0.685217559337616,0.5976842045783997,0.6414508819580078,1
C:\Users\Rohith Syam\Documents\UTS SEMESTER 3\image processing\idea 2\data\processed\genimage_adm\fake\299_adm_85.jpg,1,0.7890394926071167,0.3343075513839721,0.5616735219955444,1
C:\Users\Rohith Syam\Documents\UTS SEMESTER 3\image processing\idea 2\data\processed\genimage_adm\fake\175_adm_153.jpg,1,0.480804294347763,0.590760350227356,0.5357823222875595,1
C:\Users\Rohith Syam\Documents\UTS SEMESTER 3\image processing\idea 2\data\processed\genimage_adm\fake\171_adm_7.jpg,1,0.6443395614624023,0.5860204696655273,0.6151800155639648,1
C:\Users\Rohith Syam\Documents\UTS SEMESTER 3\image processing\idea 2\data\processed\genimage_adm\fake\231_adm_174.jpg,1,0.8013766407966614,0.4617511332035064,0.6315638870000839,1
C:\Users\Rohith Syam\Documents\UTS SEMESTER 3\image processing\idea 2\data\processed\genimage_adm\fake\332_adm_34.jpg,1,0.7341046333312988,0.6091580390930176,0.6716313362121582,1
C:\Users\Rohith Syam\Documents\UTS SEMESTER 3\image processing\idea 2\data\processed\genimage_adm\fake\125_adm_174.jpg,1,0.5171077847480774,0.5751633644104004,0.5461355745792389,1
C:\Users\Rohith Syam\Documents\UTS SEMESTER 3\image processing\idea 2\data\processed\genimage_adm\fake\171_adm_174.jpg,1,0.7628684043884277,0.3830164074897766,0.5729424059391022,1
C:\Users\Rohith Syam\Documents\UTS SEMESTER 3\image processing\idea 2\data\processed\genimage_adm\fake\170_adm_91.jpg,1,0.6497917771339417,0.5901309847831726,0.6199613809585571,1
C:\Users\Rohith Syam\Documents\UTS SEMESTER 3\image processing\idea 2\data\processed\genimage_adm\fake\213_adm_85.jpg,1,0.9967383742332458,0.5850091576576233,0.7908737659454346,1
C:\Users\Rohith Syam\Documents\UTS SEMESTER 3\image processing\idea 2\data\processed\genimage_adm\fake\221_adm_91.jpg,1,0.636236310005188,0.4866898655891418,0.5614630877971649,1
C:\Users\Rohith Syam\Documents\UTS SEMESTER 3\image processing\idea 2\data\processed\genimage_adm\fake\345_adm_153.jpg,1,0.98766428232193,0.5020120739936829,0.7448381781578064,1
C:\Users\Rohith Syam\Documents\UTS SEMESTER 3\image processing\idea 2\data\processed\genimage_adm\fake\192_adm_85.jpg,1,0.7506766319274902,0.4658927023410797,0.608284667134285,1
C:\Users\Rohith Syam\Documents\UTS SEMESTER 3\image processing\idea 2\data\processed\genimage_adm\fake\262_adm_91.jpg,1,0.4946908354759216,0.4697394967079162,0.4822151660919189,0
C:\Users\Rohith Syam\Documents\UTS SEMESTER 3\image processing\idea 2\data\processed\genimage_adm\fake\209_adm_85.jpg,1,0.3531564772129059,0.2812807857990265,0.3172186315059662,0
C:\Users\Rohith Syam\Documents\UTS SEMESTER 3\image processing\idea 2\data\processed\genimage_adm\fake\28_adm_91.jpg,1,0.7296852469444275,0.6731951832771301,0.7014402151107788,1
C:\Users\Rohith Syam\Documents\UTS SEMESTER 3\image processing\idea 2\data\processed\genimage_adm\fake\193_adm_91.jpg,1,0.8605688810348511,0.4793325364589691,0.6699507087469101,1
C:\Users\Rohith Syam\Documents\UTS SEMESTER 3\image processing\idea 2\data\processed\genimage_adm\fake\17_adm_174.jpg,1,0.6928827166557312,0.6224822402000427,0.657682478427887,1
C:\Users\Rohith Syam\Documents\UTS SEMESTER 3\image processing\idea 2\data\processed\genimage_adm\fake\351_adm_91.jpg,1,0.8711494207382202,0.4187510907649994,0.6449502557516098,1
C:\Users\Rohith Syam\Documents\UTS SEMESTER 3\image processing\idea 2\data\processed\genimage_adm\fake\213_adm_34.jpg,1,0.6829375624656677,0.53780597448349,0.6103717684745789,1
C:\Users\Rohith Syam\Documents\UTS SEMESTER 3\image processing\idea 2\data\processed\genimage_adm\fake\191_adm_85.jpg,1,0.5848572850227356,0.5613099932670593,0.5730836391448975,1
C:\Users\Rohith Syam\Documents\UTS SEMESTER 3\image processing\idea 2\data\processed\genimage_adm\fake\214_adm_174.jpg,1,0.6433535814285278,0.6038782000541687,0.6236158907413483,1
C:\Users\Rohith Syam\Documents\UTS SEMESTER 3\image processing\idea 2\data\processed\genimage_adm\fake\211_adm_7.jpg,1,0.7813037037849426,0.6144382953643799,0.6978709995746613,1
C:\Users\Rohith Syam\Documents\UTS SEMESTER 3\image processing\idea 2\data\processed\genimage_adm\fake\239_adm_7.jpg,1,0.8927746415138245,0.5703475475311279,0.7315610945224762,1
C:\Users\Rohith Syam\Documents\UTS SEMESTER 3\image processing\idea 2\data\processed\genimage_adm\fake\105_adm_34.jpg,1,0.6606753468513489,0.56854248046875,0.6146089136600494,1
C:\Users\Rohith Syam\Documents\UTS SEMESTER 3\image processing\idea 2\data\processed\genimage_adm\fake\212_adm_91.jpg,1,0.7129161953926086,0.5138024687767029,0.6133593320846558,1
C:\Users\Rohith Syam\Documents\UTS SEMESTER 3\image processing\idea 2\data\processed\genimage_adm\fake\105_adm_85.jpg,1,0.7164775133132935,0.3976064920425415,0.5570420026779175,1
C:\Users\Rohith Syam\Documents\UTS SEMESTER 3\image processing\idea 2\data\processed\genimage_adm\fake\184_adm_174.jpg,1,0.8256814479827881,0.4838562607765198,0.6547688543796539,1
C:\Users\Rohith Syam\Documents\UTS SEMESTER 3\image processing\idea 2\data\processed\genimage_adm\fake\244_adm_7.jpg,1,0.5658686757087708,0.5043359994888306,0.5351023375988007,1
C:\Users\Rohith Syam\Documents\UTS SEMESTER 3\image processing\idea 2\data\processed\genimage_adm\fake\267_adm_34.jpg,1,0.8541443347930908,0.6072689294815063,0.7307066321372986,1
C:\Users\Rohith Syam\Documents\UTS SEMESTER 3\image processing\idea 2\data\processed\genimage_adm\fake\271_adm_91.jpg,1,0.8021412491798401,0.55641770362854,0.6792794764041901,1
C:\Users\Rohith Syam\Documents\UTS SEMESTER 3\image processing\idea 2\data\processed\genimage_adm\fake\237_adm_34.jpg,1,0.8193838596343994,0.5787767171859741,0.6990802884101868,1
C:\Users\Rohith Syam\Documents\UTS SEMESTER 3\image processing\idea 2\data\processed\genimage_adm\fake\292_adm_34.jpg,1,0.5088998675346375,0.4768352508544922,0.4928675591945648,0
C:\Users\Rohith Syam\Documents\UTS SEMESTER 3\image processing\idea 2\data\processed\genimage_adm\fake\178_adm_91.jpg,1,0.4235672950744629,0.4841834604740143,0.4538753777742386,0
C:\Users\Rohith Syam\Documents\UTS SEMESTER 3\image processing\idea 2\data\processed\genimage_adm\fake\351_adm_153.jpg,1,0.8613625168800354,0.5804051756858826,0.720883846282959,1
C:\Users\Rohith Syam\Documents\UTS SEMESTER 3\image processing\idea 2\data\processed\genimage_adm\fake\154_adm_34.jpg,1,0.7396190762519836,0.5450291037559509,0.6423240900039673,1
C:\Users\Rohith Syam\Documents\UTS SEMESTER 3\image processing\idea 2\data\processed\genimage_adm\fake\262_adm_85.jpg,1,0.5678462982177734,0.4763180017471313,0.5220821499824524,1
C:\Users\Rohith Syam\Documents\UTS SEMESTER 3\image processing\idea 2\data\processed\genimage_adm\fake\0_adm_153.jpg,1,0.997214138507843,0.3673179745674133,0.6822660565376282,1
C:\Users\Rohith Syam\Documents\UTS SEMESTER 3\image processing\idea 2\data\processed\genimage_adm\fake\193_adm_85.jpg,1,0.61790531873703,0.5795817375183105,0.5987435281276703,1
C:\Users\Rohith Syam\Documents\UTS SEMESTER 3\image processing\idea 2\data\processed\genimage_adm\fake\101_adm_7.jpg,1,0.7735360860824585,0.5641977787017822,0.6688669323921204,1
C:\Users\Rohith Syam\Documents\UTS SEMESTER 3\image processing\idea 2\data\processed\genimage_adm\fake\237_adm_174.jpg,1,0.5543376207351685,0.6055642366409302,0.5799509286880493,1
C:\Users\Rohith Syam\Documents\UTS SEMESTER 3\image processing\idea 2\data\processed\genimage_adm\fake\221_adm_34.jpg,1,0.6767035722732544,0.4792695939540863,0.5779865831136703,1
C:\Users\Rohith Syam\Documents\UTS SEMESTER 3\image processing\idea 2\data\processed\genimage_adm\fake\168_adm_174.jpg,1,0.5676715970039368,0.6696178317070007,0.6186447143554688,1
C:\Users\Rohith Syam\Documents\UTS SEMESTER 3\image processing\idea 2\data\processed\genimage_adm\fake\222_adm_91.jpg,1,0.6289122104644775,0.4282814264297485,0.528596818447113,1
C:\Users\Rohith Syam\Documents\UTS SEMESTER 3\image processing\idea 2\data\processed\genimage_adm\fake\204_adm_91.jpg,1,0.3256362378597259,0.6603889465332031,0.49301259219646454,0
C:\Users\Rohith Syam\Documents\UTS SEMESTER 3\image processing\idea 2\data\processed\genimage_adm\fake\206_adm_91.jpg,1,0.6436098217964172,0.5302428007125854,0.5869263112545013,1
C:\Users\Rohith Syam\Documents\UTS SEMESTER 3\image processing\idea 2\data\processed\genimage_adm\fake\216_adm_153.jpg,1,0.3608952164649963,0.6064420342445374,0.48366862535476685,0
C:\Users\Rohith Syam\Documents\UTS SEMESTER 3\image processing\idea 2\data\processed\genimage_adm\fake\261_adm_153.jpg,1,0.501585841178894,0.5620405673980713,0.5318132042884827,1
C:\Users\Rohith Syam\Documents\UTS SEMESTER 3\image processing\idea 2\data\processed\genimage_adm\fake\121_adm_91.jpg,1,0.7621597647666931,0.4082573652267456,0.5852085649967194,1
C:\Users\Rohith Syam\Documents\UTS SEMESTER 3\image processing\idea 2\data\processed\genimage_adm\fake\164_adm_85.jpg,1,0.4071864783763885,0.3332558572292328,0.37022116780281067,0
C:\Users\Rohith Syam\Documents\UTS SEMESTER 3\image processing\idea 2\data\processed\genimage_adm\fake\179_adm_85.jpg,1,0.7275082468986511,0.3914639055728912,0.5594860762357712,1
C:\Users\Rohith Syam\Documents\UTS SEMESTER 3\image processing\idea 2\data\processed\genimage_adm\fake\240_adm_7.jpg,1,0.6660088896751404,0.6185068488121033,0.6422578692436218,1
C:\Users\Rohith Syam\Documents\UTS SEMESTER 3\image processing\idea 2\data\processed\genimage_adm\fake\240_adm_174.jpg,1,0.3942558765411377,0.4914968013763428,0.44287633895874023,0
C:\Users\Rohith Syam\Documents\UTS SEMESTER 3\image processing\idea 2\data\processed\genimage_adm\fake\226_adm_153.jpg,1,0.976533591747284,0.4028430581092834,0.6896883249282837,1
C:\Users\Rohith Syam\Documents\UTS SEMESTER 3\image processing\idea 2\data\processed\genimage_adm\fake\112_adm_174.jpg,1,0.7236902713775635,0.642663300037384,0.6831767857074738,1
C:\Users\Rohith Syam\Documents\UTS SEMESTER 3\image processing\idea 2\data\processed\genimage_adm\fake\13_adm_153.jpg,1,0.5315147638320923,0.4638899862766266,0.49770237505435944,0
C:\Users\Rohith Syam\Documents\UTS SEMESTER 3\image processing\idea 2\data\processed\genimage_adm\fake\284_adm_91.jpg,1,0.9195877313613892,0.6717308163642883,0.7956592738628387,1
C:\Users\Rohith Syam\Documents\UTS SEMESTER 3\image processing\idea 2\data\processed\genimage_adm\fake\237_adm_7.jpg,1,0.8975235819816589,0.4916037321090698,0.6945636570453644,1
C:\Users\Rohith Syam\Documents\UTS SEMESTER 3\image processing\idea 2\data\processed\genimage_adm\fake\244_adm_91.jpg,1,0.4438695907592773,0.5540973544120789,0.4989834725856781,0
C:\Users\Rohith Syam\Documents\UTS SEMESTER 3\image processing\idea 2\data\processed\genimage_adm\fake\12_adm_91.jpg,1,0.661248505115509,0.6002734303474426,0.6307609677314758,1
C:\Users\Rohith Syam\Documents\UTS SEMESTER 3\image processing\idea 2\data\processed\genimage_adm\fake\221_adm_174.jpg,1,0.7986693382263184,0.4548948109149933,0.6267820745706558,1
C:\Users\Rohith Syam\Documents\UTS SEMESTER 3\image processing\idea 2\data\processed\genimage_adm\fake\255_adm_7.jpg,1,0.5276654362678528,0.6269329190254211,0.577299177646637,1
C:\Users\Rohith Syam\Documents\UTS SEMESTER 3\image processing\idea 2\data\processed\genimage_adm\fake\338_adm_85.jpg,1,0.891013503074646,0.4964320659637451,0.6937227845191956,1
C:\Users\Rohith Syam\Documents\UTS SEMESTER 3\image processing\idea 2\data\processed\genimage_adm\fake\160_adm_91.jpg,1,0.4979689717292785,0.5026439428329468,0.5003064572811127,1
C:\Users\Rohith Syam\Documents\UTS SEMESTER 3\image processing\idea 2\data\processed\genimage_adm\fake\262_adm_7.jpg,1,0.5571144819259644,0.6213698983192444,0.5892421901226044,1
C:\Users\Rohith Syam\Documents\UTS SEMESTER 3\image processing\idea 2\data\processed\genimage_adm\fake\163_adm_91.jpg,1,0.5979373455047607,0.5442354679107666,0.5710864067077637,1
C:\Users\Rohith Syam\Documents\UTS SEMESTER 3\image processing\idea 2\data\processed\genimage_adm\fake\21_adm_7.jpg,1,0.5616632103919983,0.3925628364086151,0.4771130234003067,0
C:\Users\Rohith Syam\Documents\UTS SEMESTER 3\image processing\idea 2\data\processed\genimage_adm\fake\33_adm_85.jpg,1,0.6512311697006226,0.6016508340835571,0.6264410018920898,1
C:\Users\Rohith Syam\Documents\UTS SEMESTER 3\image processing\idea 2\data\processed\genimage_adm\fake\198_adm_174.jpg,1,0.9494172930717468,0.6911175847053528,0.8202674388885498,1
C:\Users\Rohith Syam\Documents\UTS SEMESTER 3\image processing\idea 2\data\processed\genimage_adm\fake\289_adm_85.jpg,1,0.7173080444335938,0.5305151343345642,0.623911589384079,1
C:\Users\Rohith Syam\Documents\UTS SEMESTER 3\image processing\idea 2\data\processed\genimage_adm\fake\178_adm_153.jpg,1,0.3633429408073425,0.5441194772720337,0.4537312090396881,0
C:\Users\Rohith Syam\Documents\UTS SEMESTER 3\image processing\idea 2\data\processed\genimage_adm\fake\159_adm_91.jpg,1,0.566785454750061,0.5497559905052185,0.5582707226276398,1
C:\Users\Rohith Syam\Documents\UTS SEMESTER 3\image processing\idea 2\data\processed\genimage_adm\fake\188_adm_85.jpg,1,0.7880828380584717,0.5432078838348389,0.6656453609466553,1
C:\Users\Rohith Syam\Documents\UTS SEMESTER 3\image processing\idea 2\data\processed\genimage_adm\fake\255_adm_153.jpg,1,0.7943554520606995,0.5670043230056763,0.6806798875331879,1
C:\Users\Rohith Syam\Documents\UTS SEMESTER 3\image processing\idea 2\data\processed\genimage_adm\fake\185_adm_34.jpg,1,0.7762675285339355,0.5790978074073792,0.6776826679706573,1
C:\Users\Rohith Syam\Documents\UTS SEMESTER 3\image processing\idea 2\data\processed\genimage_adm\fake\219_adm_7.jpg,1,0.6503410339355469,0.6051163673400879,0.6277287006378174,1
C:\Users\Rohith Syam\Documents\UTS SEMESTER 3\image processing\idea 2\data\processed\genimage_adm\fake\185_adm_7.jpg,1,0.8068464398384094,0.6139460206031799,0.7103962302207947,1
C:\Users\Rohith Syam\Documents\UTS SEMESTER 3\image processing\idea 2\data\processed\genimage_adm\fake\237_adm_85.jpg,1,0.7569189667701721,0.5073189735412598,0.6321189701557159,1
C:\Users\Rohith Syam\Documents\UTS SEMESTER 3\image processing\idea 2\data\processed\genimage_adm\fake\232_adm_174.jpg,1,0.7265576720237732,0.5283793210983276,0.6274684965610504,1
C:\Users\Rohith Syam\Documents\UTS SEMESTER 3\image processing\idea 2\data\processed\genimage_adm\fake\250_adm_7.jpg,1,0.5667178630828857,0.5011478662490845,0.5339328646659851,1
C:\Users\Rohith Syam\Documents\UTS SEMESTER 3\image processing\idea 2\data\processed\genimage_adm\fake\167_adm_174.jpg,1,0.7650850415229797,0.5486456751823425,0.6568653583526611,1
C:\Users\Rohith Syam\Documents\UTS SEMESTER 3\image processing\idea 2\data\processed\genimage_adm\fake\314_adm_85.jpg,1,0.6558303236961365,0.3650436401367187,0.5104369819164276,1
C:\Users\Rohith Syam\Documents\UTS SEMESTER 3\image processing\idea 2\data\processed\genimage_adm\fake\124_adm_153.jpg,1,0.645171046257019,0.6172533631324768,0.6312122046947479,1
C:\Users\Rohith Syam\Documents\UTS SEMESTER 3\image processing\idea 2\data\processed\genimage_adm\fake\157_adm_91.jpg,1,0.6793145537376404,0.5627526640892029,0.6210336089134216,1
C:\Users\Rohith Syam\Documents\UTS SEMESTER 3\image processing\idea 2\data\processed\genimage_adm\fake\25_adm_153.jpg,1,0.5526463389396667,0.5868147611618042,0.5697305500507355,1
C:\Users\Rohith Syam\Documents\UTS SEMESTER 3\image processing\idea 2\data\processed\genimage_adm\fake\273_adm_34.jpg,1,0.6083961725234985,0.4370308518409729,0.5227135121822357,1
C:\Users\Rohith Syam\Documents\UTS SEMESTER 3\image processing\idea 2\data\processed\genimage_adm\fake\219_adm_34.jpg,1,0.6600410342216492,0.5569273233413696,0.6084841787815094,1
C:\Users\Rohith Syam\Documents\UTS SEMESTER 3\image processing\idea 2\data\processed\genimage_adm\fake\354_adm_153.jpg,1,0.7820154428482056,0.5429434180259705,0.662479430437088,1
C:\Users\Rohith Syam\Documents\UTS SEMESTER 3\image processing\idea 2\data\processed\genimage_adm\fake\238_adm_85.jpg,1,0.9921807050704956,0.5792543292045593,0.7857175171375275,1
C:\Users\Rohith Syam\Documents\UTS SEMESTER 3\image processing\idea 2\data\processed\genimage_adm\fake\263_adm_91.jpg,1,0.6727176904678345,0.5084486603736877,0.5905831754207611,1
C:\Users\Rohith Syam\Documents\UTS SEMESTER 3\image processing\idea 2\data\processed\genimage_adm\fake\121_adm_34.jpg,1,0.3776304721832275,0.6245710253715515,0.5011007487773895,1
C:\Users\Rohith Syam\Documents\UTS SEMESTER 3\image processing\idea 2\data\processed\genimage_adm\fake\218_adm_174.jpg,1,0.6761254668235779,0.5621306896209717,0.6191280782222748,1
C:\Users\Rohith Syam\Documents\UTS SEMESTER 3\image processing\idea 2\data\processed\genimage_adm\fake\253_adm_91.jpg,1,0.6383203268051147,0.6402406096458435,0.6392804682254791,1
C:\Users\Rohith Syam\Documents\UTS SEMESTER 3\image processing\idea 2\data\processed\genimage_adm\fake\224_adm_91.jpg,1,0.3938273191452026,0.5089393258094788,0.4513833224773407,0
C:\Users\Rohith Syam\Documents\UTS SEMESTER 3\image processing\idea 2\data\processed\genimage_adm\fake\272_adm_174.jpg,1,0.7048422694206238,0.4863801300525665,0.5956111997365952,1
C:\Users\Rohith Syam\Documents\UTS SEMESTER 3\image processing\idea 2\data\processed\genimage_adm\fake\13_adm_174.jpg,1,0.9422128796577454,0.499248206615448,0.7207305431365967,1
C:\Users\Rohith Syam\Documents\UTS SEMESTER 3\image processing\idea 2\data\processed\genimage_adm\fake\229_adm_91.jpg,1,0.2822628021240234,0.5491079688072205,0.41568538546562195,0
