image_path,label,video_id,method,dataset,prob_fake,prediction
C:\Users\Rohith Syam\Documents\UTS SEMESTER 3\image processing\idea 2\data\processed\faceforensics\Deepfakes\599_585\000000.jpg,1,599,Deepfakes,faceforensics,0.5234473347663879,1
C:\Users\Rohith Syam\Documents\UTS SEMESTER 3\image processing\idea 2\data\processed\faceforensics\Deepfakes\599_585\000001.jpg,1,599,Deepfakes,faceforensics,0.5217410922050476,1
C:\Users\Rohith Syam\Documents\UTS SEMESTER 3\image processing\idea 2\data\processed\faceforensics\Deepfakes\599_585\000002.jpg,1,599,Deepfakes,faceforensics,0.5207021236419678,1
C:\Users\Rohith Syam\Documents\UTS SEMESTER 3\image processing\idea 2\data\processed\faceforensics\Deepfakes\599_585\000003.jpg,1,599,Deepfakes,faceforensics,0.5245316028594971,1
C:\Users\Rohith Syam\Documents\UTS SEMESTER 3\image processing\idea 2\data\processed\faceforensics\Deepfakes\599_585\000004.jpg,1,599,Deepfakes,faceforensics,0.5237540602684021,1
C:\Users\Rohith Syam\Documents\UTS SEMESTER 3\image processing\idea 2\data\processed\faceforensics\Deepfakes\599_585\000005.jpg,1,599,Deepfakes,faceforensics,0.5206387639045715,1
C:\Users\Rohith Syam\Documents\UTS SEMESTER 3\image processing\idea 2\data\processed\faceforensics\Deepfakes\599_585\000006.jpg,1,599,Deepfakes,faceforensics,0.5193651914596558,1
C:\Users\Rohith Syam\Documents\UTS SEMESTER 3\image processing\idea 2\data\processed\faceforensics\Deepfakes\599_585\000007.jpg,1,599,Deepfakes,faceforensics,0.5193345546722412,1
C:\Users\Rohith Syam\Documents\UTS SEMESTER 3\image processing\idea 2\data\processed\faceforensics\Deepfakes\599_585\000008.jpg,1,599,Deepfakes,faceforensics,0.518760085105896,1
C:\Users\Rohith Syam\Documents\UTS SEMESTER 3\image processing\idea 2\data\processed\faceforensics\Deepfakes\599_585\000009.jpg,1,599,Deepfakes,faceforensics,0.5215348601341248,1
C:\Users\Rohith Syam\Documents\UTS SEMESTER 3\image processing\idea 2\data\processed\faceforensics\Deepfakes\599_585\000010.jpg,1,599,Deepfakes,faceforensics,0.5276310443878174,1
C:\Users\Rohith Syam\Documents\UTS SEMESTER 3\image processing\idea 2\data\processed\faceforensics\Deepfakes\599_585\000011.jpg,1,599,Deepfakes,faceforensics,0.5217390060424805,1
C:\Users\Rohith Syam\Documents\UTS SEMESTER 3\image processing\idea 2\data\processed\faceforensics\Deepfakes\599_585\000012.jpg,1,599,Deepfakes,faceforensics,0.5204865336418152,1
C:\Users\Rohith Syam\Documents\UTS SEMESTER 3\image processing\idea 2\data\processed\faceforensics\Deepfakes\599_585\000013.jpg,1,599,Deepfakes,faceforensics,0.5208372473716736,1
C:\Users\Rohith Syam\Documents\UTS SEMESTER 3\image processing\idea 2\data\processed\faceforensics\Deepfakes\599_585\000014.jpg,1,599,Deepfakes,faceforensics,0.5253153443336487,1
C:\Users\Rohith Syam\Documents\UTS SEMESTER 3\image processing\idea 2\data\processed\faceforensics\Deepfakes\599_585\000015.jpg,1,599,Deepfakes,faceforensics,0.5218165516853333,1
C:\Users\Rohith Syam\Documents\UTS SEMESTER 3\image processing\idea 2\data\processed\faceforensics\Deepfakes\599_585\000016.jpg,1,599,Deepfakes,faceforensics,0.5241004228591919,1
C:\Users\Rohith Syam\Documents\UTS SEMESTER 3\image processing\idea 2\data\processed\faceforensics\Deepfakes\599_585\000017.jpg,1,599,Deepfakes,faceforensics,0.5273627638816833,1
C:\Users\Rohith Syam\Documents\UTS SEMESTER 3\image processing\idea 2\data\processed\faceforensics\Deepfakes\599_585\000018.jpg,1,599,Deepfakes,faceforensics,0.5255573987960815,1
C:\Users\Rohith Syam\Documents\UTS SEMESTER 3\image processing\idea 2\data\processed\faceforensics\Deepfakes\599_585\000019.jpg,1,599,Deepfakes,faceforensics,0.5240311622619629,1
C:\Users\Rohith Syam\Documents\UTS SEMESTER 3\image processing\idea 2\data\processed\faceforensics\Deepfakes\599_585\000020.jpg,1,599,Deepfakes,faceforensics,0.5201890468597412,1
C:\Users\Rohith Syam\Documents\UTS SEMESTER 3\image processing\idea 2\data\processed\faceforensics\Deepfakes\599_585\000021.jpg,1,599,Deepfakes,faceforensics,0.5233314037322998,1
C:\Users\Rohith Syam\Documents\UTS SEMESTER 3\image processing\idea 2\data\processed\faceforensics\Deepfakes\599_585\000022.jpg,1,599,Deepfakes,faceforensics,0.5223379135131836,1
C:\Users\Rohith Syam\Documents\UTS SEMESTER 3\image processing\idea 2\data\processed\faceforensics\Deepfakes\599_585\000023.jpg,1,599,Deepfakes,faceforensics,0.5267089605331421,1
C:\Users\Rohith Syam\Documents\UTS SEMESTER 3\image processing\idea 2\data\processed\faceforensics\Deepfakes\599_585\000024.jpg,1,599,Deepfakes,faceforensics,0.5236576199531555,1
C:\Users\Rohith Syam\Documents\UTS SEMESTER 3\image processing\idea 2\data\processed\faceforensics\Deepfakes\599_585\000025.jpg,1,599,Deepfakes,faceforensics,0.5224133729934692,1
C:\Users\Rohith Syam\Documents\UTS SEMESTER 3\image processing\idea 2\data\processed\faceforensics\Deepfakes\599_585\000026.jpg,1,599,Deepfakes,faceforensics,0.5271516442298889,1
C:\Users\Rohith Syam\Documents\UTS SEMESTER 3\image processing\idea 2\data\processed\faceforensics\Deepfakes\599_585\000027.jpg,1,599,Deepfakes,faceforensics,0.5248465538024902,1
C:\Users\Rohith Syam\Documents\UTS SEMESTER 3\image processing\idea 2\data\processed\faceforensics\Deepfakes\599_585\000028.jpg,1,599,Deepfakes,faceforensics,0.524182915687561,1
C:\Users\Rohith Syam\Documents\UTS SEMESTER 3\image processing\idea 2\data\processed\faceforensics\Deepfakes\599_585\000029.jpg,1,599,Deepfakes,faceforensics,0.5265851020812988,1
C:\Users\Rohith Syam\Documents\UTS SEMESTER 3\image processing\idea 2\data\processed\faceforensics\Deepfakes\866_878\000000.jpg,1,866,Deepfakes,faceforensics,0.52619469165802,1
C:\Users\Rohith Syam\Documents\UTS SEMESTER 3\image processing\idea 2\data\processed\faceforensics\Deepfakes\866_878\000001.jpg,1,866,Deepfakes,faceforensics,0.5233007073402405,1
C:\Users\Rohith Syam\Documents\UTS SEMESTER 3\image processing\idea 2\data\processed\faceforensics\Deepfakes\866_878\000002.jpg,1,866,Deepfakes,faceforensics,0.5224363803863525,1
C:\Users\Rohith Syam\Documents\UTS SEMESTER 3\image processing\idea 2\data\processed\faceforensics\Deepfakes\866_878\000003.jpg,1,866,Deepfakes,faceforensics,0.524933397769928,1
C:\Users\Rohith Syam\Documents\UTS SEMESTER 3\image processing\idea 2\data\processed\faceforensics\Deepfakes\866_878\000004.jpg,1,866,Deepfakes,faceforensics,0.5221160650253296,1
C:\Users\Rohith Syam\Documents\UTS SEMESTER 3\image processing\idea 2\data\processed\faceforensics\Deepfakes\866_878\000005.jpg,1,866,Deepfakes,faceforensics,0.5240718722343445,1
C:\Users\Rohith Syam\Documents\UTS SEMESTER 3\image processing\idea 2\data\processed\faceforensics\Deepfakes\866_878\000006.jpg,1,866,Deepfakes,faceforensics,0.5230239033699036,1
C:\Users\Rohith Syam\Documents\UTS SEMESTER 3\image processing\idea 2\data\processed\faceforensics\Deepfakes\866_878\000007.jpg,1,866,Deepfakes,faceforensics,0.5322350263595581,1
C:\Users\Rohith Syam\Documents\UTS SEMESTER 3\image processing\idea 2\data\processed\faceforensics\Deepfakes\866_878\000008.jpg,1,866,Deepfakes,faceforensics,0.5336471796035767,1
C:\Users\Rohith Syam\Documents\UTS SEMESTER 3\image processing\idea 2\data\processed\faceforensics\Deepfakes\866_878\000009.jpg,1,866,Deepfakes,faceforensics,0.5225776433944702,1
C:\Users\Rohith Syam\Documents\UTS SEMESTER 3\image processing\idea 2\data\processed\faceforensics\Deepfakes\866_878\000010.jpg,1,866,Deepfakes,faceforensics,0.5197158455848694,1
C:\Users\Rohith Syam\Documents\UTS SEMESTER 3\image processing\idea 2\data\processed\faceforensics\Deepfakes\866_878\000011.jpg,1,866,Deepfakes,faceforensics,0.5319983959197998,1
C:\Users\Rohith Syam\Documents\UTS SEMESTER 3\image processing\idea 2\data\processed\faceforensics\Deepfakes\866_878\000012.jpg,1,866,Deepfakes,faceforensics,0.5188112258911133,1
C:\Users\Rohith Syam\Documents\UTS SEMESTER 3\image processing\idea 2\data\processed\faceforensics\Deepfakes\866_878\000013.jpg,1,866,Deepfakes,faceforensics,0.5273972153663635,1
C:\Users\Rohith Syam\Documents\UTS SEMESTER 3\image processing\idea 2\data\processed\faceforensics\Deepfakes\866_878\000014.jpg,1,866,Deepfakes,faceforensics,0.5224801898002625,1
C:\Users\Rohith Syam\Documents\UTS SEMESTER 3\image processing\idea 2\data\processed\faceforensics\Deepfakes\866_878\000015.jpg,1,866,Deepfakes,faceforensics,0.5242661833763123,1
C:\Users\Rohith Syam\Documents\UTS SEMESTER 3\image processing\idea 2\data\processed\faceforensics\Deepfakes\866_878\000016.jpg,1,866,Deepfakes,faceforensics,0.5225001573562622,1
C:\Users\Rohith Syam\Documents\UTS SEMESTER 3\image processing\idea 2\data\processed\faceforensics\Deepfakes\866_878\000017.jpg,1,866,Deepfakes,faceforensics,0.5279783606529236,1
C:\Users\Rohith Syam\Documents\UTS SEMESTER 3\image processing\idea 2\data\processed\faceforensics\Deepfakes\866_878\000018.jpg,1,866,Deepfakes,faceforensics,0.5245505571365356,1
C:\Users\Rohith Syam\Documents\UTS SEMESTER 3\image processing\idea 2\data\processed\faceforensics\Deepfakes\866_878\000019.jpg,1,866,Deepfakes,faceforensics,0.5201892852783203,1
C:\Users\Rohith Syam\Documents\UTS SEMESTER 3\image processing\idea 2\data\processed\faceforensics\Deepfakes\866_878\000020.jpg,1,866,Deepfakes,faceforensics,0.5260285139083862,1
C:\Users\Rohith Syam\Documents\UTS SEMESTER 3\image processing\idea 2\data\processed\faceforensics\Deepfakes\866_878\000021.jpg,1,866,Deepfakes,faceforensics,0.5308523178100586,1
C:\Users\Rohith Syam\Documents\UTS SEMESTER 3\image processing\idea 2\data\processed\faceforensics\Deepfakes\866_878\000022.jpg,1,866,Deepfakes,faceforensics,0.5308732986450195,1
C:\Users\Rohith Syam\Documents\UTS SEMESTER 3\image processing\idea 2\data\processed\faceforensics\Deepfakes\866_878\000023.jpg,1,866,Deepfakes,faceforensics,0.5217180252075195,1
C:\Users\Rohith Syam\Documents\UTS SEMESTER 3\image processing\idea 2\data\processed\faceforensics\Deepfakes\866_878\000024.jpg,1,866,Deepfakes,faceforensics,0.517095148563385,1
C:\Users\Rohith Syam\Documents\UTS SEMESTER 3\image processing\idea 2\data\processed\faceforensics\Deepfakes\866_878\000025.jpg,1,866,Deepfakes,faceforensics,0.5054258108139038,1
C:\Users\Rohith Syam\Documents\UTS SEMESTER 3\image processing\idea 2\data\processed\faceforensics\Deepfakes\866_878\000026.jpg,1,866,Deepfakes,faceforensics,0.5235662460327148,1
C:\Users\Rohith Syam\Documents\UTS SEMESTER 3\image processing\idea 2\data\processed\faceforensics\Deepfakes\866_878\000027.jpg,1,866,Deepfakes,faceforensics,0.5243747234344482,1
C:\Users\Rohith Syam\Documents\UTS SEMESTER 3\image processing\idea 2\data\processed\faceforensics\Deepfakes\866_878\000028.jpg,1,866,Deepfakes,faceforensics,0.5243449211120605,1
C:\Users\Rohith Syam\Documents\UTS SEMESTER 3\image processing\idea 2\data\processed\faceforensics\Deepfakes\866_878\000029.jpg,1,866,Deepfakes,faceforensics,0.528464138507843,1
C:\Users\Rohith Syam\Documents\UTS SEMESTER 3\image processing\idea 2\data\processed\faceforensics\Face2Face\599_585\000000.jpg,1,599,Face2Face,faceforensics,0.5239631533622742,1
C:\Users\Rohith Syam\Documents\UTS SEMESTER 3\image processing\idea 2\data\processed\faceforensics\Face2Face\599_585\000001.jpg,1,599,Face2Face,faceforensics,0.5222882628440857,1
C:\Users\Rohith Syam\Documents\UTS SEMESTER 3\image processing\idea 2\data\processed\faceforensics\Face2Face\599_585\000002.jpg,1,599,Face2Face,faceforensics,0.5231496691703796,1
C:\Users\Rohith Syam\Documents\UTS SEMESTER 3\image processing\idea 2\data\processed\faceforensics\Face2Face\599_585\000003.jpg,1,599,Face2Face,faceforensics,0.5249959230422974,1
C:\Users\Rohith Syam\Documents\UTS SEMESTER 3\image processing\idea 2\data\processed\faceforensics\Face2Face\599_585\000004.jpg,1,599,Face2Face,faceforensics,0.5262653827667236,1
C:\Users\Rohith Syam\Documents\UTS SEMESTER 3\image processing\idea 2\data\processed\faceforensics\Face2Face\599_585\000005.jpg,1,599,Face2Face,faceforensics,0.5249756574630737,1
C:\Users\Rohith Syam\Documents\UTS SEMESTER 3\image processing\idea 2\data\processed\faceforensics\Face2Face\599_585\000006.jpg,1,599,Face2Face,faceforensics,0.5241183042526245,1
C:\Users\Rohith Syam\Documents\UTS SEMESTER 3\image processing\idea 2\data\processed\faceforensics\Face2Face\599_585\000007.jpg,1,599,Face2Face,faceforensics,0.5222264528274536,1
C:\Users\Rohith Syam\Documents\UTS SEMESTER 3\image processing\idea 2\data\processed\faceforensics\Face2Face\599_585\000008.jpg,1,599,Face2Face,faceforensics,0.5272794961929321,1
C:\Users\Rohith Syam\Documents\UTS SEMESTER 3\image processing\idea 2\data\processed\faceforensics\Face2Face\599_585\000009.jpg,1,599,Face2Face,faceforensics,0.5236741900444031,1
C:\Users\Rohith Syam\Documents\UTS SEMESTER 3\image processing\idea 2\data\processed\faceforensics\Face2Face\599_585\000010.jpg,1,599,Face2Face,faceforensics,0.5273205041885376,1
C:\Users\Rohith Syam\Documents\UTS SEMESTER 3\image processing\idea 2\data\processed\faceforensics\Face2Face\599_585\000011.jpg,1,599,Face2Face,faceforensics,0.526496410369873,1
C:\Users\Rohith Syam\Documents\UTS SEMESTER 3\image processing\idea 2\data\processed\faceforensics\Face2Face\599_585\000012.jpg,1,599,Face2Face,faceforensics,0.5267093777656555,1
C:\Users\Rohith Syam\Documents\UTS SEMESTER 3\image processing\idea 2\data\processed\faceforensics\Face2Face\599_585\000013.jpg,1,599,Face2Face,faceforensics,0.5198856592178345,1
C:\Users\Rohith Syam\Documents\UTS SEMESTER 3\image processing\idea 2\data\processed\faceforensics\Face2Face\599_585\000014.jpg,1,599,Face2Face,faceforensics,0.5259065628051758,1
C:\Users\Rohith Syam\Documents\UTS SEMESTER 3\image processing\idea 2\data\processed\faceforensics\Face2Face\599_585\000015.jpg,1,599,Face2Face,faceforensics,0.5246881246566772,1
C:\Users\Rohith Syam\Documents\UTS SEMESTER 3\image processing\idea 2\data\processed\faceforensics\Face2Face\599_585\000016.jpg,1,599,Face2Face,faceforensics,0.525593101978302,1
C:\Users\Rohith Syam\Documents\UTS SEMESTER 3\image processing\idea 2\data\processed\faceforensics\Face2Face\599_585\000017.jpg,1,599,Face2Face,faceforensics,0.5276598334312439,1
C:\Users\Rohith Syam\Documents\UTS SEMESTER 3\image processing\idea 2\data\processed\faceforensics\Face2Face\599_585\000018.jpg,1,599,Face2Face,faceforensics,0.5287748575210571,1
C:\Users\Rohith Syam\Documents\UTS SEMESTER 3\image processing\idea 2\data\processed\faceforensics\Face2Face\599_585\000019.jpg,1,599,Face2Face,faceforensics,0.5249341726303101,1
C:\Users\Rohith Syam\Documents\UTS SEMESTER 3\image processing\idea 2\data\processed\faceforensics\Face2Face\599_585\000020.jpg,1,599,Face2Face,faceforensics,0.5259547233581543,1
C:\Users\Rohith Syam\Documents\UTS SEMESTER 3\image processing\idea 2\data\processed\faceforensics\Face2Face\599_585\000021.jpg,1,599,Face2Face,faceforensics,0.5275208950042725,1
C:\Users\Rohith Syam\Documents\UTS SEMESTER 3\image processing\idea 2\data\processed\faceforensics\Face2Face\599_585\000022.jpg,1,599,Face2Face,faceforensics,0.5271413326263428,1
C:\Users\Rohith Syam\Documents\UTS SEMESTER 3\image processing\idea 2\data\processed\faceforensics\Face2Face\599_585\000023.jpg,1,599,Face2Face,faceforensics,0.5243738293647766,1
C:\Users\Rohith Syam\Documents\UTS SEMESTER 3\image processing\idea 2\data\processed\faceforensics\Face2Face\599_585\000024.jpg,1,599,Face2Face,faceforensics,0.5262261629104614,1
C:\Users\Rohith Syam\Documents\UTS SEMESTER 3\image processing\idea 2\data\processed\faceforensics\Face2Face\599_585\000025.jpg,1,599,Face2Face,faceforensics,0.5281403064727783,1
C:\Users\Rohith Syam\Documents\UTS SEMESTER 3\image processing\idea 2\data\processed\faceforensics\Face2Face\599_585\000026.jpg,1,599,Face2Face,faceforensics,0.5272880792617798,1
C:\Users\Rohith Syam\Documents\UTS SEMESTER 3\image processing\idea 2\data\processed\faceforensics\Face2Face\599_585\000027.jpg,1,599,Face2Face,faceforensics,0.5264192819595337,1
C:\Users\Rohith Syam\Documents\UTS SEMESTER 3\image processing\idea 2\data\processed\faceforensics\Face2Face\599_585\000028.jpg,1,599,Face2Face,faceforensics,0.526587963104248,1
C:\Users\Rohith Syam\Documents\UTS SEMESTER 3\image processing\idea 2\data\processed\faceforensics\Face2Face\599_585\000029.jpg,1,599,Face2Face,faceforensics,0.5299056768417358,1
C:\Users\Rohith Syam\Documents\UTS SEMESTER 3\image processing\idea 2\data\processed\faceforensics\Face2Face\866_878\000000.jpg,1,866,Face2Face,faceforensics,0.5270024538040161,1
C:\Users\Rohith Syam\Documents\UTS SEMESTER 3\image processing\idea 2\data\processed\faceforensics\Face2Face\866_878\000001.jpg,1,866,Face2Face,faceforensics,0.5261210799217224,1
C:\Users\Rohith Syam\Documents\UTS SEMESTER 3\image processing\idea 2\data\processed\faceforensics\Face2Face\866_878\000002.jpg,1,866,Face2Face,faceforensics,0.522126317024231,1
C:\Users\Rohith Syam\Documents\UTS SEMESTER 3\image processing\idea 2\data\processed\faceforensics\Face2Face\866_878\000003.jpg,1,866,Face2Face,faceforensics,0.5242330431938171,1
C:\Users\Rohith Syam\Documents\UTS SEMESTER 3\image processing\idea 2\data\processed\faceforensics\Face2Face\866_878\000004.jpg,1,866,Face2Face,faceforensics,0.5303025841712952,1
C:\Users\Rohith Syam\Documents\UTS SEMESTER 3\image processing\idea 2\data\processed\faceforensics\Face2Face\866_878\000005.jpg,1,866,Face2Face,faceforensics,0.5305761098861694,1
C:\Users\Rohith Syam\Documents\UTS SEMESTER 3\image processing\idea 2\data\processed\faceforensics\Face2Face\866_878\000006.jpg,1,866,Face2Face,faceforensics,0.5292395949363708,1
C:\Users\Rohith Syam\Documents\UTS SEMESTER 3\image processing\idea 2\data\processed\faceforensics\Face2Face\866_878\000007.jpg,1,866,Face2Face,faceforensics,0.5313760638237,1
C:\Users\Rohith Syam\Documents\UTS SEMESTER 3\image processing\idea 2\data\processed\faceforensics\Face2Face\866_878\000008.jpg,1,866,Face2Face,faceforensics,0.533176600933075,1
C:\Users\Rohith Syam\Documents\UTS SEMESTER 3\image processing\idea 2\data\processed\faceforensics\Face2Face\866_878\000009.jpg,1,866,Face2Face,faceforensics,0.5361472368240356,1
C:\Users\Rohith Syam\Documents\UTS SEMESTER 3\image processing\idea 2\data\processed\faceforensics\Face2Face\866_878\000010.jpg,1,866,Face2Face,faceforensics,0.5339583158493042,1
C:\Users\Rohith Syam\Documents\UTS SEMESTER 3\image processing\idea 2\data\processed\faceforensics\Face2Face\866_878\000011.jpg,1,866,Face2Face,faceforensics,0.526452898979187,1
C:\Users\Rohith Syam\Documents\UTS SEMESTER 3\image processing\idea 2\data\processed\faceforensics\Face2Face\866_878\000012.jpg,1,866,Face2Face,faceforensics,0.5278760194778442,1
C:\Users\Rohith Syam\Documents\UTS SEMESTER 3\image processing\idea 2\data\processed\faceforensics\Face2Face\866_878\000013.jpg,1,866,Face2Face,faceforensics,0.5301716923713684,1
C:\Users\Rohith Syam\Documents\UTS SEMESTER 3\image processing\idea 2\data\processed\faceforensics\Face2Face\866_878\000014.jpg,1,866,Face2Face,faceforensics,0.5291159749031067,1
C:\Users\Rohith Syam\Documents\UTS SEMESTER 3\image processing\idea 2\data\processed\faceforensics\Face2Face\866_878\000015.jpg,1,866,Face2Face,faceforensics,0.5296559929847717,1
C:\Users\Rohith Syam\Documents\UTS SEMESTER 3\image processing\idea 2\data\processed\faceforensics\Face2Face\866_878\000016.jpg,1,866,Face2Face,faceforensics,0.5289070010185242,1
C:\Users\Rohith Syam\Documents\UTS SEMESTER 3\image processing\idea 2\data\processed\faceforensics\Face2Face\866_878\000017.jpg,1,866,Face2Face,faceforensics,0.5245949029922485,1
C:\Users\Rohith Syam\Documents\UTS SEMESTER 3\image processing\idea 2\data\processed\faceforensics\Face2Face\866_878\000018.jpg,1,866,Face2Face,faceforensics,0.5279761552810669,1
C:\Users\Rohith Syam\Documents\UTS SEMESTER 3\image processing\idea 2\data\processed\faceforensics\Face2Face\866_878\000019.jpg,1,866,Face2Face,faceforensics,0.5293708443641663,1
C:\Users\Rohith Syam\Documents\UTS SEMESTER 3\image processing\idea 2\data\processed\faceforensics\Face2Face\866_878\000020.jpg,1,866,Face2Face,faceforensics,0.5279626250267029,1
C:\Users\Rohith Syam\Documents\UTS SEMESTER 3\image processing\idea 2\data\processed\faceforensics\Face2Face\866_878\000021.jpg,1,866,Face2Face,faceforensics,0.5242732167243958,1
C:\Users\Rohith Syam\Documents\UTS SEMESTER 3\image processing\idea 2\data\processed\faceforensics\Face2Face\866_878\000022.jpg,1,866,Face2Face,faceforensics,0.5294792652130127,1
C:\Users\Rohith Syam\Documents\UTS SEMESTER 3\image processing\idea 2\data\processed\faceforensics\Face2Face\866_878\000023.jpg,1,866,Face2Face,faceforensics,0.5238980650901794,1
C:\Users\Rohith Syam\Documents\UTS SEMESTER 3\image processing\idea 2\data\processed\faceforensics\Face2Face\866_878\000024.jpg,1,866,Face2Face,faceforensics,0.531465470790863,1
C:\Users\Rohith Syam\Documents\UTS SEMESTER 3\image processing\idea 2\data\processed\faceforensics\Face2Face\866_878\000025.jpg,1,866,Face2Face,faceforensics,0.5317391753196716,1
C:\Users\Rohith Syam\Documents\UTS SEMESTER 3\image processing\idea 2\data\processed\faceforensics\Face2Face\866_878\000026.jpg,1,866,Face2Face,faceforensics,0.5257652401924133,1
C:\Users\Rohith Syam\Documents\UTS SEMESTER 3\image processing\idea 2\data\processed\faceforensics\Face2Face\866_878\000027.jpg,1,866,Face2Face,faceforensics,0.5288963913917542,1
C:\Users\Rohith Syam\Documents\UTS SEMESTER 3\image processing\idea 2\data\processed\faceforensics\Face2Face\866_878\000028.jpg,1,866,Face2Face,faceforensics,0.5284508466720581,1
C:\Users\Rohith Syam\Documents\UTS SEMESTER 3\image processing\idea 2\data\processed\faceforensics\Face2Face\866_878\000029.jpg,1,866,Face2Face,faceforensics,0.5290579795837402,1
C:\Users\Rohith Syam\Documents\UTS SEMESTER 3\image processing\idea 2\data\processed\faceforensics\FaceSwap\599_585\000000.jpg,1,599,FaceSwap,faceforensics,0.5180977582931519,1
C:\Users\Rohith Syam\Documents\UTS SEMESTER 3\image processing\idea 2\data\processed\faceforensics\FaceSwap\599_585\000001.jpg,1,599,FaceSwap,faceforensics,0.5206153988838196,1
C:\Users\Rohith Syam\Documents\UTS SEMESTER 3\image processing\idea 2\data\processed\faceforensics\FaceSwap\599_585\000002.jpg,1,599,FaceSwap,faceforensics,0.5185151696205139,1
C:\Users\Rohith Syam\Documents\UTS SEMESTER 3\image processing\idea 2\data\processed\faceforensics\FaceSwap\599_585\000003.jpg,1,599,FaceSwap,faceforensics,0.5179225206375122,1
C:\Users\Rohith Syam\Documents\UTS SEMESTER 3\image processing\idea 2\data\processed\faceforensics\FaceSwap\599_585\000004.jpg,1,599,FaceSwap,faceforensics,0.5111443400382996,1
C:\Users\Rohith Syam\Documents\UTS SEMESTER 3\image processing\idea 2\data\processed\faceforensics\FaceSwap\599_585\000005.jpg,1,599,FaceSwap,faceforensics,0.5113688707351685,1
C:\Users\Rohith Syam\Documents\UTS SEMESTER 3\image processing\idea 2\data\processed\faceforensics\FaceSwap\599_585\000006.jpg,1,599,FaceSwap,faceforensics,0.5216096639633179,1
C:\Users\Rohith Syam\Documents\UTS SEMESTER 3\image processing\idea 2\data\processed\faceforensics\FaceSwap\599_585\000007.jpg,1,599,FaceSwap,faceforensics,0.5134112238883972,1
C:\Users\Rohith Syam\Documents\UTS SEMESTER 3\image processing\idea 2\data\processed\faceforensics\FaceSwap\599_585\000008.jpg,1,599,FaceSwap,faceforensics,0.5174012184143066,1
C:\Users\Rohith Syam\Documents\UTS SEMESTER 3\image processing\idea 2\data\processed\faceforensics\FaceSwap\599_585\000009.jpg,1,599,FaceSwap,faceforensics,0.5055845975875854,1
C:\Users\Rohith Syam\Documents\UTS SEMESTER 3\image processing\idea 2\data\processed\faceforensics\FaceSwap\599_585\000010.jpg,1,599,FaceSwap,faceforensics,0.5183059573173523,1
C:\Users\Rohith Syam\Documents\UTS SEMESTER 3\image processing\idea 2\data\processed\faceforensics\FaceSwap\599_585\000011.jpg,1,599,FaceSwap,faceforensics,0.5195553302764893,1
C:\Users\Rohith Syam\Documents\UTS SEMESTER 3\image processing\idea 2\data\processed\faceforensics\FaceSwap\599_585\000012.jpg,1,599,FaceSwap,faceforensics,0.518775463104248,1
C:\Users\Rohith Syam\Documents\UTS SEMESTER 3\image processing\idea 2\data\processed\faceforensics\FaceSwap\599_585\000013.jpg,1,599,FaceSwap,faceforensics,0.5202952027320862,1
C:\Users\Rohith Syam\Documents\UTS SEMESTER 3\image processing\idea 2\data\processed\faceforensics\FaceSwap\599_585\000014.jpg,1,599,FaceSwap,faceforensics,0.5183587074279785,1
C:\Users\Rohith Syam\Documents\UTS SEMESTER 3\image processing\idea 2\data\processed\faceforensics\FaceSwap\599_585\000015.jpg,1,599,FaceSwap,faceforensics,0.5144973993301392,1
C:\Users\Rohith Syam\Documents\UTS SEMESTER 3\image processing\idea 2\data\processed\faceforensics\FaceSwap\599_585\000016.jpg,1,599,FaceSwap,faceforensics,0.5204972624778748,1
C:\Users\Rohith Syam\Documents\UTS SEMESTER 3\image processing\idea 2\data\processed\faceforensics\FaceSwap\599_585\000017.jpg,1,599,FaceSwap,faceforensics,0.518218994140625,1
C:\Users\Rohith Syam\Documents\UTS SEMESTER 3\image processing\idea 2\data\processed\faceforensics\FaceSwap\599_585\000018.jpg,1,599,FaceSwap,faceforensics,0.5246169567108154,1
C:\Users\Rohith Syam\Documents\UTS SEMESTER 3\image processing\idea 2\data\processed\faceforensics\FaceSwap\599_585\000019.jpg,1,599,FaceSwap,faceforensics,0.5272874236106873,1
C:\Users\Rohith Syam\Documents\UTS SEMESTER 3\image processing\idea 2\data\processed\faceforensics\FaceSwap\599_585\000020.jpg,1,599,FaceSwap,faceforensics,0.5099636316299438,1
C:\Users\Rohith Syam\Documents\UTS SEMESTER 3\image processing\idea 2\data\processed\faceforensics\FaceSwap\599_585\000021.jpg,1,599,FaceSwap,faceforensics,0.5109411478042603,1
C:\Users\Rohith Syam\Documents\UTS SEMESTER 3\image processing\idea 2\data\processed\faceforensics\FaceSwap\599_585\000022.jpg,1,599,FaceSwap,faceforensics,0.5151197910308838,1
C:\Users\Rohith Syam\Documents\UTS SEMESTER 3\image processing\idea 2\data\processed\faceforensics\FaceSwap\599_585\000023.jpg,1,599,FaceSwap,faceforensics,0.5172473192214966,1
C:\Users\Rohith Syam\Documents\UTS SEMESTER 3\image processing\idea 2\data\processed\faceforensics\FaceSwap\599_585\000024.jpg,1,599,FaceSwap,faceforensics,0.5194017887115479,1
C:\Users\Rohith Syam\Documents\UTS SEMESTER 3\image processing\idea 2\data\processed\faceforensics\FaceSwap\599_585\000025.jpg,1,599,FaceSwap,faceforensics,0.5178788900375366,1
C:\Users\Rohith Syam\Documents\UTS SEMESTER 3\image processing\idea 2\data\processed\faceforensics\FaceSwap\599_585\000026.jpg,1,599,FaceSwap,faceforensics,0.5174127221107483,1
C:\Users\Rohith Syam\Documents\UTS SEMESTER 3\image processing\idea 2\data\processed\faceforensics\FaceSwap\599_585\000027.jpg,1,599,FaceSwap,faceforensics,0.5197378993034363,1
C:\Users\Rohith Syam\Documents\UTS SEMESTER 3\image processing\idea 2\data\processed\faceforensics\FaceSwap\599_585\000028.jpg,1,599,FaceSwap,faceforensics,0.5145136117935181,1
C:\Users\Rohith Syam\Documents\UTS SEMESTER 3\image processing\idea 2\data\processed\faceforensics\FaceSwap\599_585\000029.jpg,1,599,FaceSwap,faceforensics,0.5248108506202698,1
C:\Users\Rohith Syam\Documents\UTS SEMESTER 3\image processing\idea 2\data\processed\faceforensics\FaceSwap\866_878\000000.jpg,1,866,FaceSwap,faceforensics,0.5235075354576111,1
C:\Users\Rohith Syam\Documents\UTS SEMESTER 3\image processing\idea 2\data\processed\faceforensics\FaceSwap\866_878\000001.jpg,1,866,FaceSwap,faceforensics,0.5227004885673523,1
C:\Users\Rohith Syam\Documents\UTS SEMESTER 3\image processing\idea 2\data\processed\faceforensics\FaceSwap\866_878\000002.jpg,1,866,FaceSwap,faceforensics,0.5225670337677002,1
C:\Users\Rohith Syam\Documents\UTS SEMESTER 3\image processing\idea 2\data\processed\faceforensics\FaceSwap\866_878\000003.jpg,1,866,FaceSwap,faceforensics,0.5095816254615784,1
C:\Users\Rohith Syam\Documents\UTS SEMESTER 3\image processing\idea 2\data\processed\faceforensics\FaceSwap\866_878\000004.jpg,1,866,FaceSwap,faceforensics,0.5120386481285095,1
C:\Users\Rohith Syam\Documents\UTS SEMESTER 3\image processing\idea 2\data\processed\faceforensics\FaceSwap\866_878\000005.jpg,1,866,FaceSwap,faceforensics,0.5134931802749634,1
C:\Users\Rohith Syam\Documents\UTS SEMESTER 3\image processing\idea 2\data\processed\faceforensics\FaceSwap\866_878\000006.jpg,1,866,FaceSwap,faceforensics,0.5147885084152222,1
C:\Users\Rohith Syam\Documents\UTS SEMESTER 3\image processing\idea 2\data\processed\faceforensics\FaceSwap\866_878\000007.jpg,1,866,FaceSwap,faceforensics,0.5277166366577148,1
C:\Users\Rohith Syam\Documents\UTS SEMESTER 3\image processing\idea 2\data\processed\faceforensics\FaceSwap\866_878\000008.jpg,1,866,FaceSwap,faceforensics,0.5319103002548218,1
C:\Users\Rohith Syam\Documents\UTS SEMESTER 3\image processing\idea 2\data\processed\faceforensics\FaceSwap\866_878\000009.jpg,1,866,FaceSwap,faceforensics,0.516827404499054,1
C:\Users\Rohith Syam\Documents\UTS SEMESTER 3\image processing\idea 2\data\processed\faceforensics\FaceSwap\866_878\000010.jpg,1,866,FaceSwap,faceforensics,0.5240707993507385,1
C:\Users\Rohith Syam\Documents\UTS SEMESTER 3\image processing\idea 2\data\processed\faceforensics\FaceSwap\866_878\000011.jpg,1,866,FaceSwap,faceforensics,0.5294862389564514,1
C:\Users\Rohith Syam\Documents\UTS SEMESTER 3\image processing\idea 2\data\processed\faceforensics\FaceSwap\866_878\000012.jpg,1,866,FaceSwap,faceforensics,0.5222141742706299,1
C:\Users\Rohith Syam\Documents\UTS SEMESTER 3\image processing\idea 2\data\processed\faceforensics\FaceSwap\866_878\000013.jpg,1,866,FaceSwap,faceforensics,0.5229869484901428,1
C:\Users\Rohith Syam\Documents\UTS SEMESTER 3\image processing\idea 2\data\processed\faceforensics\FaceSwap\866_878\000014.jpg,1,866,FaceSwap,faceforensics,0.5273933410644531,1
C:\Users\Rohith Syam\Documents\UTS SEMESTER 3\image processing\idea 2\data\processed\faceforensics\FaceSwap\866_878\000015.jpg,1,866,FaceSwap,faceforensics,0.5218443870544434,1
C:\Users\Rohith Syam\Documents\UTS SEMESTER 3\image processing\idea 2\data\processed\faceforensics\FaceSwap\866_878\000016.jpg,1,866,FaceSwap,faceforensics,0.5200868248939514,1
C:\Users\Rohith Syam\Documents\UTS SEMESTER 3\image processing\idea 2\data\processed\faceforensics\FaceSwap\866_878\000017.jpg,1,866,FaceSwap,faceforensics,0.5121102929115295,1
C:\Users\Rohith Syam\Documents\UTS SEMESTER 3\image processing\idea 2\data\processed\faceforensics\FaceSwap\866_878\000018.jpg,1,866,FaceSwap,faceforensics,0.5247800946235657,1
C:\Users\Rohith Syam\Documents\UTS SEMESTER 3\image processing\idea 2\data\processed\faceforensics\FaceSwap\866_878\000019.jpg,1,866,FaceSwap,faceforensics,0.5236291289329529,1
C:\Users\Rohith Syam\Documents\UTS SEMESTER 3\image processing\idea 2\data\processed\faceforensics\FaceSwap\866_878\000020.jpg,1,866,FaceSwap,faceforensics,0.5184420943260193,1
C:\Users\Rohith Syam\Documents\UTS SEMESTER 3\image processing\idea 2\data\processed\faceforensics\FaceSwap\866_878\000021.jpg,1,866,FaceSwap,faceforensics,0.5126010775566101,1
C:\Users\Rohith Syam\Documents\UTS SEMESTER 3\image processing\idea 2\data\processed\faceforensics\FaceSwap\866_878\000022.jpg,1,866,FaceSwap,faceforensics,0.5218615531921387,1
C:\Users\Rohith Syam\Documents\UTS SEMESTER 3\image processing\idea 2\data\processed\faceforensics\FaceSwap\866_878\000023.jpg,1,866,FaceSwap,faceforensics,0.519016444683075,1
C:\Users\Rohith Syam\Documents\UTS SEMESTER 3\image processing\idea 2\data\processed\faceforensics\FaceSwap\866_878\000024.jpg,1,866,FaceSwap,faceforensics,0.5166274309158325,1
C:\Users\Rohith Syam\Documents\UTS SEMESTER 3\image processing\idea 2\data\processed\faceforensics\FaceSwap\866_878\000025.jpg,1,866,FaceSwap,faceforensics,0.5227837562561035,1
C:\Users\Rohith Syam\Documents\UTS SEMESTER 3\image processing\idea 2\data\processed\faceforensics\FaceSwap\866_878\000026.jpg,1,866,FaceSwap,faceforensics,0.5164013504981995,1
C:\Users\Rohith Syam\Documents\UTS SEMESTER 3\image processing\idea 2\data\processed\faceforensics\FaceSwap\866_878\000027.jpg,1,866,FaceSwap,faceforensics,0.5226439833641052,1
C:\Users\Rohith Syam\Documents\UTS SEMESTER 3\image processing\idea 2\data\processed\faceforensics\FaceSwap\866_878\000028.jpg,1,866,FaceSwap,faceforensics,0.5217003226280212,1
C:\Users\Rohith Syam\Documents\UTS SEMESTER 3\image processing\idea 2\data\processed\faceforensics\FaceSwap\866_878\000029.jpg,1,866,FaceSwap,faceforensics,0.5185068845748901,1
C:\Users\Rohith Syam\Documents\UTS SEMESTER 3\image processing\idea 2\data\processed\faceforensics\NeuralTextures\599_585\000000.jpg,1,599,NeuralTextures,faceforensics,0.5246912240982056,1
C:\Users\Rohith Syam\Documents\UTS SEMESTER 3\image processing\idea 2\data\processed\faceforensics\NeuralTextures\599_585\000001.jpg,1,599,NeuralTextures,faceforensics,0.5251517295837402,1
C:\Users\Rohith Syam\Documents\UTS SEMESTER 3\image processing\idea 2\data\processed\faceforensics\NeuralTextures\599_585\000002.jpg,1,599,NeuralTextures,faceforensics,0.528196394443512,1
C:\Users\Rohith Syam\Documents\UTS SEMESTER 3\image processing\idea 2\data\processed\faceforensics\NeuralTextures\599_585\000003.jpg,1,599,NeuralTextures,faceforensics,0.5223687291145325,1
C:\Users\Rohith Syam\Documents\UTS SEMESTER 3\image processing\idea 2\data\processed\faceforensics\NeuralTextures\599_585\000004.jpg,1,599,NeuralTextures,faceforensics,0.5247141122817993,1
C:\Users\Rohith Syam\Documents\UTS SEMESTER 3\image processing\idea 2\data\processed\faceforensics\NeuralTextures\599_585\000005.jpg,1,599,NeuralTextures,faceforensics,0.5246177911758423,1
C:\Users\Rohith Syam\Documents\UTS SEMESTER 3\image processing\idea 2\data\processed\faceforensics\NeuralTextures\599_585\000006.jpg,1,599,NeuralTextures,faceforensics,0.5237175822257996,1
C:\Users\Rohith Syam\Documents\UTS SEMESTER 3\image processing\idea 2\data\processed\faceforensics\NeuralTextures\599_585\000007.jpg,1,599,NeuralTextures,faceforensics,0.5238983631134033,1
C:\Users\Rohith Syam\Documents\UTS SEMESTER 3\image processing\idea 2\data\processed\faceforensics\NeuralTextures\599_585\000008.jpg,1,599,NeuralTextures,faceforensics,0.527661144733429,1
C:\Users\Rohith Syam\Documents\UTS SEMESTER 3\image processing\idea 2\data\processed\faceforensics\NeuralTextures\599_585\000009.jpg,1,599,NeuralTextures,faceforensics,0.5244569778442383,1
C:\Users\Rohith Syam\Documents\UTS SEMESTER 3\image processing\idea 2\data\processed\faceforensics\NeuralTextures\599_585\000010.jpg,1,599,NeuralTextures,faceforensics,0.5238597393035889,1
C:\Users\Rohith Syam\Documents\UTS SEMESTER 3\image processing\idea 2\data\processed\faceforensics\NeuralTextures\599_585\000011.jpg,1,599,NeuralTextures,faceforensics,0.5289331674575806,1
C:\Users\Rohith Syam\Documents\UTS SEMESTER 3\image processing\idea 2\data\processed\faceforensics\NeuralTextures\599_585\000012.jpg,1,599,NeuralTextures,faceforensics,0.5283732414245605,1
C:\Users\Rohith Syam\Documents\UTS SEMESTER 3\image processing\idea 2\data\processed\faceforensics\NeuralTextures\599_585\000013.jpg,1,599,NeuralTextures,faceforensics,0.5197666883468628,1
C:\Users\Rohith Syam\Documents\UTS SEMESTER 3\image processing\idea 2\data\processed\faceforensics\NeuralTextures\599_585\000014.jpg,1,599,NeuralTextures,faceforensics,0.5210385322570801,1
C:\Users\Rohith Syam\Documents\UTS SEMESTER 3\image processing\idea 2\data\processed\faceforensics\NeuralTextures\599_585\000015.jpg,1,599,NeuralTextures,faceforensics,0.5246350169181824,1
C:\Users\Rohith Syam\Documents\UTS SEMESTER 3\image processing\idea 2\data\processed\faceforensics\NeuralTextures\599_585\000016.jpg,1,599,NeuralTextures,faceforensics,0.5239019989967346,1
C:\Users\Rohith Syam\Documents\UTS SEMESTER 3\image processing\idea 2\data\processed\faceforensics\NeuralTextures\599_585\000017.jpg,1,599,NeuralTextures,faceforensics,0.5260452032089233,1
C:\Users\Rohith Syam\Documents\UTS SEMESTER 3\image processing\idea 2\data\processed\faceforensics\NeuralTextures\599_585\000018.jpg,1,599,NeuralTextures,faceforensics,0.5267782211303711,1
C:\Users\Rohith Syam\Documents\UTS SEMESTER 3\image processing\idea 2\data\processed\faceforensics\NeuralTextures\599_585\000019.jpg,1,599,NeuralTextures,faceforensics,0.5251259207725525,1
C:\Users\Rohith Syam\Documents\UTS SEMESTER 3\image processing\idea 2\data\processed\faceforensics\NeuralTextures\599_585\000020.jpg,1,599,NeuralTextures,faceforensics,0.5238116979598999,1
C:\Users\Rohith Syam\Documents\UTS SEMESTER 3\image processing\idea 2\data\processed\faceforensics\NeuralTextures\599_585\000021.jpg,1,599,NeuralTextures,faceforensics,0.5263713002204895,1
C:\Users\Rohith Syam\Documents\UTS SEMESTER 3\image processing\idea 2\data\processed\faceforensics\NeuralTextures\599_585\000022.jpg,1,599,NeuralTextures,faceforensics,0.5255808234214783,1
C:\Users\Rohith Syam\Documents\UTS SEMESTER 3\image processing\idea 2\data\processed\faceforensics\NeuralTextures\599_585\000023.jpg,1,599,NeuralTextures,faceforensics,0.5215439796447754,1
C:\Users\Rohith Syam\Documents\UTS SEMESTER 3\image processing\idea 2\data\processed\faceforensics\NeuralTextures\599_585\000024.jpg,1,599,NeuralTextures,faceforensics,0.5259951949119568,1
C:\Users\Rohith Syam\Documents\UTS SEMESTER 3\image processing\idea 2\data\processed\faceforensics\NeuralTextures\599_585\000025.jpg,1,599,NeuralTextures,faceforensics,0.5265870690345764,1
C:\Users\Rohith Syam\Documents\UTS SEMESTER 3\image processing\idea 2\data\processed\faceforensics\NeuralTextures\599_585\000026.jpg,1,599,NeuralTextures,faceforensics,0.5270779132843018,1
C:\Users\Rohith Syam\Documents\UTS SEMESTER 3\image processing\idea 2\data\processed\faceforensics\NeuralTextures\599_585\000027.jpg,1,599,NeuralTextures,faceforensics,0.5249633193016052,1
C:\Users\Rohith Syam\Documents\UTS SEMESTER 3\image processing\idea 2\data\processed\faceforensics\NeuralTextures\599_585\000028.jpg,1,599,NeuralTextures,faceforensics,0.525809645652771,1
C:\Users\Rohith Syam\Documents\UTS SEMESTER 3\image processing\idea 2\data\processed\faceforensics\NeuralTextures\599_585\000029.jpg,1,599,NeuralTextures,faceforensics,0.526984453201294,1
C:\Users\Rohith Syam\Documents\UTS SEMESTER 3\image processing\idea 2\data\processed\faceforensics\NeuralTextures\866_878\000000.jpg,1,866,NeuralTextures,faceforensics,0.5286657214164734,1
C:\Users\Rohith Syam\Documents\UTS SEMESTER 3\image processing\idea 2\data\processed\faceforensics\NeuralTextures\866_878\000001.jpg,1,866,NeuralTextures,faceforensics,0.5230231881141663,1
C:\Users\Rohith Syam\Documents\UTS SEMESTER 3\image processing\idea 2\data\processed\faceforensics\NeuralTextures\866_878\000002.jpg,1,866,NeuralTextures,faceforensics,0.5222610235214233,1
C:\Users\Rohith Syam\Documents\UTS SEMESTER 3\image processing\idea 2\data\processed\faceforensics\NeuralTextures\866_878\000003.jpg,1,866,NeuralTextures,faceforensics,0.5191112756729126,1
C:\Users\Rohith Syam\Documents\UTS SEMESTER 3\image processing\idea 2\data\processed\faceforensics\NeuralTextures\866_878\000004.jpg,1,866,NeuralTextures,faceforensics,0.5272638201713562,1
C:\Users\Rohith Syam\Documents\UTS SEMESTER 3\image processing\idea 2\data\processed\faceforensics\NeuralTextures\866_878\000005.jpg,1,866,NeuralTextures,faceforensics,0.5273696780204773,1
C:\Users\Rohith Syam\Documents\UTS SEMESTER 3\image processing\idea 2\data\processed\faceforensics\NeuralTextures\866_878\000006.jpg,1,866,NeuralTextures,faceforensics,0.5278199315071106,1
C:\Users\Rohith Syam\Documents\UTS SEMESTER 3\image processing\idea 2\data\processed\faceforensics\NeuralTextures\866_878\000007.jpg,1,866,NeuralTextures,faceforensics,0.5376245379447937,1
C:\Users\Rohith Syam\Documents\UTS SEMESTER 3\image processing\idea 2\data\processed\faceforensics\NeuralTextures\866_878\000008.jpg,1,866,NeuralTextures,faceforensics,0.5275275707244873,1
C:\Users\Rohith Syam\Documents\UTS SEMESTER 3\image processing\idea 2\data\processed\faceforensics\NeuralTextures\866_878\000009.jpg,1,866,NeuralTextures,faceforensics,0.5315997004508972,1
C:\Users\Rohith Syam\Documents\UTS SEMESTER 3\image processing\idea 2\data\processed\faceforensics\NeuralTextures\866_878\000010.jpg,1,866,NeuralTextures,faceforensics,0.5247344374656677,1
C:\Users\Rohith Syam\Documents\UTS SEMESTER 3\image processing\idea 2\data\processed\faceforensics\NeuralTextures\866_878\000011.jpg,1,866,NeuralTextures,faceforensics,0.5248011350631714,1
C:\Users\Rohith Syam\Documents\UTS SEMESTER 3\image processing\idea 2\data\processed\faceforensics\NeuralTextures\866_878\000012.jpg,1,866,NeuralTextures,faceforensics,0.5297287702560425,1
C:\Users\Rohith Syam\Documents\UTS SEMESTER 3\image processing\idea 2\data\processed\faceforensics\NeuralTextures\866_878\000013.jpg,1,866,NeuralTextures,faceforensics,0.5276856422424316,1
C:\Users\Rohith Syam\Documents\UTS SEMESTER 3\image processing\idea 2\data\processed\faceforensics\NeuralTextures\866_878\000014.jpg,1,866,NeuralTextures,faceforensics,0.5286185145378113,1
C:\Users\Rohith Syam\Documents\UTS SEMESTER 3\image processing\idea 2\data\processed\faceforensics\NeuralTextures\866_878\000015.jpg,1,866,NeuralTextures,faceforensics,0.5268039703369141,1
C:\Users\Rohith Syam\Documents\UTS SEMESTER 3\image processing\idea 2\data\processed\faceforensics\NeuralTextures\866_878\000016.jpg,1,866,NeuralTextures,faceforensics,0.5285544991493225,1
C:\Users\Rohith Syam\Documents\UTS SEMESTER 3\image processing\idea 2\data\processed\faceforensics\NeuralTextures\866_878\000017.jpg,1,866,NeuralTextures,faceforensics,0.5254387855529785,1
C:\Users\Rohith Syam\Documents\UTS SEMESTER 3\image processing\idea 2\data\processed\faceforensics\NeuralTextures\866_878\000018.jpg,1,866,NeuralTextures,faceforensics,0.5284187197685242,1
C:\Users\Rohith Syam\Documents\UTS SEMESTER 3\image processing\idea 2\data\processed\faceforensics\NeuralTextures\866_878\000019.jpg,1,866,NeuralTextures,faceforensics,0.5293685793876648,1
C:\Users\Rohith Syam\Documents\UTS SEMESTER 3\image processing\idea 2\data\processed\faceforensics\NeuralTextures\866_878\000020.jpg,1,866,NeuralTextures,faceforensics,0.5236651301383972,1
C:\Users\Rohith Syam\Documents\UTS SEMESTER 3\image processing\idea 2\data\processed\faceforensics\NeuralTextures\866_878\000021.jpg,1,866,NeuralTextures,faceforensics,0.5275537967681885,1
C:\Users\Rohith Syam\Documents\UTS SEMESTER 3\image processing\idea 2\data\processed\faceforensics\NeuralTextures\866_878\000022.jpg,1,866,NeuralTextures,faceforensics,0.5323582291603088,1
C:\Users\Rohith Syam\Documents\UTS SEMESTER 3\image processing\idea 2\data\processed\faceforensics\NeuralTextures\866_878\000023.jpg,1,866,NeuralTextures,faceforensics,0.5295524001121521,1
C:\Users\Rohith Syam\Documents\UTS SEMESTER 3\image processing\idea 2\data\processed\faceforensics\NeuralTextures\866_878\000024.jpg,1,866,NeuralTextures,faceforensics,0.5211253762245178,1
C:\Users\Rohith Syam\Documents\UTS SEMESTER 3\image processing\idea 2\data\processed\faceforensics\NeuralTextures\866_878\000025.jpg,1,866,NeuralTextures,faceforensics,0.5237894654273987,1
C:\Users\Rohith Syam\Documents\UTS SEMESTER 3\image processing\idea 2\data\processed\faceforensics\NeuralTextures\866_878\000026.jpg,1,866,NeuralTextures,faceforensics,0.5363673567771912,1
C:\Users\Rohith Syam\Documents\UTS SEMESTER 3\image processing\idea 2\data\processed\faceforensics\NeuralTextures\866_878\000027.jpg,1,866,NeuralTextures,faceforensics,0.5273632407188416,1
C:\Users\Rohith Syam\Documents\UTS SEMESTER 3\image processing\idea 2\data\processed\faceforensics\NeuralTextures\866_878\000028.jpg,1,866,NeuralTextures,faceforensics,0.516342282295227,1
C:\Users\Rohith Syam\Documents\UTS SEMESTER 3\image processing\idea 2\data\processed\faceforensics\NeuralTextures\866_878\000029.jpg,1,866,NeuralTextures,faceforensics,0.5236766934394836,1
C:\Users\Rohith Syam\Documents\UTS SEMESTER 3\image processing\idea 2\data\processed\faceforensics\real\599\000000.jpg,0,599,real,faceforensics,0.5233889818191528,1
C:\Users\Rohith Syam\Documents\UTS SEMESTER 3\image processing\idea 2\data\processed\faceforensics\real\599\000001.jpg,0,599,real,faceforensics,0.5226476192474365,1
C:\Users\Rohith Syam\Documents\UTS SEMESTER 3\image processing\idea 2\data\processed\faceforensics\real\599\000002.jpg,0,599,real,faceforensics,0.520048975944519,1
C:\Users\Rohith Syam\Documents\UTS SEMESTER 3\image processing\idea 2\data\processed\faceforensics\real\599\000003.jpg,0,599,real,faceforensics,0.5235069394111633,1
C:\Users\Rohith Syam\Documents\UTS SEMESTER 3\image processing\idea 2\data\processed\faceforensics\real\599\000004.jpg,0,599,real,faceforensics,0.5209606885910034,1
C:\Users\Rohith Syam\Documents\UTS SEMESTER 3\image processing\idea 2\data\processed\faceforensics\real\599\000005.jpg,0,599,real,faceforensics,0.5186878442764282,1
C:\Users\Rohith Syam\Documents\UTS SEMESTER 3\image processing\idea 2\data\processed\faceforensics\real\599\000006.jpg,0,599,real,faceforensics,0.5169426798820496,1
C:\Users\Rohith Syam\Documents\UTS SEMESTER 3\image processing\idea 2\data\processed\faceforensics\real\599\000007.jpg,0,599,real,faceforensics,0.5206708312034607,1
C:\Users\Rohith Syam\Documents\UTS SEMESTER 3\image processing\idea 2\data\processed\faceforensics\real\599\000008.jpg,0,599,real,faceforensics,0.5241557955741882,1
C:\Users\Rohith Syam\Documents\UTS SEMESTER 3\image processing\idea 2\data\processed\faceforensics\real\599\000009.jpg,0,599,real,faceforensics,0.5209673643112183,1
C:\Users\Rohith Syam\Documents\UTS SEMESTER 3\image processing\idea 2\data\processed\faceforensics\real\599\000010.jpg,0,599,real,faceforensics,0.5256109833717346,1
C:\Users\Rohith Syam\Documents\UTS SEMESTER 3\image processing\idea 2\data\processed\faceforensics\real\599\000011.jpg,0,599,real,faceforensics,0.5231300592422485,1
C:\Users\Rohith Syam\Documents\UTS SEMESTER 3\image processing\idea 2\data\processed\faceforensics\real\599\000012.jpg,0,599,real,faceforensics,0.5233728885650635,1
C:\Users\Rohith Syam\Documents\UTS SEMESTER 3\image processing\idea 2\data\processed\faceforensics\real\599\000013.jpg,0,599,real,faceforensics,0.5127623677253723,1
C:\Users\Rohith Syam\Documents\UTS SEMESTER 3\image processing\idea 2\data\processed\faceforensics\real\599\000014.jpg,0,599,real,faceforensics,0.5232893228530884,1
C:\Users\Rohith Syam\Documents\UTS SEMESTER 3\image processing\idea 2\data\processed\faceforensics\real\599\000015.jpg,0,599,real,faceforensics,0.520047664642334,1
C:\Users\Rohith Syam\Documents\UTS SEMESTER 3\image processing\idea 2\data\processed\faceforensics\real\599\000016.jpg,0,599,real,faceforensics,0.5257396101951599,1
C:\Users\Rohith Syam\Documents\UTS SEMESTER 3\image processing\idea 2\data\processed\faceforensics\real\599\000017.jpg,0,599,real,faceforensics,0.5285201072692871,1
C:\Users\Rohith Syam\Documents\UTS SEMESTER 3\image processing\idea 2\data\processed\faceforensics\real\599\000018.jpg,0,599,real,faceforensics,0.5215204358100891,1
C:\Users\Rohith Syam\Documents\UTS SEMESTER 3\image processing\idea 2\data\processed\faceforensics\real\599\000019.jpg,0,599,real,faceforensics,0.5247004628181458,1
C:\Users\Rohith Syam\Documents\UTS SEMESTER 3\image processing\idea 2\data\processed\faceforensics\real\599\000020.jpg,0,599,real,faceforensics,0.5208553671836853,1
C:\Users\Rohith Syam\Documents\UTS SEMESTER 3\image processing\idea 2\data\processed\faceforensics\real\599\000021.jpg,0,599,real,faceforensics,0.523574709892273,1
C:\Users\Rohith Syam\Documents\UTS SEMESTER 3\image processing\idea 2\data\processed\faceforensics\real\599\000022.jpg,0,599,real,faceforensics,0.5249611139297485,1
C:\Users\Rohith Syam\Documents\UTS SEMESTER 3\image processing\idea 2\data\processed\faceforensics\real\599\000023.jpg,0,599,real,faceforensics,0.5231685638427734,1
C:\Users\Rohith Syam\Documents\UTS SEMESTER 3\image processing\idea 2\data\processed\faceforensics\real\599\000024.jpg,0,599,real,faceforensics,0.5245965719223022,1
C:\Users\Rohith Syam\Documents\UTS SEMESTER 3\image processing\idea 2\data\processed\faceforensics\real\599\000025.jpg,0,599,real,faceforensics,0.5237675905227661,1
C:\Users\Rohith Syam\Documents\UTS SEMESTER 3\image processing\idea 2\data\processed\faceforensics\real\599\000026.jpg,0,599,real,faceforensics,0.5233652591705322,1
C:\Users\Rohith Syam\Documents\UTS SEMESTER 3\image processing\idea 2\data\processed\faceforensics\real\599\000027.jpg,0,599,real,faceforensics,0.5265884399414062,1
C:\Users\Rohith Syam\Documents\UTS SEMESTER 3\image processing\idea 2\data\processed\faceforensics\real\599\000028.jpg,0,599,real,faceforensics,0.5253841280937195,1
C:\Users\Rohith Syam\Documents\UTS SEMESTER 3\image processing\idea 2\data\processed\faceforensics\real\599\000029.jpg,0,599,real,faceforensics,0.5225539803504944,1
C:\Users\Rohith Syam\Documents\UTS SEMESTER 3\image processing\idea 2\data\processed\faceforensics\real\866\000000.jpg,0,866,real,faceforensics,0.5294033885002136,1
C:\Users\Rohith Syam\Documents\UTS SEMESTER 3\image processing\idea 2\data\processed\faceforensics\real\866\000001.jpg,0,866,real,faceforensics,0.5267560482025146,1
C:\Users\Rohith Syam\Documents\UTS SEMESTER 3\image processing\idea 2\data\processed\faceforensics\real\866\000002.jpg,0,866,real,faceforensics,0.5230087041854858,1
C:\Users\Rohith Syam\Documents\UTS SEMESTER 3\image processing\idea 2\data\processed\faceforensics\real\866\000003.jpg,0,866,real,faceforensics,0.5264076590538025,1
C:\Users\Rohith Syam\Documents\UTS SEMESTER 3\image processing\idea 2\data\processed\faceforensics\real\866\000004.jpg,0,866,real,faceforensics,0.5228704810142517,1
C:\Users\Rohith Syam\Documents\UTS SEMESTER 3\image processing\idea 2\data\processed\faceforensics\real\866\000005.jpg,0,866,real,faceforensics,0.5178091526031494,1
C:\Users\Rohith Syam\Documents\UTS SEMESTER 3\image processing\idea 2\data\processed\faceforensics\real\866\000006.jpg,0,866,real,faceforensics,0.5290105938911438,1
C:\Users\Rohith Syam\Documents\UTS SEMESTER 3\image processing\idea 2\data\processed\faceforensics\real\866\000007.jpg,0,866,real,faceforensics,0.5360785126686096,1
C:\Users\Rohith Syam\Documents\UTS SEMESTER 3\image processing\idea 2\data\processed\faceforensics\real\866\000008.jpg,0,866,real,faceforensics,0.5367969870567322,1
C:\Users\Rohith Syam\Documents\UTS SEMESTER 3\image processing\idea 2\data\processed\faceforensics\real\866\000009.jpg,0,866,real,faceforensics,0.5291692018508911,1
C:\Users\Rohith Syam\Documents\UTS SEMESTER 3\image processing\idea 2\data\processed\faceforensics\real\866\000010.jpg,0,866,real,faceforensics,0.5253186821937561,1
C:\Users\Rohith Syam\Documents\UTS SEMESTER 3\image processing\idea 2\data\processed\faceforensics\real\866\000011.jpg,0,866,real,faceforensics,0.5296151638031006,1
C:\Users\Rohith Syam\Documents\UTS SEMESTER 3\image processing\idea 2\data\processed\faceforensics\real\866\000012.jpg,0,866,real,faceforensics,0.5270440578460693,1
C:\Users\Rohith Syam\Documents\UTS SEMESTER 3\image processing\idea 2\data\processed\faceforensics\real\866\000013.jpg,0,866,real,faceforensics,0.5291767120361328,1
C:\Users\Rohith Syam\Documents\UTS SEMESTER 3\image processing\idea 2\data\processed\faceforensics\real\866\000014.jpg,0,866,real,faceforensics,0.5248367786407471,1
C:\Users\Rohith Syam\Documents\UTS SEMESTER 3\image processing\idea 2\data\processed\faceforensics\real\866\000015.jpg,0,866,real,faceforensics,0.5277687907218933,1
C:\Users\Rohith Syam\Documents\UTS SEMESTER 3\image processing\idea 2\data\processed\faceforensics\real\866\000016.jpg,0,866,real,faceforensics,0.5271793007850647,1
C:\Users\Rohith Syam\Documents\UTS SEMESTER 3\image processing\idea 2\data\processed\faceforensics\real\866\000017.jpg,0,866,real,faceforensics,0.5209112167358398,1
C:\Users\Rohith Syam\Documents\UTS SEMESTER 3\image processing\idea 2\data\processed\faceforensics\real\866\000018.jpg,0,866,real,faceforensics,0.528555691242218,1
C:\Users\Rohith Syam\Documents\UTS SEMESTER 3\image processing\idea 2\data\processed\faceforensics\real\866\000019.jpg,0,866,real,faceforensics,0.5246537923812866,1
C:\Users\Rohith Syam\Documents\UTS SEMESTER 3\image processing\idea 2\data\processed\faceforensics\real\866\000020.jpg,0,866,real,faceforensics,0.5261003971099854,1
C:\Users\Rohith Syam\Documents\UTS SEMESTER 3\image processing\idea 2\data\processed\faceforensics\real\866\000021.jpg,0,866,real,faceforensics,0.5311610698699951,1
C:\Users\Rohith Syam\Documents\UTS SEMESTER 3\image processing\idea 2\data\processed\faceforensics\real\866\000022.jpg,0,866,real,faceforensics,0.5304459929466248,1
C:\Users\Rohith Syam\Documents\UTS SEMESTER 3\image processing\idea 2\data\processed\faceforensics\real\866\000023.jpg,0,866,real,faceforensics,0.5226567983627319,1
C:\Users\Rohith Syam\Documents\UTS SEMESTER 3\image processing\idea 2\data\processed\faceforensics\real\866\000024.jpg,0,866,real,faceforensics,0.5233449935913086,1
C:\Users\Rohith Syam\Documents\UTS SEMESTER 3\image processing\idea 2\data\processed\faceforensics\real\866\000025.jpg,0,866,real,faceforensics,0.5186458826065063,1
C:\Users\Rohith Syam\Documents\UTS SEMESTER 3\image processing\idea 2\data\processed\faceforensics\real\866\000026.jpg,0,866,real,faceforensics,0.5266196131706238,1
C:\Users\Rohith Syam\Documents\UTS SEMESTER 3\image processing\idea 2\data\processed\faceforensics\real\866\000027.jpg,0,866,real,faceforensics,0.5266168713569641,1
C:\Users\Rohith Syam\Documents\UTS SEMESTER 3\image processing\idea 2\data\processed\faceforensics\real\866\000028.jpg,0,866,real,faceforensics,0.5239657759666443,1
C:\Users\Rohith Syam\Documents\UTS SEMESTER 3\image processing\idea 2\data\processed\faceforensics\real\866\000029.jpg,0,866,real,faceforensics,0.525281548500061,1
