"model","method","n","accuracy","precision","recall","f1"
"meso","Deepfakes","450","0.7911111111111111","1.0","0.7911111111111111","0.8833746898263027"
"meso","Face2Face","450","0.5733333333333334","1.0","0.5733333333333334","0.7288135593220338"
"meso","FaceSwap","450","0.36666666666666664","1.0","0.36666666666666664","0.5365853658536586"
"meso","NeuralTextures","450","0.5","1.0","0.5","0.6666666666666666"
"meso","real","450","0.6755555555555556","0.0","0.0","0.0"
"freq_cnn","Deepfakes","450","0.7355555555555555","1.0","0.7355555555555555","0.8476312419974392"
"freq_cnn","Face2Face","450","0.5711111111111111","1.0","0.5711111111111111","0.727015558698727"
"freq_cnn","FaceSwap","450","0.5733333333333334","1.0","0.5733333333333334","0.7288135593220338"
"freq_cnn","NeuralTextures","450","0.5711111111111111","1.0","0.5711111111111111","0.727015558698727"
"freq_cnn","real","450","0.5244444444444445","0.0","0.0","0.0"
"hybrid","Deepfakes","450","0.9155555555555556","1.0","0.9155555555555556","0.9559164733178654"
"hybrid","Face2Face","450","0.9288888888888889","1.0","0.9288888888888889","0.9631336405529954"
"hybrid","FaceSwap","450","0.92","1.0","0.92","0.9583333333333334"
"hybrid","NeuralTextures","450","0.7644444444444445","1.0","0.7644444444444445","0.8664987405541562"
"hybrid","real","450","0.4777777777777778","0.0","0.0","0.0"
"xception","Deepfakes","450","0.7755555555555556","1.0","0.7755555555555556","0.8735919899874843"
"xception","Face2Face","450","0.9066666666666666","1.0","0.9066666666666666","0.951048951048951"
"xception","FaceSwap","450","0.6911111111111111","1.0","0.6911111111111111","0.8173455978975033"
"xception","NeuralTextures","450","0.7022222222222222","1.0","0.7022222222222222","0.825065274151436"
"xception","real","450","0.5266666666666666","0.0","0.0","0.0"
