epoch,train_loss,val_n,val_threshold,val_accuracy,val_balanced_accuracy,val_precision,val_recall,val_specificity,val_false_positive_rate,val_f1,val_auc,val_loss,seconds
1,0.620502025703732,1380,0.41447141766548157,0.6811594202898551,0.6967361111111111,0.5294985250737463,0.7479166666666667,0.6455555555555555,0.35444444444444445,0.6200345423143351,0.7574375000000001,0.5678205870199895,39.24733076900003
2,0.40061728076683245,1380,0.32203757762908936,0.6992753623188406,0.7057638888888889,0.5513428120063191,0.7270833333333333,0.6844444444444444,0.3155555555555556,0.6271338724168913,0.7773032407407408,0.5657689504001452,38.838996791
3,0.303661606323233,1380,0.3067691922187805,0.7536231884057971,0.7542361111111111,0.6194539249146758,0.75625,0.7522222222222222,0.24777777777777776,0.6810506566604128,0.835375,0.5009167291979859,38.96868850300007
4,0.23747476575185927,1380,0.32712823152542114,0.7695652173913043,0.7776388888888889,0.6327868852459017,0.8041666666666667,0.7511111111111111,0.24888888888888894,0.708256880733945,0.8635671296296294,0.4826583436217861,73.58082235800009
5,0.18731901460557246,1380,0.28684210777282715,0.7840579710144927,0.7916666666666667,0.6511627906976745,0.8166666666666667,0.7666666666666667,0.23333333333333328,0.7245841035120147,0.8741041666666668,0.48166085192258806,73.49313049500006
6,0.1557027480049099,1380,0.4506615102291107,0.8057971014492754,0.798125,0.7,0.7729166666666667,0.8233333333333334,0.17666666666666664,0.7346534653465346,0.8846249999999999,0.4825249415592871,73.44303947100002
7,0.131563559628362,1380,0.4309690296649933,0.7891304347826087,0.7984722222222222,0.6556836902800659,0.8291666666666667,0.7677777777777778,0.23222222222222222,0.7322907083716651,0.8871458333333333,0.5275950327515602,73.53804371299998
8,0.11892651374534452,1380,0.45533111691474915,0.7971014492753623,0.7929166666666667,0.6824817518248175,0.7791666666666667,0.8066666666666666,0.19333333333333336,0.7276264591439688,0.8829328703703705,0.52256098135334,73.45469240199998
9,0.11095699116551905,1380,0.44576868414878845,0.7992753623188406,0.793611111111111,0.6876155268022182,0.775,0.8122222222222222,0.18777777777777782,0.7286973555337904,0.8817314814814816,0.5234003701773675,73.47317247699993
10,0.10911141621569792,1380,0.1557193249464035,0.7572463768115942,0.7886111111111112,0.6019690576652602,0.8916666666666667,0.6855555555555556,0.3144444444444444,0.7187237615449202,0.8810648148148148,0.5447156299985405,73.62658606899993
