n,threshold,accuracy,balanced_accuracy,precision,recall,specificity,false_positive_rate,f1,auc,ece,nll,brier,experiment,model,test_dataset,protocol_id,evaluation_unit,condition,threshold_source,seed,num_samples,score_type,split,auc_ci_lower,auc_ci_upper,bootstrap_valid,bootstrap_unit,test_manipulation
4500,0.9622429609298706,0.8566666666666667,0.8712500000000001,0.9700922685332485,0.8469444444444445,0.8955555555555555,0.10444444444444445,0.9043452469227347,0.9401143518518518,0.08230058010087236,0.4410750272369755,0.09413844866171897,baseline_reproduction,hybrid,ffpp_historical,historical_target_video_v1,frame,original,ffpp_validation_checkpoint,42,4500,probability,val,,,,,
4500,0.9074631929397583,0.8146666666666667,0.8383333333333334,0.9631614199598124,0.7988888888888889,0.8777777777777778,0.12222222222222223,0.8733677497722442,0.9166998456790123,0.07861240519506754,0.3630452105673759,0.10139512672028068,baseline_reproduction,xception,ffpp_historical,historical_target_video_v1,frame,original,ffpp_validation_checkpoint,42,4500,probability,val,,,,,
4500,0.9418081650137903,0.85,0.8795833333333334,0.9790370127743203,0.8302777777777778,0.9288888888888889,0.07111111111111112,0.8985420111228017,0.9440132716049384,0.07161772015087263,0.3285473748564983,0.08903534995356073,baseline_reproduction,ensemble,ffpp_historical,historical_target_video_v1,frame,original,ffpp_validation_checkpoint,42,4500,probability,val,,,,,
4500,0.9622429609298706,0.7931111111111111,0.7840277777777778,0.9325769854132901,0.7991666666666667,0.7688888888888888,0.23111111111111116,0.8607329842931937,0.8832910493827162,0.135111240417575,0.729485820238857,0.14188264621258243,baseline_reproduction,hybrid,ffpp_historical,historical_target_video_v1,frame,original,ffpp_validation_checkpoint,42,4500,probability,test,0.8432102507716048,0.9222826697530864,2000.0,target_video,
150,0.9622429609298706,0.72,0.8,0.975609756097561,0.6666666666666666,0.9333333333333333,0.06666666666666665,0.7920792079207921,0.903888888888889,0.08619075482750932,0.34569369074120904,0.1065561244629828,baseline_reproduction,hybrid,ffpp_historical,historical_target_video_v1,video,original,ffpp_validation_checkpoint,42,150,probability,test,0.8602777777777778,0.95,2000.0,target_video,
1800,0.9622429609298706,0.8077777777777778,0.8077777777777777,0.7855670103092783,0.8466666666666667,0.7688888888888888,0.23111111111111116,0.8149732620320855,0.913946913580247,0.17854070525813756,1.022098726944955,0.1863076321349682,baseline_per_method,hybrid,ffpp_historical,historical_target_video_v1,frame,original,ffpp_validation_checkpoint,42,1800,probability,test,,,,,Deepfakes
1800,0.9622429609298706,0.8038888888888889,0.8038888888888889,0.7840083073727934,0.8388888888888889,0.7688888888888888,0.23111111111111116,0.8105206655931294,0.9022061728395061,0.19686822244498456,1.1658400874511285,0.20310967704767952,baseline_per_method,hybrid,ffpp_historical,historical_target_video_v1,frame,original,ffpp_validation_checkpoint,42,1800,probability,test,,,,,Face2Face
1800,0.9622429609298706,0.8022222222222222,0.8022222222222222,0.7833333333333333,0.8355555555555556,0.7688888888888888,0.23111111111111116,0.8086021505376344,0.8932407407407407,0.19677911057657652,1.1428780120759197,0.20260446761796908,baseline_per_method,hybrid,ffpp_historical,historical_target_video_v1,frame,original,ffpp_validation_checkpoint,42,1800,probability,test,,,,,FaceSwap
1800,0.9622429609298706,0.7222222222222222,0.7222222222222222,0.7450980392156863,0.6755555555555556,0.7688888888888888,0.23111111111111116,0.7086247086247086,0.8237703703703704,0.23063829321378748,1.266728563938845,0.24578856763573947,baseline_per_method,hybrid,ffpp_historical,historical_target_video_v1,frame,original,ffpp_validation_checkpoint,42,1800,probability,test,,,,,NeuralTextures
4500,0.9074631929397583,0.7588888888888888,0.7751388888888888,0.9380006966213863,0.7480555555555556,0.8022222222222222,0.19777777777777783,0.83232885180034,0.8616771604938273,0.1351625145688478,0.6086618748995926,0.1479746555455915,baseline_reproduction,xception,ffpp_historical,historical_target_video_v1,frame,original,ffpp_validation_checkpoint,42,4500,probability,test,0.8244832098765432,0.9026303317901233,2000.0,target_video,
150,0.9074631929397583,0.68,0.7625,0.9615384615384616,0.625,0.9,0.09999999999999998,0.7575757575757576,0.8958333333333333,0.10132553073393699,0.3485857617475002,0.11076527937078931,baseline_reproduction,xception,ffpp_historical,historical_target_video_v1,video,original,ffpp_validation_checkpoint,42,150,probability,test,0.8505555555555556,0.9422291666666667,2000.0,target_video,
1800,0.9074631929397583,0.8216666666666667,0.8216666666666667,0.8096256684491978,0.8411111111111111,0.8022222222222222,0.19777777777777783,0.8250681198910081,0.8936697530864197,0.16096748206546496,0.7764646259852211,0.16939591554387723,baseline_per_method,xception,ffpp_historical,historical_target_video_v1,frame,original,ffpp_validation_checkpoint,42,1800,probability,test,,,,,Deepfakes
1800,0.9074631929397583,0.7805555555555556,0.7805555555555554,0.7932636469221835,0.7588888888888888,0.8022222222222222,0.19777777777777783,0.7756956274843839,0.8802493827160494,0.15395909554232592,0.779238313548748,0.1773656076591155,baseline_per_method,xception,ffpp_historical,historical_target_video_v1,frame,original,ffpp_validation_checkpoint,42,1800,probability,test,,,,,Face2Face
1800,0.9074631929397583,0.7627777777777778,0.7627777777777778,0.7852834740651388,0.7233333333333334,0.8022222222222222,0.19777777777777783,0.7530364372469636,0.8474518518518518,0.1623235156478496,0.83333743427776,0.18900786533348304,baseline_per_method,xception,ffpp_historical,historical_target_video_v1,frame,original,ffpp_validation_checkpoint,42,1800,probability,test,,,,,FaceSwap
1800,0.9074631929397583,0.7355555555555555,0.7355555555555555,0.7717948717948718,0.6688888888888889,0.8022222222222222,0.19777777777777783,0.7166666666666667,0.8253376543209876,0.19870678663187202,0.9670593265192854,0.22197479748596013,baseline_per_method,xception,ffpp_historical,historical_target_video_v1,frame,original,ffpp_validation_checkpoint,42,1800,probability,test,,,,,NeuralTextures
4500,0.9418081650137903,0.7715555555555556,0.7847222222222222,0.9404109589041096,0.7627777777777778,0.8066666666666666,0.19333333333333336,0.8423312883435583,0.8805143518518518,0.12435811302928394,0.5500852793057627,0.13530840792128226,baseline_reproduction,ensemble,ffpp_historical,historical_target_video_v1,frame,original,ffpp_validation_checkpoint,42,4500,probability,test,0.8421753086419752,0.9207046064814814,2000.0,target_video,
576,0.9622429609298706,0.5243055555555556,0.5243055555555556,0.6666666666666666,0.09722222222222222,0.9513888888888888,0.04861111111111116,0.1696969696969697,0.38570601851851855,0.4643198389054059,3.1259440535699636,0.47387212673382284,baseline_reproduction,hybrid,external_original,historical_target_video_v1,frame,original,ffpp_validation_checkpoint,42,576,probability,external_test,0.3386619963972763,0.4303267043231898,2000.0,image,
576,0.9074631929397583,0.5121527777777778,0.5121527777777778,0.5636363636363636,0.1076388888888889,0.9166666666666666,0.08333333333333337,0.18075801749271136,0.3898775077160494,0.42776233990704643,2.296333422378116,0.4578491718993998,baseline_reproduction,xception,external_original,historical_target_video_v1,frame,original,ffpp_validation_checkpoint,42,576,probability,external_test,0.34327300142901784,0.4355912083889542,2000.0,image,
576,0.9418081650137903,0.5225694444444444,0.5225694444444444,0.6585365853658537,0.09375,0.9513888888888888,0.04861111111111116,0.1641337386018237,0.3822940779320988,0.4456398702659873,2.562521710585222,0.46336912244592504,baseline_reproduction,ensemble,external_original,historical_target_video_v1,frame,original,ffpp_validation_checkpoint,42,576,probability,external_test,0.3342306137055066,0.4272999240812972,2000.0,image,
