experiment,model,test_dataset,protocol_id,evaluation_unit,condition,auc,auc_ci_lower,auc_ci_upper,bootstrap_valid,score_type,score_orientation,num_samples,seed,bootstrap_unit,checkpoint,test_manipulation
reconstruction,SD15_VAE_mse,ffpp_source_safe,source_video_disjoint_v1,image,normalized_256_vae,0.6338194444444444,0.4846661086309524,0.8329456018518518,1972,non_probability,-MSE,600,42,source_video_component,stable-diffusion-v1-5/stable-diffusion-v1-5:vae (compatibility assumption),
reconstruction,SD15_VAE_mse,ffpp_source_safe,source_video_disjoint_v1,image,normalized_256_vae,0.6413888888888889,0.4981776819923372,0.8410802469135793,1972,non_probability,-MSE,240,42,source_video_component,stable-diffusion-v1-5/stable-diffusion-v1-5:vae (compatibility assumption),Deepfakes
reconstruction,SD15_VAE_mse,ffpp_source_safe,source_video_disjoint_v1,image,normalized_256_vae,0.61,0.43565528549382715,0.8082714671516755,1972,non_probability,-MSE,240,42,source_video_component,stable-diffusion-v1-5/stable-diffusion-v1-5:vae (compatibility assumption),Face2Face
reconstruction,SD15_VAE_mse,ffpp_source_safe,source_video_disjoint_v1,image,normalized_256_vae,0.5845833333333333,0.4192962962962963,0.794408482142857,1972,non_probability,-MSE,240,42,source_video_component,stable-diffusion-v1-5/stable-diffusion-v1-5:vae (compatibility assumption),FaceSwap
reconstruction,SD15_VAE_mse,ffpp_source_safe,source_video_disjoint_v1,image,normalized_256_vae,0.6993055555555555,0.5634574353448276,0.8830858686067017,1972,non_probability,-MSE,240,42,source_video_component,stable-diffusion-v1-5/stable-diffusion-v1-5:vae (compatibility assumption),NeuralTextures
reconstruction,SD15_VAE_ssim,ffpp_source_safe,source_video_disjoint_v1,image,normalized_256_vae,0.6073958333333334,0.3902633288530466,0.8411207217261903,1972,non_probability,+SSIM,600,42,source_video_component,stable-diffusion-v1-5/stable-diffusion-v1-5:vae (compatibility assumption),
reconstruction,SD15_VAE_ssim,ffpp_source_safe,source_video_disjoint_v1,image,normalized_256_vae,0.6124305555555556,0.39951388888888884,0.8519866071428571,1972,non_probability,+SSIM,240,42,source_video_component,stable-diffusion-v1-5/stable-diffusion-v1-5:vae (compatibility assumption),Deepfakes
reconstruction,SD15_VAE_ssim,ffpp_source_safe,source_video_disjoint_v1,image,normalized_256_vae,0.5697222222222222,0.34109913793103447,0.8039954501915708,1972,non_probability,+SSIM,240,42,source_video_component,stable-diffusion-v1-5/stable-diffusion-v1-5:vae (compatibility assumption),Face2Face
reconstruction,SD15_VAE_ssim,ffpp_source_safe,source_video_disjoint_v1,image,normalized_256_vae,0.5633333333333334,0.34103819444444444,0.8151472938712513,1972,non_probability,+SSIM,240,42,source_video_component,stable-diffusion-v1-5/stable-diffusion-v1-5:vae (compatibility assumption),FaceSwap
reconstruction,SD15_VAE_ssim,ffpp_source_safe,source_video_disjoint_v1,image,normalized_256_vae,0.6840972222222221,0.47530555555555554,0.8965112813963388,1972,non_probability,+SSIM,240,42,source_video_component,stable-diffusion-v1-5/stable-diffusion-v1-5:vae (compatibility assumption),NeuralTextures
reconstruction,SD15_VAE_lpips,ffpp_source_safe,source_video_disjoint_v1,image,normalized_256_vae,0.5501388888888888,0.3986266163793103,0.7346913580246912,1972,non_probability,-LPIPS,600,42,source_video_component,stable-diffusion-v1-5/stable-diffusion-v1-5:vae (compatibility assumption),
reconstruction,SD15_VAE_lpips,ffpp_source_safe,source_video_disjoint_v1,image,normalized_256_vae,0.5277777777777778,0.38096698633156967,0.6947227733686067,1972,non_probability,-LPIPS,240,42,source_video_component,stable-diffusion-v1-5/stable-diffusion-v1-5:vae (compatibility assumption),Deepfakes
reconstruction,SD15_VAE_lpips,ffpp_source_safe,source_video_disjoint_v1,image,normalized_256_vae,0.5210416666666667,0.3667515432098765,0.7154315476190475,1972,non_probability,-LPIPS,240,42,source_video_component,stable-diffusion-v1-5/stable-diffusion-v1-5:vae (compatibility assumption),Face2Face
reconstruction,SD15_VAE_lpips,ffpp_source_safe,source_video_disjoint_v1,image,normalized_256_vae,0.5188194444444444,0.35777121913580245,0.7012224426807759,1972,non_probability,-LPIPS,240,42,source_video_component,stable-diffusion-v1-5/stable-diffusion-v1-5:vae (compatibility assumption),FaceSwap
reconstruction,SD15_VAE_lpips,ffpp_source_safe,source_video_disjoint_v1,image,normalized_256_vae,0.6329166666666667,0.486236319124424,0.8270987654320986,1972,non_probability,-LPIPS,240,42,source_video_component,stable-diffusion-v1-5/stable-diffusion-v1-5:vae (compatibility assumption),NeuralTextures
