image_path,label,video_id,method,dataset,sample_id,target_group,source_video_ids,actual_video_id,split,protocol_id
faceforensics/real/062/000010.jpg,0,62,real,FaceForensics++,faceforensics/real/062/000010.jpg,62,62,062,test,source_video_disjoint_v1
faceforensics/real/938/000017.jpg,0,938,real,FaceForensics++,faceforensics/real/938/000017.jpg,938,938,938,test,source_video_disjoint_v1
faceforensics/real/257/000021.jpg,0,257,real,FaceForensics++,faceforensics/real/257/000021.jpg,257,257,257,test,source_video_disjoint_v1
faceforensics/real/672/000018.jpg,0,672,real,FaceForensics++,faceforensics/real/672/000018.jpg,672,672,672,test,source_video_disjoint_v1
faceforensics/real/008/000009.jpg,0,8,real,FaceForensics++,faceforensics/real/008/000009.jpg,8,8,008,test,source_video_disjoint_v1
faceforensics/real/779/000011.jpg,0,779,real,FaceForensics++,faceforensics/real/779/000011.jpg,779,779,779,test,source_video_disjoint_v1
faceforensics/real/438/000029.jpg,0,438,real,FaceForensics++,faceforensics/real/438/000029.jpg,438,438,438,test,source_video_disjoint_v1
faceforensics/real/096/000020.jpg,0,96,real,FaceForensics++,faceforensics/real/096/000020.jpg,96,96,096,test,source_video_disjoint_v1
faceforensics/real/192/000019.jpg,0,192,real,FaceForensics++,faceforensics/real/192/000019.jpg,192,192,192,test,source_video_disjoint_v1
faceforensics/real/599/000023.jpg,0,599,real,FaceForensics++,faceforensics/real/599/000023.jpg,599,599,599,test,source_video_disjoint_v1
faceforensics/real/876/000021.jpg,0,876,real,FaceForensics++,faceforensics/real/876/000021.jpg,876,876,876,test,source_video_disjoint_v1
faceforensics/real/737/000021.jpg,0,737,real,FaceForensics++,faceforensics/real/737/000021.jpg,737,737,737,test,source_video_disjoint_v1
faceforensics/real/210/000018.jpg,0,210,real,FaceForensics++,faceforensics/real/210/000018.jpg,210,210,210,test,source_video_disjoint_v1
faceforensics/real/488/000002.jpg,0,488,real,FaceForensics++,faceforensics/real/488/000002.jpg,488,488,488,test,source_video_disjoint_v1
faceforensics/real/719/000028.jpg,0,719,real,FaceForensics++,faceforensics/real/719/000028.jpg,719,719,719,test,source_video_disjoint_v1
faceforensics/real/448/000003.jpg,0,448,real,FaceForensics++,faceforensics/real/448/000003.jpg,448,448,448,test,source_video_disjoint_v1
faceforensics/real/651/000002.jpg,0,651,real,FaceForensics++,faceforensics/real/651/000002.jpg,651,651,651,test,source_video_disjoint_v1
faceforensics/real/683/000028.jpg,0,683,real,FaceForensics++,faceforensics/real/683/000028.jpg,683,683,683,test,source_video_disjoint_v1
faceforensics/real/258/000020.jpg,0,258,real,FaceForensics++,faceforensics/real/258/000020.jpg,258,258,258,test,source_video_disjoint_v1
faceforensics/real/835/000006.jpg,0,835,real,FaceForensics++,faceforensics/real/835/000006.jpg,835,835,835,test,source_video_disjoint_v1
faceforensics/real/677/000015.jpg,0,677,real,FaceForensics++,faceforensics/real/677/000015.jpg,677,677,677,test,source_video_disjoint_v1
faceforensics/real/004/000023.jpg,0,4,real,FaceForensics++,faceforensics/real/004/000023.jpg,4,4,004,test,source_video_disjoint_v1
faceforensics/real/246/000029.jpg,0,246,real,FaceForensics++,faceforensics/real/246/000029.jpg,246,246,246,test,source_video_disjoint_v1
faceforensics/real/468/000010.jpg,0,468,real,FaceForensics++,faceforensics/real/468/000010.jpg,468,468,468,test,source_video_disjoint_v1
faceforensics/real/598/000014.jpg,0,598,real,FaceForensics++,faceforensics/real/598/000014.jpg,598,598,598,test,source_video_disjoint_v1
faceforensics/real/554/000003.jpg,0,554,real,FaceForensics++,faceforensics/real/554/000003.jpg,554,554,554,test,source_video_disjoint_v1
faceforensics/real/470/000006.jpg,0,470,real,FaceForensics++,faceforensics/real/470/000006.jpg,470,470,470,test,source_video_disjoint_v1
faceforensics/real/439/000002.jpg,0,439,real,FaceForensics++,faceforensics/real/439/000002.jpg,439,439,439,test,source_video_disjoint_v1
faceforensics/real/942/000003.jpg,0,942,real,FaceForensics++,faceforensics/real/942/000003.jpg,942,942,942,test,source_video_disjoint_v1
faceforensics/real/969/000025.jpg,0,969,real,FaceForensics++,faceforensics/real/969/000025.jpg,969,969,969,test,source_video_disjoint_v1
faceforensics/real/062/000012.jpg,0,62,real,FaceForensics++,faceforensics/real/062/000012.jpg,62,62,062,test,source_video_disjoint_v1
faceforensics/real/192/000000.jpg,0,192,real,FaceForensics++,faceforensics/real/192/000000.jpg,192,192,192,test,source_video_disjoint_v1
faceforensics/real/672/000020.jpg,0,672,real,FaceForensics++,faceforensics/real/672/000020.jpg,672,672,672,test,source_video_disjoint_v1
faceforensics/real/488/000027.jpg,0,488,real,FaceForensics++,faceforensics/real/488/000027.jpg,488,488,488,test,source_video_disjoint_v1
faceforensics/real/257/000001.jpg,0,257,real,FaceForensics++,faceforensics/real/257/000001.jpg,257,257,257,test,source_video_disjoint_v1
faceforensics/real/779/000021.jpg,0,779,real,FaceForensics++,faceforensics/real/779/000021.jpg,779,779,779,test,source_video_disjoint_v1
faceforensics/real/448/000014.jpg,0,448,real,FaceForensics++,faceforensics/real/448/000014.jpg,448,448,448,test,source_video_disjoint_v1
faceforensics/real/008/000000.jpg,0,8,real,FaceForensics++,faceforensics/real/008/000000.jpg,8,8,008,test,source_video_disjoint_v1
faceforensics/real/938/000027.jpg,0,938,real,FaceForensics++,faceforensics/real/938/000027.jpg,938,938,938,test,source_video_disjoint_v1
faceforensics/real/599/000012.jpg,0,599,real,FaceForensics++,faceforensics/real/599/000012.jpg,599,599,599,test,source_video_disjoint_v1
faceforensics/real/438/000028.jpg,0,438,real,FaceForensics++,faceforensics/real/438/000028.jpg,438,438,438,test,source_video_disjoint_v1
faceforensics/real/719/000015.jpg,0,719,real,FaceForensics++,faceforensics/real/719/000015.jpg,719,719,719,test,source_video_disjoint_v1
faceforensics/real/683/000022.jpg,0,683,real,FaceForensics++,faceforensics/real/683/000022.jpg,683,683,683,test,source_video_disjoint_v1
faceforensics/real/677/000025.jpg,0,677,real,FaceForensics++,faceforensics/real/677/000025.jpg,677,677,677,test,source_video_disjoint_v1
faceforensics/real/651/000009.jpg,0,651,real,FaceForensics++,faceforensics/real/651/000009.jpg,651,651,651,test,source_video_disjoint_v1
faceforensics/real/258/000007.jpg,0,258,real,FaceForensics++,faceforensics/real/258/000007.jpg,258,258,258,test,source_video_disjoint_v1
faceforensics/real/470/000000.jpg,0,470,real,FaceForensics++,faceforensics/real/470/000000.jpg,470,470,470,test,source_video_disjoint_v1
faceforensics/real/246/000028.jpg,0,246,real,FaceForensics++,faceforensics/real/246/000028.jpg,246,246,246,test,source_video_disjoint_v1
faceforensics/real/439/000028.jpg,0,439,real,FaceForensics++,faceforensics/real/439/000028.jpg,439,439,439,test,source_video_disjoint_v1
faceforensics/real/468/000001.jpg,0,468,real,FaceForensics++,faceforensics/real/468/000001.jpg,468,468,468,test,source_video_disjoint_v1
faceforensics/real/598/000013.jpg,0,598,real,FaceForensics++,faceforensics/real/598/000013.jpg,598,598,598,test,source_video_disjoint_v1
faceforensics/real/210/000024.jpg,0,210,real,FaceForensics++,faceforensics/real/210/000024.jpg,210,210,210,test,source_video_disjoint_v1
faceforensics/real/835/000027.jpg,0,835,real,FaceForensics++,faceforensics/real/835/000027.jpg,835,835,835,test,source_video_disjoint_v1
faceforensics/real/876/000020.jpg,0,876,real,FaceForensics++,faceforensics/real/876/000020.jpg,876,876,876,test,source_video_disjoint_v1
faceforensics/real/969/000004.jpg,0,969,real,FaceForensics++,faceforensics/real/969/000004.jpg,969,969,969,test,source_video_disjoint_v1
faceforensics/real/554/000015.jpg,0,554,real,FaceForensics++,faceforensics/real/554/000015.jpg,554,554,554,test,source_video_disjoint_v1
faceforensics/real/096/000006.jpg,0,96,real,FaceForensics++,faceforensics/real/096/000006.jpg,96,96,096,test,source_video_disjoint_v1
faceforensics/real/942/000017.jpg,0,942,real,FaceForensics++,faceforensics/real/942/000017.jpg,942,942,942,test,source_video_disjoint_v1
faceforensics/real/737/000019.jpg,0,737,real,FaceForensics++,faceforensics/real/737/000019.jpg,737,737,737,test,source_video_disjoint_v1
faceforensics/real/004/000005.jpg,0,4,real,FaceForensics++,faceforensics/real/004/000005.jpg,4,4,004,test,source_video_disjoint_v1
faceforensics/real/062/000026.jpg,0,62,real,FaceForensics++,faceforensics/real/062/000026.jpg,62,62,062,test,source_video_disjoint_v1
faceforensics/real/599/000021.jpg,0,599,real,FaceForensics++,faceforensics/real/599/000021.jpg,599,599,599,test,source_video_disjoint_v1
faceforensics/real/672/000019.jpg,0,672,real,FaceForensics++,faceforensics/real/672/000019.jpg,672,672,672,test,source_video_disjoint_v1
faceforensics/real/488/000011.jpg,0,488,real,FaceForensics++,faceforensics/real/488/000011.jpg,488,488,488,test,source_video_disjoint_v1
faceforensics/real/257/000029.jpg,0,257,real,FaceForensics++,faceforensics/real/257/000029.jpg,257,257,257,test,source_video_disjoint_v1
faceforensics/real/779/000024.jpg,0,779,real,FaceForensics++,faceforensics/real/779/000024.jpg,779,779,779,test,source_video_disjoint_v1
faceforensics/real/938/000022.jpg,0,938,real,FaceForensics++,faceforensics/real/938/000022.jpg,938,938,938,test,source_video_disjoint_v1
faceforensics/real/448/000022.jpg,0,448,real,FaceForensics++,faceforensics/real/448/000022.jpg,448,448,448,test,source_video_disjoint_v1
faceforensics/real/438/000010.jpg,0,438,real,FaceForensics++,faceforensics/real/438/000010.jpg,438,438,438,test,source_video_disjoint_v1
faceforensics/real/192/000017.jpg,0,192,real,FaceForensics++,faceforensics/real/192/000017.jpg,192,192,192,test,source_video_disjoint_v1
faceforensics/real/651/000003.jpg,0,651,real,FaceForensics++,faceforensics/real/651/000003.jpg,651,651,651,test,source_video_disjoint_v1
faceforensics/real/008/000014.jpg,0,8,real,FaceForensics++,faceforensics/real/008/000014.jpg,8,8,008,test,source_video_disjoint_v1
faceforensics/real/246/000018.jpg,0,246,real,FaceForensics++,faceforensics/real/246/000018.jpg,246,246,246,test,source_video_disjoint_v1
faceforensics/real/719/000008.jpg,0,719,real,FaceForensics++,faceforensics/real/719/000008.jpg,719,719,719,test,source_video_disjoint_v1
faceforensics/real/677/000026.jpg,0,677,real,FaceForensics++,faceforensics/real/677/000026.jpg,677,677,677,test,source_video_disjoint_v1
faceforensics/real/439/000014.jpg,0,439,real,FaceForensics++,faceforensics/real/439/000014.jpg,439,439,439,test,source_video_disjoint_v1
faceforensics/real/468/000021.jpg,0,468,real,FaceForensics++,faceforensics/real/468/000021.jpg,468,468,468,test,source_video_disjoint_v1
faceforensics/real/598/000005.jpg,0,598,real,FaceForensics++,faceforensics/real/598/000005.jpg,598,598,598,test,source_video_disjoint_v1
faceforensics/real/876/000029.jpg,0,876,real,FaceForensics++,faceforensics/real/876/000029.jpg,876,876,876,test,source_video_disjoint_v1
faceforensics/real/835/000028.jpg,0,835,real,FaceForensics++,faceforensics/real/835/000028.jpg,835,835,835,test,source_video_disjoint_v1
faceforensics/real/470/000008.jpg,0,470,real,FaceForensics++,faceforensics/real/470/000008.jpg,470,470,470,test,source_video_disjoint_v1
faceforensics/real/683/000001.jpg,0,683,real,FaceForensics++,faceforensics/real/683/000001.jpg,683,683,683,test,source_video_disjoint_v1
faceforensics/real/969/000015.jpg,0,969,real,FaceForensics++,faceforensics/real/969/000015.jpg,969,969,969,test,source_video_disjoint_v1
faceforensics/real/258/000025.jpg,0,258,real,FaceForensics++,faceforensics/real/258/000025.jpg,258,258,258,test,source_video_disjoint_v1
faceforensics/real/210/000015.jpg,0,210,real,FaceForensics++,faceforensics/real/210/000015.jpg,210,210,210,test,source_video_disjoint_v1
faceforensics/real/096/000019.jpg,0,96,real,FaceForensics++,faceforensics/real/096/000019.jpg,96,96,096,test,source_video_disjoint_v1
faceforensics/real/737/000003.jpg,0,737,real,FaceForensics++,faceforensics/real/737/000003.jpg,737,737,737,test,source_video_disjoint_v1
faceforensics/real/554/000014.jpg,0,554,real,FaceForensics++,faceforensics/real/554/000014.jpg,554,554,554,test,source_video_disjoint_v1
faceforensics/real/004/000025.jpg,0,4,real,FaceForensics++,faceforensics/real/004/000025.jpg,4,4,004,test,source_video_disjoint_v1
faceforensics/real/942/000010.jpg,0,942,real,FaceForensics++,faceforensics/real/942/000010.jpg,942,942,942,test,source_video_disjoint_v1
faceforensics/real/062/000007.jpg,0,62,real,FaceForensics++,faceforensics/real/062/000007.jpg,62,62,062,test,source_video_disjoint_v1
faceforensics/real/257/000005.jpg,0,257,real,FaceForensics++,faceforensics/real/257/000005.jpg,257,257,257,test,source_video_disjoint_v1
faceforensics/real/599/000009.jpg,0,599,real,FaceForensics++,faceforensics/real/599/000009.jpg,599,599,599,test,source_video_disjoint_v1
faceforensics/real/779/000019.jpg,0,779,real,FaceForensics++,faceforensics/real/779/000019.jpg,779,779,779,test,source_video_disjoint_v1
faceforensics/real/488/000028.jpg,0,488,real,FaceForensics++,faceforensics/real/488/000028.jpg,488,488,488,test,source_video_disjoint_v1
faceforensics/real/672/000013.jpg,0,672,real,FaceForensics++,faceforensics/real/672/000013.jpg,672,672,672,test,source_video_disjoint_v1
faceforensics/real/938/000016.jpg,0,938,real,FaceForensics++,faceforensics/real/938/000016.jpg,938,938,938,test,source_video_disjoint_v1
faceforensics/real/192/000016.jpg,0,192,real,FaceForensics++,faceforensics/real/192/000016.jpg,192,192,192,test,source_video_disjoint_v1
faceforensics/real/719/000004.jpg,0,719,real,FaceForensics++,faceforensics/real/719/000004.jpg,719,719,719,test,source_video_disjoint_v1
faceforensics/real/448/000016.jpg,0,448,real,FaceForensics++,faceforensics/real/448/000016.jpg,448,448,448,test,source_video_disjoint_v1
faceforensics/real/651/000005.jpg,0,651,real,FaceForensics++,faceforensics/real/651/000005.jpg,651,651,651,test,source_video_disjoint_v1
faceforensics/real/246/000016.jpg,0,246,real,FaceForensics++,faceforensics/real/246/000016.jpg,246,246,246,test,source_video_disjoint_v1
faceforensics/real/835/000001.jpg,0,835,real,FaceForensics++,faceforensics/real/835/000001.jpg,835,835,835,test,source_video_disjoint_v1
faceforensics/real/470/000015.jpg,0,470,real,FaceForensics++,faceforensics/real/470/000015.jpg,470,470,470,test,source_video_disjoint_v1
faceforensics/real/876/000014.jpg,0,876,real,FaceForensics++,faceforensics/real/876/000014.jpg,876,876,876,test,source_video_disjoint_v1
faceforensics/real/598/000001.jpg,0,598,real,FaceForensics++,faceforensics/real/598/000001.jpg,598,598,598,test,source_video_disjoint_v1
faceforensics/real/969/000021.jpg,0,969,real,FaceForensics++,faceforensics/real/969/000021.jpg,969,969,969,test,source_video_disjoint_v1
faceforensics/real/439/000026.jpg,0,439,real,FaceForensics++,faceforensics/real/439/000026.jpg,439,439,439,test,source_video_disjoint_v1
faceforensics/real/438/000024.jpg,0,438,real,FaceForensics++,faceforensics/real/438/000024.jpg,438,438,438,test,source_video_disjoint_v1
faceforensics/real/468/000003.jpg,0,468,real,FaceForensics++,faceforensics/real/468/000003.jpg,468,468,468,test,source_video_disjoint_v1
faceforensics/real/677/000003.jpg,0,677,real,FaceForensics++,faceforensics/real/677/000003.jpg,677,677,677,test,source_video_disjoint_v1
faceforensics/real/258/000010.jpg,0,258,real,FaceForensics++,faceforensics/real/258/000010.jpg,258,258,258,test,source_video_disjoint_v1
faceforensics/real/008/000019.jpg,0,8,real,FaceForensics++,faceforensics/real/008/000019.jpg,8,8,008,test,source_video_disjoint_v1
faceforensics/real/683/000027.jpg,0,683,real,FaceForensics++,faceforensics/real/683/000027.jpg,683,683,683,test,source_video_disjoint_v1
faceforensics/real/554/000012.jpg,0,554,real,FaceForensics++,faceforensics/real/554/000012.jpg,554,554,554,test,source_video_disjoint_v1
faceforensics/real/096/000007.jpg,0,96,real,FaceForensics++,faceforensics/real/096/000007.jpg,96,96,096,test,source_video_disjoint_v1
faceforensics/real/004/000010.jpg,0,4,real,FaceForensics++,faceforensics/real/004/000010.jpg,4,4,004,test,source_video_disjoint_v1
faceforensics/real/942/000022.jpg,0,942,real,FaceForensics++,faceforensics/real/942/000022.jpg,942,942,942,test,source_video_disjoint_v1
faceforensics/real/737/000007.jpg,0,737,real,FaceForensics++,faceforensics/real/737/000007.jpg,737,737,737,test,source_video_disjoint_v1
faceforensics/real/210/000005.jpg,0,210,real,FaceForensics++,faceforensics/real/210/000005.jpg,210,210,210,test,source_video_disjoint_v1
faceforensics/Deepfakes/246_258/000024.jpg,1,246,Deepfakes,FaceForensics++,faceforensics/Deepfakes/246_258/000024.jpg,246,246|258,246_258,test,source_video_disjoint_v1
faceforensics/Deepfakes/470_468/000003.jpg,1,470,Deepfakes,FaceForensics++,faceforensics/Deepfakes/470_468/000003.jpg,470,470|468,470_468,test,source_video_disjoint_v1
faceforensics/Deepfakes/719_737/000022.jpg,1,719,Deepfakes,FaceForensics++,faceforensics/Deepfakes/719_737/000022.jpg,719,719|737,719_737,test,source_video_disjoint_v1
faceforensics/Deepfakes/835_651/000023.jpg,1,835,Deepfakes,FaceForensics++,faceforensics/Deepfakes/835_651/000023.jpg,835,835|651,835_651,test,source_video_disjoint_v1
faceforensics/Deepfakes/468_470/000026.jpg,1,468,Deepfakes,FaceForensics++,faceforensics/Deepfakes/468_470/000026.jpg,468,468|470,468_470,test,source_video_disjoint_v1
faceforensics/Deepfakes/651_835/000023.jpg,1,651,Deepfakes,FaceForensics++,faceforensics/Deepfakes/651_835/000023.jpg,651,651|835,651_835,test,source_video_disjoint_v1
faceforensics/Deepfakes/258_246/000015.jpg,1,258,Deepfakes,FaceForensics++,faceforensics/Deepfakes/258_246/000015.jpg,258,258|246,258_246,test,source_video_disjoint_v1
faceforensics/Deepfakes/737_719/000026.jpg,1,737,Deepfakes,FaceForensics++,faceforensics/Deepfakes/737_719/000026.jpg,737,737|719,737_719,test,source_video_disjoint_v1
faceforensics/Deepfakes/246_258/000006.jpg,1,246,Deepfakes,FaceForensics++,faceforensics/Deepfakes/246_258/000006.jpg,246,246|258,246_258,test,source_video_disjoint_v1
faceforensics/Deepfakes/470_468/000019.jpg,1,470,Deepfakes,FaceForensics++,faceforensics/Deepfakes/470_468/000019.jpg,470,470|468,470_468,test,source_video_disjoint_v1
faceforensics/Deepfakes/719_737/000018.jpg,1,719,Deepfakes,FaceForensics++,faceforensics/Deepfakes/719_737/000018.jpg,719,719|737,719_737,test,source_video_disjoint_v1
faceforensics/Deepfakes/835_651/000020.jpg,1,835,Deepfakes,FaceForensics++,faceforensics/Deepfakes/835_651/000020.jpg,835,835|651,835_651,test,source_video_disjoint_v1
faceforensics/Deepfakes/737_719/000005.jpg,1,737,Deepfakes,FaceForensics++,faceforensics/Deepfakes/737_719/000005.jpg,737,737|719,737_719,test,source_video_disjoint_v1
faceforensics/Deepfakes/651_835/000005.jpg,1,651,Deepfakes,FaceForensics++,faceforensics/Deepfakes/651_835/000005.jpg,651,651|835,651_835,test,source_video_disjoint_v1
faceforensics/Deepfakes/258_246/000000.jpg,1,258,Deepfakes,FaceForensics++,faceforensics/Deepfakes/258_246/000000.jpg,258,258|246,258_246,test,source_video_disjoint_v1
faceforensics/Deepfakes/468_470/000009.jpg,1,468,Deepfakes,FaceForensics++,faceforensics/Deepfakes/468_470/000009.jpg,468,468|470,468_470,test,source_video_disjoint_v1
faceforensics/Deepfakes/470_468/000014.jpg,1,470,Deepfakes,FaceForensics++,faceforensics/Deepfakes/470_468/000014.jpg,470,470|468,470_468,test,source_video_disjoint_v1
faceforensics/Deepfakes/246_258/000009.jpg,1,246,Deepfakes,FaceForensics++,faceforensics/Deepfakes/246_258/000009.jpg,246,246|258,246_258,test,source_video_disjoint_v1
faceforensics/Deepfakes/719_737/000002.jpg,1,719,Deepfakes,FaceForensics++,faceforensics/Deepfakes/719_737/000002.jpg,719,719|737,719_737,test,source_video_disjoint_v1
faceforensics/Deepfakes/651_835/000007.jpg,1,651,Deepfakes,FaceForensics++,faceforensics/Deepfakes/651_835/000007.jpg,651,651|835,651_835,test,source_video_disjoint_v1
faceforensics/Deepfakes/835_651/000025.jpg,1,835,Deepfakes,FaceForensics++,faceforensics/Deepfakes/835_651/000025.jpg,835,835|651,835_651,test,source_video_disjoint_v1
faceforensics/Deepfakes/737_719/000021.jpg,1,737,Deepfakes,FaceForensics++,faceforensics/Deepfakes/737_719/000021.jpg,737,737|719,737_719,test,source_video_disjoint_v1
faceforensics/Deepfakes/258_246/000025.jpg,1,258,Deepfakes,FaceForensics++,faceforensics/Deepfakes/258_246/000025.jpg,258,258|246,258_246,test,source_video_disjoint_v1
faceforensics/Deepfakes/468_470/000019.jpg,1,468,Deepfakes,FaceForensics++,faceforensics/Deepfakes/468_470/000019.jpg,468,468|470,468_470,test,source_video_disjoint_v1
faceforensics/Deepfakes/470_468/000024.jpg,1,470,Deepfakes,FaceForensics++,faceforensics/Deepfakes/470_468/000024.jpg,470,470|468,470_468,test,source_video_disjoint_v1
faceforensics/Deepfakes/246_258/000015.jpg,1,246,Deepfakes,FaceForensics++,faceforensics/Deepfakes/246_258/000015.jpg,246,246|258,246_258,test,source_video_disjoint_v1
faceforensics/Deepfakes/719_737/000026.jpg,1,719,Deepfakes,FaceForensics++,faceforensics/Deepfakes/719_737/000026.jpg,719,719|737,719_737,test,source_video_disjoint_v1
faceforensics/Deepfakes/835_651/000027.jpg,1,835,Deepfakes,FaceForensics++,faceforensics/Deepfakes/835_651/000027.jpg,835,835|651,835_651,test,source_video_disjoint_v1
faceforensics/Deepfakes/737_719/000002.jpg,1,737,Deepfakes,FaceForensics++,faceforensics/Deepfakes/737_719/000002.jpg,737,737|719,737_719,test,source_video_disjoint_v1
faceforensics/Deepfakes/468_470/000006.jpg,1,468,Deepfakes,FaceForensics++,faceforensics/Deepfakes/468_470/000006.jpg,468,468|470,468_470,test,source_video_disjoint_v1
faceforensics/Deepfakes/258_246/000008.jpg,1,258,Deepfakes,FaceForensics++,faceforensics/Deepfakes/258_246/000008.jpg,258,258|246,258_246,test,source_video_disjoint_v1
faceforensics/Deepfakes/651_835/000019.jpg,1,651,Deepfakes,FaceForensics++,faceforensics/Deepfakes/651_835/000019.jpg,651,651|835,651_835,test,source_video_disjoint_v1
faceforensics/Deepfakes/470_468/000023.jpg,1,470,Deepfakes,FaceForensics++,faceforensics/Deepfakes/470_468/000023.jpg,470,470|468,470_468,test,source_video_disjoint_v1
faceforensics/Deepfakes/246_258/000019.jpg,1,246,Deepfakes,FaceForensics++,faceforensics/Deepfakes/246_258/000019.jpg,246,246|258,246_258,test,source_video_disjoint_v1
faceforensics/Deepfakes/719_737/000000.jpg,1,719,Deepfakes,FaceForensics++,faceforensics/Deepfakes/719_737/000000.jpg,719,719|737,719_737,test,source_video_disjoint_v1
faceforensics/Deepfakes/835_651/000018.jpg,1,835,Deepfakes,FaceForensics++,faceforensics/Deepfakes/835_651/000018.jpg,835,835|651,835_651,test,source_video_disjoint_v1
faceforensics/Deepfakes/737_719/000012.jpg,1,737,Deepfakes,FaceForensics++,faceforensics/Deepfakes/737_719/000012.jpg,737,737|719,737_719,test,source_video_disjoint_v1
faceforensics/Deepfakes/468_470/000000.jpg,1,468,Deepfakes,FaceForensics++,faceforensics/Deepfakes/468_470/000000.jpg,468,468|470,468_470,test,source_video_disjoint_v1
faceforensics/Deepfakes/651_835/000016.jpg,1,651,Deepfakes,FaceForensics++,faceforensics/Deepfakes/651_835/000016.jpg,651,651|835,651_835,test,source_video_disjoint_v1
faceforensics/Deepfakes/258_246/000026.jpg,1,258,Deepfakes,FaceForensics++,faceforensics/Deepfakes/258_246/000026.jpg,258,258|246,258_246,test,source_video_disjoint_v1
faceforensics/Deepfakes/246_258/000010.jpg,1,246,Deepfakes,FaceForensics++,faceforensics/Deepfakes/246_258/000010.jpg,246,246|258,246_258,test,source_video_disjoint_v1
faceforensics/Deepfakes/719_737/000003.jpg,1,719,Deepfakes,FaceForensics++,faceforensics/Deepfakes/719_737/000003.jpg,719,719|737,719_737,test,source_video_disjoint_v1
faceforensics/Deepfakes/470_468/000006.jpg,1,470,Deepfakes,FaceForensics++,faceforensics/Deepfakes/470_468/000006.jpg,470,470|468,470_468,test,source_video_disjoint_v1
faceforensics/Deepfakes/835_651/000017.jpg,1,835,Deepfakes,FaceForensics++,faceforensics/Deepfakes/835_651/000017.jpg,835,835|651,835_651,test,source_video_disjoint_v1
faceforensics/Deepfakes/737_719/000024.jpg,1,737,Deepfakes,FaceForensics++,faceforensics/Deepfakes/737_719/000024.jpg,737,737|719,737_719,test,source_video_disjoint_v1
faceforensics/Deepfakes/468_470/000013.jpg,1,468,Deepfakes,FaceForensics++,faceforensics/Deepfakes/468_470/000013.jpg,468,468|470,468_470,test,source_video_disjoint_v1
faceforensics/Deepfakes/651_835/000006.jpg,1,651,Deepfakes,FaceForensics++,faceforensics/Deepfakes/651_835/000006.jpg,651,651|835,651_835,test,source_video_disjoint_v1
faceforensics/Deepfakes/258_246/000001.jpg,1,258,Deepfakes,FaceForensics++,faceforensics/Deepfakes/258_246/000001.jpg,258,258|246,258_246,test,source_video_disjoint_v1
faceforensics/Deepfakes/246_258/000025.jpg,1,246,Deepfakes,FaceForensics++,faceforensics/Deepfakes/246_258/000025.jpg,246,246|258,246_258,test,source_video_disjoint_v1
faceforensics/Deepfakes/719_737/000025.jpg,1,719,Deepfakes,FaceForensics++,faceforensics/Deepfakes/719_737/000025.jpg,719,719|737,719_737,test,source_video_disjoint_v1
faceforensics/Deepfakes/470_468/000022.jpg,1,470,Deepfakes,FaceForensics++,faceforensics/Deepfakes/470_468/000022.jpg,470,470|468,470_468,test,source_video_disjoint_v1
faceforensics/Deepfakes/835_651/000011.jpg,1,835,Deepfakes,FaceForensics++,faceforensics/Deepfakes/835_651/000011.jpg,835,835|651,835_651,test,source_video_disjoint_v1
faceforensics/Deepfakes/737_719/000006.jpg,1,737,Deepfakes,FaceForensics++,faceforensics/Deepfakes/737_719/000006.jpg,737,737|719,737_719,test,source_video_disjoint_v1
faceforensics/Deepfakes/651_835/000000.jpg,1,651,Deepfakes,FaceForensics++,faceforensics/Deepfakes/651_835/000000.jpg,651,651|835,651_835,test,source_video_disjoint_v1
faceforensics/Deepfakes/468_470/000007.jpg,1,468,Deepfakes,FaceForensics++,faceforensics/Deepfakes/468_470/000007.jpg,468,468|470,468_470,test,source_video_disjoint_v1
faceforensics/Deepfakes/258_246/000005.jpg,1,258,Deepfakes,FaceForensics++,faceforensics/Deepfakes/258_246/000005.jpg,258,258|246,258_246,test,source_video_disjoint_v1
faceforensics/Deepfakes/246_258/000018.jpg,1,246,Deepfakes,FaceForensics++,faceforensics/Deepfakes/246_258/000018.jpg,246,246|258,246_258,test,source_video_disjoint_v1
faceforensics/Deepfakes/719_737/000006.jpg,1,719,Deepfakes,FaceForensics++,faceforensics/Deepfakes/719_737/000006.jpg,719,719|737,719_737,test,source_video_disjoint_v1
faceforensics/Deepfakes/737_719/000027.jpg,1,737,Deepfakes,FaceForensics++,faceforensics/Deepfakes/737_719/000027.jpg,737,737|719,737_719,test,source_video_disjoint_v1
faceforensics/Deepfakes/835_651/000014.jpg,1,835,Deepfakes,FaceForensics++,faceforensics/Deepfakes/835_651/000014.jpg,835,835|651,835_651,test,source_video_disjoint_v1
faceforensics/Deepfakes/470_468/000025.jpg,1,470,Deepfakes,FaceForensics++,faceforensics/Deepfakes/470_468/000025.jpg,470,470|468,470_468,test,source_video_disjoint_v1
faceforensics/Deepfakes/468_470/000008.jpg,1,468,Deepfakes,FaceForensics++,faceforensics/Deepfakes/468_470/000008.jpg,468,468|470,468_470,test,source_video_disjoint_v1
faceforensics/Deepfakes/651_835/000004.jpg,1,651,Deepfakes,FaceForensics++,faceforensics/Deepfakes/651_835/000004.jpg,651,651|835,651_835,test,source_video_disjoint_v1
faceforensics/Deepfakes/258_246/000012.jpg,1,258,Deepfakes,FaceForensics++,faceforensics/Deepfakes/258_246/000012.jpg,258,258|246,258_246,test,source_video_disjoint_v1
faceforensics/Deepfakes/246_258/000016.jpg,1,246,Deepfakes,FaceForensics++,faceforensics/Deepfakes/246_258/000016.jpg,246,246|258,246_258,test,source_video_disjoint_v1
faceforensics/Deepfakes/719_737/000015.jpg,1,719,Deepfakes,FaceForensics++,faceforensics/Deepfakes/719_737/000015.jpg,719,719|737,719_737,test,source_video_disjoint_v1
faceforensics/Deepfakes/737_719/000013.jpg,1,737,Deepfakes,FaceForensics++,faceforensics/Deepfakes/737_719/000013.jpg,737,737|719,737_719,test,source_video_disjoint_v1
faceforensics/Deepfakes/835_651/000009.jpg,1,835,Deepfakes,FaceForensics++,faceforensics/Deepfakes/835_651/000009.jpg,835,835|651,835_651,test,source_video_disjoint_v1
faceforensics/Deepfakes/470_468/000005.jpg,1,470,Deepfakes,FaceForensics++,faceforensics/Deepfakes/470_468/000005.jpg,470,470|468,470_468,test,source_video_disjoint_v1
faceforensics/Deepfakes/468_470/000024.jpg,1,468,Deepfakes,FaceForensics++,faceforensics/Deepfakes/468_470/000024.jpg,468,468|470,468_470,test,source_video_disjoint_v1
faceforensics/Deepfakes/651_835/000022.jpg,1,651,Deepfakes,FaceForensics++,faceforensics/Deepfakes/651_835/000022.jpg,651,651|835,651_835,test,source_video_disjoint_v1
faceforensics/Deepfakes/258_246/000021.jpg,1,258,Deepfakes,FaceForensics++,faceforensics/Deepfakes/258_246/000021.jpg,258,258|246,258_246,test,source_video_disjoint_v1
faceforensics/Deepfakes/737_719/000029.jpg,1,737,Deepfakes,FaceForensics++,faceforensics/Deepfakes/737_719/000029.jpg,737,737|719,737_719,test,source_video_disjoint_v1
faceforensics/Deepfakes/470_468/000011.jpg,1,470,Deepfakes,FaceForensics++,faceforensics/Deepfakes/470_468/000011.jpg,470,470|468,470_468,test,source_video_disjoint_v1
faceforensics/Deepfakes/719_737/000027.jpg,1,719,Deepfakes,FaceForensics++,faceforensics/Deepfakes/719_737/000027.jpg,719,719|737,719_737,test,source_video_disjoint_v1
faceforensics/Deepfakes/246_258/000029.jpg,1,246,Deepfakes,FaceForensics++,faceforensics/Deepfakes/246_258/000029.jpg,246,246|258,246_258,test,source_video_disjoint_v1
faceforensics/Deepfakes/468_470/000015.jpg,1,468,Deepfakes,FaceForensics++,faceforensics/Deepfakes/468_470/000015.jpg,468,468|470,468_470,test,source_video_disjoint_v1
faceforensics/Deepfakes/835_651/000002.jpg,1,835,Deepfakes,FaceForensics++,faceforensics/Deepfakes/835_651/000002.jpg,835,835|651,835_651,test,source_video_disjoint_v1
faceforensics/Deepfakes/651_835/000028.jpg,1,651,Deepfakes,FaceForensics++,faceforensics/Deepfakes/651_835/000028.jpg,651,651|835,651_835,test,source_video_disjoint_v1
faceforensics/Deepfakes/258_246/000011.jpg,1,258,Deepfakes,FaceForensics++,faceforensics/Deepfakes/258_246/000011.jpg,258,258|246,258_246,test,source_video_disjoint_v1
faceforensics/Deepfakes/470_468/000018.jpg,1,470,Deepfakes,FaceForensics++,faceforensics/Deepfakes/470_468/000018.jpg,470,470|468,470_468,test,source_video_disjoint_v1
faceforensics/Deepfakes/737_719/000014.jpg,1,737,Deepfakes,FaceForensics++,faceforensics/Deepfakes/737_719/000014.jpg,737,737|719,737_719,test,source_video_disjoint_v1
faceforensics/Deepfakes/468_470/000022.jpg,1,468,Deepfakes,FaceForensics++,faceforensics/Deepfakes/468_470/000022.jpg,468,468|470,468_470,test,source_video_disjoint_v1
faceforensics/Deepfakes/246_258/000005.jpg,1,246,Deepfakes,FaceForensics++,faceforensics/Deepfakes/246_258/000005.jpg,246,246|258,246_258,test,source_video_disjoint_v1
faceforensics/Deepfakes/719_737/000014.jpg,1,719,Deepfakes,FaceForensics++,faceforensics/Deepfakes/719_737/000014.jpg,719,719|737,719_737,test,source_video_disjoint_v1
faceforensics/Deepfakes/835_651/000013.jpg,1,835,Deepfakes,FaceForensics++,faceforensics/Deepfakes/835_651/000013.jpg,835,835|651,835_651,test,source_video_disjoint_v1
faceforensics/Deepfakes/651_835/000017.jpg,1,651,Deepfakes,FaceForensics++,faceforensics/Deepfakes/651_835/000017.jpg,651,651|835,651_835,test,source_video_disjoint_v1
faceforensics/Deepfakes/258_246/000016.jpg,1,258,Deepfakes,FaceForensics++,faceforensics/Deepfakes/258_246/000016.jpg,258,258|246,258_246,test,source_video_disjoint_v1
faceforensics/Deepfakes/470_468/000027.jpg,1,470,Deepfakes,FaceForensics++,faceforensics/Deepfakes/470_468/000027.jpg,470,470|468,470_468,test,source_video_disjoint_v1
faceforensics/Deepfakes/719_737/000009.jpg,1,719,Deepfakes,FaceForensics++,faceforensics/Deepfakes/719_737/000009.jpg,719,719|737,719_737,test,source_video_disjoint_v1
faceforensics/Deepfakes/468_470/000005.jpg,1,468,Deepfakes,FaceForensics++,faceforensics/Deepfakes/468_470/000005.jpg,468,468|470,468_470,test,source_video_disjoint_v1
faceforensics/Deepfakes/737_719/000028.jpg,1,737,Deepfakes,FaceForensics++,faceforensics/Deepfakes/737_719/000028.jpg,737,737|719,737_719,test,source_video_disjoint_v1
faceforensics/Deepfakes/246_258/000012.jpg,1,246,Deepfakes,FaceForensics++,faceforensics/Deepfakes/246_258/000012.jpg,246,246|258,246_258,test,source_video_disjoint_v1
faceforensics/Deepfakes/651_835/000026.jpg,1,651,Deepfakes,FaceForensics++,faceforensics/Deepfakes/651_835/000026.jpg,651,651|835,651_835,test,source_video_disjoint_v1
faceforensics/Deepfakes/835_651/000021.jpg,1,835,Deepfakes,FaceForensics++,faceforensics/Deepfakes/835_651/000021.jpg,835,835|651,835_651,test,source_video_disjoint_v1
faceforensics/Deepfakes/258_246/000006.jpg,1,258,Deepfakes,FaceForensics++,faceforensics/Deepfakes/258_246/000006.jpg,258,258|246,258_246,test,source_video_disjoint_v1
faceforensics/Deepfakes/470_468/000021.jpg,1,470,Deepfakes,FaceForensics++,faceforensics/Deepfakes/470_468/000021.jpg,470,470|468,470_468,test,source_video_disjoint_v1
faceforensics/Deepfakes/246_258/000028.jpg,1,246,Deepfakes,FaceForensics++,faceforensics/Deepfakes/246_258/000028.jpg,246,246|258,246_258,test,source_video_disjoint_v1
faceforensics/Deepfakes/719_737/000011.jpg,1,719,Deepfakes,FaceForensics++,faceforensics/Deepfakes/719_737/000011.jpg,719,719|737,719_737,test,source_video_disjoint_v1
faceforensics/Deepfakes/737_719/000010.jpg,1,737,Deepfakes,FaceForensics++,faceforensics/Deepfakes/737_719/000010.jpg,737,737|719,737_719,test,source_video_disjoint_v1
faceforensics/Deepfakes/468_470/000016.jpg,1,468,Deepfakes,FaceForensics++,faceforensics/Deepfakes/468_470/000016.jpg,468,468|470,468_470,test,source_video_disjoint_v1
faceforensics/Deepfakes/651_835/000021.jpg,1,651,Deepfakes,FaceForensics++,faceforensics/Deepfakes/651_835/000021.jpg,651,651|835,651_835,test,source_video_disjoint_v1
faceforensics/Deepfakes/835_651/000005.jpg,1,835,Deepfakes,FaceForensics++,faceforensics/Deepfakes/835_651/000005.jpg,835,835|651,835_651,test,source_video_disjoint_v1
faceforensics/Deepfakes/258_246/000003.jpg,1,258,Deepfakes,FaceForensics++,faceforensics/Deepfakes/258_246/000003.jpg,258,258|246,258_246,test,source_video_disjoint_v1
faceforensics/Deepfakes/470_468/000007.jpg,1,470,Deepfakes,FaceForensics++,faceforensics/Deepfakes/470_468/000007.jpg,470,470|468,470_468,test,source_video_disjoint_v1
faceforensics/Deepfakes/719_737/000012.jpg,1,719,Deepfakes,FaceForensics++,faceforensics/Deepfakes/719_737/000012.jpg,719,719|737,719_737,test,source_video_disjoint_v1
faceforensics/Deepfakes/468_470/000018.jpg,1,468,Deepfakes,FaceForensics++,faceforensics/Deepfakes/468_470/000018.jpg,468,468|470,468_470,test,source_video_disjoint_v1
faceforensics/Deepfakes/246_258/000026.jpg,1,246,Deepfakes,FaceForensics++,faceforensics/Deepfakes/246_258/000026.jpg,246,246|258,246_258,test,source_video_disjoint_v1
faceforensics/Deepfakes/835_651/000028.jpg,1,835,Deepfakes,FaceForensics++,faceforensics/Deepfakes/835_651/000028.jpg,835,835|651,835_651,test,source_video_disjoint_v1
faceforensics/Deepfakes/651_835/000012.jpg,1,651,Deepfakes,FaceForensics++,faceforensics/Deepfakes/651_835/000012.jpg,651,651|835,651_835,test,source_video_disjoint_v1
faceforensics/Deepfakes/737_719/000016.jpg,1,737,Deepfakes,FaceForensics++,faceforensics/Deepfakes/737_719/000016.jpg,737,737|719,737_719,test,source_video_disjoint_v1
faceforensics/Deepfakes/258_246/000002.jpg,1,258,Deepfakes,FaceForensics++,faceforensics/Deepfakes/258_246/000002.jpg,258,258|246,258_246,test,source_video_disjoint_v1
faceforensics/Deepfakes/246_258/000000.jpg,1,246,Deepfakes,FaceForensics++,faceforensics/Deepfakes/246_258/000000.jpg,246,246|258,246_258,test,source_video_disjoint_v1
faceforensics/Deepfakes/468_470/000017.jpg,1,468,Deepfakes,FaceForensics++,faceforensics/Deepfakes/468_470/000017.jpg,468,468|470,468_470,test,source_video_disjoint_v1
faceforensics/Deepfakes/470_468/000010.jpg,1,470,Deepfakes,FaceForensics++,faceforensics/Deepfakes/470_468/000010.jpg,470,470|468,470_468,test,source_video_disjoint_v1
faceforensics/Deepfakes/651_835/000024.jpg,1,651,Deepfakes,FaceForensics++,faceforensics/Deepfakes/651_835/000024.jpg,651,651|835,651_835,test,source_video_disjoint_v1
faceforensics/Deepfakes/719_737/000023.jpg,1,719,Deepfakes,FaceForensics++,faceforensics/Deepfakes/719_737/000023.jpg,719,719|737,719_737,test,source_video_disjoint_v1
faceforensics/Deepfakes/835_651/000024.jpg,1,835,Deepfakes,FaceForensics++,faceforensics/Deepfakes/835_651/000024.jpg,835,835|651,835_651,test,source_video_disjoint_v1
faceforensics/Deepfakes/737_719/000000.jpg,1,737,Deepfakes,FaceForensics++,faceforensics/Deepfakes/737_719/000000.jpg,737,737|719,737_719,test,source_video_disjoint_v1
faceforensics/Deepfakes/258_246/000014.jpg,1,258,Deepfakes,FaceForensics++,faceforensics/Deepfakes/258_246/000014.jpg,258,258|246,258_246,test,source_video_disjoint_v1
faceforensics/Face2Face/246_258/000024.jpg,1,246,Face2Face,FaceForensics++,faceforensics/Face2Face/246_258/000024.jpg,246,246|258,246_258,test,source_video_disjoint_v1
faceforensics/Face2Face/470_468/000003.jpg,1,470,Face2Face,FaceForensics++,faceforensics/Face2Face/470_468/000003.jpg,470,470|468,470_468,test,source_video_disjoint_v1
faceforensics/Face2Face/719_737/000022.jpg,1,719,Face2Face,FaceForensics++,faceforensics/Face2Face/719_737/000022.jpg,719,719|737,719_737,test,source_video_disjoint_v1
faceforensics/Face2Face/835_651/000023.jpg,1,835,Face2Face,FaceForensics++,faceforensics/Face2Face/835_651/000023.jpg,835,835|651,835_651,test,source_video_disjoint_v1
faceforensics/Face2Face/468_470/000026.jpg,1,468,Face2Face,FaceForensics++,faceforensics/Face2Face/468_470/000026.jpg,468,468|470,468_470,test,source_video_disjoint_v1
faceforensics/Face2Face/651_835/000023.jpg,1,651,Face2Face,FaceForensics++,faceforensics/Face2Face/651_835/000023.jpg,651,651|835,651_835,test,source_video_disjoint_v1
faceforensics/Face2Face/258_246/000015.jpg,1,258,Face2Face,FaceForensics++,faceforensics/Face2Face/258_246/000015.jpg,258,258|246,258_246,test,source_video_disjoint_v1
faceforensics/Face2Face/737_719/000026.jpg,1,737,Face2Face,FaceForensics++,faceforensics/Face2Face/737_719/000026.jpg,737,737|719,737_719,test,source_video_disjoint_v1
faceforensics/Face2Face/246_258/000006.jpg,1,246,Face2Face,FaceForensics++,faceforensics/Face2Face/246_258/000006.jpg,246,246|258,246_258,test,source_video_disjoint_v1
faceforensics/Face2Face/470_468/000019.jpg,1,470,Face2Face,FaceForensics++,faceforensics/Face2Face/470_468/000019.jpg,470,470|468,470_468,test,source_video_disjoint_v1
faceforensics/Face2Face/719_737/000018.jpg,1,719,Face2Face,FaceForensics++,faceforensics/Face2Face/719_737/000018.jpg,719,719|737,719_737,test,source_video_disjoint_v1
faceforensics/Face2Face/835_651/000020.jpg,1,835,Face2Face,FaceForensics++,faceforensics/Face2Face/835_651/000020.jpg,835,835|651,835_651,test,source_video_disjoint_v1
faceforensics/Face2Face/737_719/000005.jpg,1,737,Face2Face,FaceForensics++,faceforensics/Face2Face/737_719/000005.jpg,737,737|719,737_719,test,source_video_disjoint_v1
faceforensics/Face2Face/651_835/000005.jpg,1,651,Face2Face,FaceForensics++,faceforensics/Face2Face/651_835/000005.jpg,651,651|835,651_835,test,source_video_disjoint_v1
faceforensics/Face2Face/258_246/000000.jpg,1,258,Face2Face,FaceForensics++,faceforensics/Face2Face/258_246/000000.jpg,258,258|246,258_246,test,source_video_disjoint_v1
faceforensics/Face2Face/468_470/000009.jpg,1,468,Face2Face,FaceForensics++,faceforensics/Face2Face/468_470/000009.jpg,468,468|470,468_470,test,source_video_disjoint_v1
faceforensics/Face2Face/470_468/000014.jpg,1,470,Face2Face,FaceForensics++,faceforensics/Face2Face/470_468/000014.jpg,470,470|468,470_468,test,source_video_disjoint_v1
faceforensics/Face2Face/246_258/000009.jpg,1,246,Face2Face,FaceForensics++,faceforensics/Face2Face/246_258/000009.jpg,246,246|258,246_258,test,source_video_disjoint_v1
faceforensics/Face2Face/719_737/000002.jpg,1,719,Face2Face,FaceForensics++,faceforensics/Face2Face/719_737/000002.jpg,719,719|737,719_737,test,source_video_disjoint_v1
faceforensics/Face2Face/651_835/000007.jpg,1,651,Face2Face,FaceForensics++,faceforensics/Face2Face/651_835/000007.jpg,651,651|835,651_835,test,source_video_disjoint_v1
faceforensics/Face2Face/835_651/000025.jpg,1,835,Face2Face,FaceForensics++,faceforensics/Face2Face/835_651/000025.jpg,835,835|651,835_651,test,source_video_disjoint_v1
faceforensics/Face2Face/737_719/000021.jpg,1,737,Face2Face,FaceForensics++,faceforensics/Face2Face/737_719/000021.jpg,737,737|719,737_719,test,source_video_disjoint_v1
faceforensics/Face2Face/258_246/000025.jpg,1,258,Face2Face,FaceForensics++,faceforensics/Face2Face/258_246/000025.jpg,258,258|246,258_246,test,source_video_disjoint_v1
faceforensics/Face2Face/468_470/000019.jpg,1,468,Face2Face,FaceForensics++,faceforensics/Face2Face/468_470/000019.jpg,468,468|470,468_470,test,source_video_disjoint_v1
faceforensics/Face2Face/470_468/000024.jpg,1,470,Face2Face,FaceForensics++,faceforensics/Face2Face/470_468/000024.jpg,470,470|468,470_468,test,source_video_disjoint_v1
faceforensics/Face2Face/246_258/000015.jpg,1,246,Face2Face,FaceForensics++,faceforensics/Face2Face/246_258/000015.jpg,246,246|258,246_258,test,source_video_disjoint_v1
faceforensics/Face2Face/719_737/000026.jpg,1,719,Face2Face,FaceForensics++,faceforensics/Face2Face/719_737/000026.jpg,719,719|737,719_737,test,source_video_disjoint_v1
faceforensics/Face2Face/835_651/000027.jpg,1,835,Face2Face,FaceForensics++,faceforensics/Face2Face/835_651/000027.jpg,835,835|651,835_651,test,source_video_disjoint_v1
faceforensics/Face2Face/737_719/000002.jpg,1,737,Face2Face,FaceForensics++,faceforensics/Face2Face/737_719/000002.jpg,737,737|719,737_719,test,source_video_disjoint_v1
faceforensics/Face2Face/468_470/000006.jpg,1,468,Face2Face,FaceForensics++,faceforensics/Face2Face/468_470/000006.jpg,468,468|470,468_470,test,source_video_disjoint_v1
faceforensics/Face2Face/258_246/000008.jpg,1,258,Face2Face,FaceForensics++,faceforensics/Face2Face/258_246/000008.jpg,258,258|246,258_246,test,source_video_disjoint_v1
faceforensics/Face2Face/651_835/000019.jpg,1,651,Face2Face,FaceForensics++,faceforensics/Face2Face/651_835/000019.jpg,651,651|835,651_835,test,source_video_disjoint_v1
faceforensics/Face2Face/470_468/000023.jpg,1,470,Face2Face,FaceForensics++,faceforensics/Face2Face/470_468/000023.jpg,470,470|468,470_468,test,source_video_disjoint_v1
faceforensics/Face2Face/246_258/000019.jpg,1,246,Face2Face,FaceForensics++,faceforensics/Face2Face/246_258/000019.jpg,246,246|258,246_258,test,source_video_disjoint_v1
faceforensics/Face2Face/719_737/000000.jpg,1,719,Face2Face,FaceForensics++,faceforensics/Face2Face/719_737/000000.jpg,719,719|737,719_737,test,source_video_disjoint_v1
faceforensics/Face2Face/835_651/000018.jpg,1,835,Face2Face,FaceForensics++,faceforensics/Face2Face/835_651/000018.jpg,835,835|651,835_651,test,source_video_disjoint_v1
faceforensics/Face2Face/737_719/000012.jpg,1,737,Face2Face,FaceForensics++,faceforensics/Face2Face/737_719/000012.jpg,737,737|719,737_719,test,source_video_disjoint_v1
faceforensics/Face2Face/468_470/000000.jpg,1,468,Face2Face,FaceForensics++,faceforensics/Face2Face/468_470/000000.jpg,468,468|470,468_470,test,source_video_disjoint_v1
faceforensics/Face2Face/651_835/000016.jpg,1,651,Face2Face,FaceForensics++,faceforensics/Face2Face/651_835/000016.jpg,651,651|835,651_835,test,source_video_disjoint_v1
faceforensics/Face2Face/258_246/000026.jpg,1,258,Face2Face,FaceForensics++,faceforensics/Face2Face/258_246/000026.jpg,258,258|246,258_246,test,source_video_disjoint_v1
faceforensics/Face2Face/246_258/000010.jpg,1,246,Face2Face,FaceForensics++,faceforensics/Face2Face/246_258/000010.jpg,246,246|258,246_258,test,source_video_disjoint_v1
faceforensics/Face2Face/719_737/000003.jpg,1,719,Face2Face,FaceForensics++,faceforensics/Face2Face/719_737/000003.jpg,719,719|737,719_737,test,source_video_disjoint_v1
faceforensics/Face2Face/470_468/000006.jpg,1,470,Face2Face,FaceForensics++,faceforensics/Face2Face/470_468/000006.jpg,470,470|468,470_468,test,source_video_disjoint_v1
faceforensics/Face2Face/835_651/000017.jpg,1,835,Face2Face,FaceForensics++,faceforensics/Face2Face/835_651/000017.jpg,835,835|651,835_651,test,source_video_disjoint_v1
faceforensics/Face2Face/737_719/000024.jpg,1,737,Face2Face,FaceForensics++,faceforensics/Face2Face/737_719/000024.jpg,737,737|719,737_719,test,source_video_disjoint_v1
faceforensics/Face2Face/468_470/000013.jpg,1,468,Face2Face,FaceForensics++,faceforensics/Face2Face/468_470/000013.jpg,468,468|470,468_470,test,source_video_disjoint_v1
faceforensics/Face2Face/651_835/000006.jpg,1,651,Face2Face,FaceForensics++,faceforensics/Face2Face/651_835/000006.jpg,651,651|835,651_835,test,source_video_disjoint_v1
faceforensics/Face2Face/258_246/000001.jpg,1,258,Face2Face,FaceForensics++,faceforensics/Face2Face/258_246/000001.jpg,258,258|246,258_246,test,source_video_disjoint_v1
faceforensics/Face2Face/246_258/000025.jpg,1,246,Face2Face,FaceForensics++,faceforensics/Face2Face/246_258/000025.jpg,246,246|258,246_258,test,source_video_disjoint_v1
faceforensics/Face2Face/719_737/000025.jpg,1,719,Face2Face,FaceForensics++,faceforensics/Face2Face/719_737/000025.jpg,719,719|737,719_737,test,source_video_disjoint_v1
faceforensics/Face2Face/470_468/000022.jpg,1,470,Face2Face,FaceForensics++,faceforensics/Face2Face/470_468/000022.jpg,470,470|468,470_468,test,source_video_disjoint_v1
faceforensics/Face2Face/835_651/000011.jpg,1,835,Face2Face,FaceForensics++,faceforensics/Face2Face/835_651/000011.jpg,835,835|651,835_651,test,source_video_disjoint_v1
faceforensics/Face2Face/737_719/000006.jpg,1,737,Face2Face,FaceForensics++,faceforensics/Face2Face/737_719/000006.jpg,737,737|719,737_719,test,source_video_disjoint_v1
faceforensics/Face2Face/651_835/000000.jpg,1,651,Face2Face,FaceForensics++,faceforensics/Face2Face/651_835/000000.jpg,651,651|835,651_835,test,source_video_disjoint_v1
faceforensics/Face2Face/468_470/000007.jpg,1,468,Face2Face,FaceForensics++,faceforensics/Face2Face/468_470/000007.jpg,468,468|470,468_470,test,source_video_disjoint_v1
faceforensics/Face2Face/258_246/000005.jpg,1,258,Face2Face,FaceForensics++,faceforensics/Face2Face/258_246/000005.jpg,258,258|246,258_246,test,source_video_disjoint_v1
faceforensics/Face2Face/246_258/000018.jpg,1,246,Face2Face,FaceForensics++,faceforensics/Face2Face/246_258/000018.jpg,246,246|258,246_258,test,source_video_disjoint_v1
faceforensics/Face2Face/719_737/000006.jpg,1,719,Face2Face,FaceForensics++,faceforensics/Face2Face/719_737/000006.jpg,719,719|737,719_737,test,source_video_disjoint_v1
faceforensics/Face2Face/737_719/000027.jpg,1,737,Face2Face,FaceForensics++,faceforensics/Face2Face/737_719/000027.jpg,737,737|719,737_719,test,source_video_disjoint_v1
faceforensics/Face2Face/835_651/000014.jpg,1,835,Face2Face,FaceForensics++,faceforensics/Face2Face/835_651/000014.jpg,835,835|651,835_651,test,source_video_disjoint_v1
faceforensics/Face2Face/470_468/000025.jpg,1,470,Face2Face,FaceForensics++,faceforensics/Face2Face/470_468/000025.jpg,470,470|468,470_468,test,source_video_disjoint_v1
faceforensics/Face2Face/468_470/000008.jpg,1,468,Face2Face,FaceForensics++,faceforensics/Face2Face/468_470/000008.jpg,468,468|470,468_470,test,source_video_disjoint_v1
faceforensics/Face2Face/651_835/000004.jpg,1,651,Face2Face,FaceForensics++,faceforensics/Face2Face/651_835/000004.jpg,651,651|835,651_835,test,source_video_disjoint_v1
faceforensics/Face2Face/258_246/000012.jpg,1,258,Face2Face,FaceForensics++,faceforensics/Face2Face/258_246/000012.jpg,258,258|246,258_246,test,source_video_disjoint_v1
faceforensics/Face2Face/246_258/000016.jpg,1,246,Face2Face,FaceForensics++,faceforensics/Face2Face/246_258/000016.jpg,246,246|258,246_258,test,source_video_disjoint_v1
faceforensics/Face2Face/719_737/000015.jpg,1,719,Face2Face,FaceForensics++,faceforensics/Face2Face/719_737/000015.jpg,719,719|737,719_737,test,source_video_disjoint_v1
faceforensics/Face2Face/737_719/000013.jpg,1,737,Face2Face,FaceForensics++,faceforensics/Face2Face/737_719/000013.jpg,737,737|719,737_719,test,source_video_disjoint_v1
faceforensics/Face2Face/835_651/000009.jpg,1,835,Face2Face,FaceForensics++,faceforensics/Face2Face/835_651/000009.jpg,835,835|651,835_651,test,source_video_disjoint_v1
faceforensics/Face2Face/470_468/000005.jpg,1,470,Face2Face,FaceForensics++,faceforensics/Face2Face/470_468/000005.jpg,470,470|468,470_468,test,source_video_disjoint_v1
faceforensics/Face2Face/468_470/000024.jpg,1,468,Face2Face,FaceForensics++,faceforensics/Face2Face/468_470/000024.jpg,468,468|470,468_470,test,source_video_disjoint_v1
faceforensics/Face2Face/651_835/000022.jpg,1,651,Face2Face,FaceForensics++,faceforensics/Face2Face/651_835/000022.jpg,651,651|835,651_835,test,source_video_disjoint_v1
faceforensics/Face2Face/258_246/000021.jpg,1,258,Face2Face,FaceForensics++,faceforensics/Face2Face/258_246/000021.jpg,258,258|246,258_246,test,source_video_disjoint_v1
faceforensics/Face2Face/737_719/000029.jpg,1,737,Face2Face,FaceForensics++,faceforensics/Face2Face/737_719/000029.jpg,737,737|719,737_719,test,source_video_disjoint_v1
faceforensics/Face2Face/470_468/000011.jpg,1,470,Face2Face,FaceForensics++,faceforensics/Face2Face/470_468/000011.jpg,470,470|468,470_468,test,source_video_disjoint_v1
faceforensics/Face2Face/719_737/000027.jpg,1,719,Face2Face,FaceForensics++,faceforensics/Face2Face/719_737/000027.jpg,719,719|737,719_737,test,source_video_disjoint_v1
faceforensics/Face2Face/246_258/000029.jpg,1,246,Face2Face,FaceForensics++,faceforensics/Face2Face/246_258/000029.jpg,246,246|258,246_258,test,source_video_disjoint_v1
faceforensics/Face2Face/468_470/000015.jpg,1,468,Face2Face,FaceForensics++,faceforensics/Face2Face/468_470/000015.jpg,468,468|470,468_470,test,source_video_disjoint_v1
faceforensics/Face2Face/835_651/000002.jpg,1,835,Face2Face,FaceForensics++,faceforensics/Face2Face/835_651/000002.jpg,835,835|651,835_651,test,source_video_disjoint_v1
faceforensics/Face2Face/651_835/000028.jpg,1,651,Face2Face,FaceForensics++,faceforensics/Face2Face/651_835/000028.jpg,651,651|835,651_835,test,source_video_disjoint_v1
faceforensics/Face2Face/258_246/000011.jpg,1,258,Face2Face,FaceForensics++,faceforensics/Face2Face/258_246/000011.jpg,258,258|246,258_246,test,source_video_disjoint_v1
faceforensics/Face2Face/470_468/000018.jpg,1,470,Face2Face,FaceForensics++,faceforensics/Face2Face/470_468/000018.jpg,470,470|468,470_468,test,source_video_disjoint_v1
faceforensics/Face2Face/737_719/000014.jpg,1,737,Face2Face,FaceForensics++,faceforensics/Face2Face/737_719/000014.jpg,737,737|719,737_719,test,source_video_disjoint_v1
faceforensics/Face2Face/468_470/000022.jpg,1,468,Face2Face,FaceForensics++,faceforensics/Face2Face/468_470/000022.jpg,468,468|470,468_470,test,source_video_disjoint_v1
faceforensics/Face2Face/246_258/000005.jpg,1,246,Face2Face,FaceForensics++,faceforensics/Face2Face/246_258/000005.jpg,246,246|258,246_258,test,source_video_disjoint_v1
faceforensics/Face2Face/719_737/000014.jpg,1,719,Face2Face,FaceForensics++,faceforensics/Face2Face/719_737/000014.jpg,719,719|737,719_737,test,source_video_disjoint_v1
faceforensics/Face2Face/835_651/000013.jpg,1,835,Face2Face,FaceForensics++,faceforensics/Face2Face/835_651/000013.jpg,835,835|651,835_651,test,source_video_disjoint_v1
faceforensics/Face2Face/651_835/000017.jpg,1,651,Face2Face,FaceForensics++,faceforensics/Face2Face/651_835/000017.jpg,651,651|835,651_835,test,source_video_disjoint_v1
faceforensics/Face2Face/258_246/000016.jpg,1,258,Face2Face,FaceForensics++,faceforensics/Face2Face/258_246/000016.jpg,258,258|246,258_246,test,source_video_disjoint_v1
faceforensics/Face2Face/470_468/000027.jpg,1,470,Face2Face,FaceForensics++,faceforensics/Face2Face/470_468/000027.jpg,470,470|468,470_468,test,source_video_disjoint_v1
faceforensics/Face2Face/719_737/000009.jpg,1,719,Face2Face,FaceForensics++,faceforensics/Face2Face/719_737/000009.jpg,719,719|737,719_737,test,source_video_disjoint_v1
faceforensics/Face2Face/468_470/000005.jpg,1,468,Face2Face,FaceForensics++,faceforensics/Face2Face/468_470/000005.jpg,468,468|470,468_470,test,source_video_disjoint_v1
faceforensics/Face2Face/737_719/000028.jpg,1,737,Face2Face,FaceForensics++,faceforensics/Face2Face/737_719/000028.jpg,737,737|719,737_719,test,source_video_disjoint_v1
faceforensics/Face2Face/246_258/000012.jpg,1,246,Face2Face,FaceForensics++,faceforensics/Face2Face/246_258/000012.jpg,246,246|258,246_258,test,source_video_disjoint_v1
faceforensics/Face2Face/651_835/000026.jpg,1,651,Face2Face,FaceForensics++,faceforensics/Face2Face/651_835/000026.jpg,651,651|835,651_835,test,source_video_disjoint_v1
faceforensics/Face2Face/835_651/000021.jpg,1,835,Face2Face,FaceForensics++,faceforensics/Face2Face/835_651/000021.jpg,835,835|651,835_651,test,source_video_disjoint_v1
faceforensics/Face2Face/258_246/000006.jpg,1,258,Face2Face,FaceForensics++,faceforensics/Face2Face/258_246/000006.jpg,258,258|246,258_246,test,source_video_disjoint_v1
faceforensics/Face2Face/470_468/000021.jpg,1,470,Face2Face,FaceForensics++,faceforensics/Face2Face/470_468/000021.jpg,470,470|468,470_468,test,source_video_disjoint_v1
faceforensics/Face2Face/246_258/000028.jpg,1,246,Face2Face,FaceForensics++,faceforensics/Face2Face/246_258/000028.jpg,246,246|258,246_258,test,source_video_disjoint_v1
faceforensics/Face2Face/719_737/000011.jpg,1,719,Face2Face,FaceForensics++,faceforensics/Face2Face/719_737/000011.jpg,719,719|737,719_737,test,source_video_disjoint_v1
faceforensics/Face2Face/737_719/000010.jpg,1,737,Face2Face,FaceForensics++,faceforensics/Face2Face/737_719/000010.jpg,737,737|719,737_719,test,source_video_disjoint_v1
faceforensics/Face2Face/468_470/000016.jpg,1,468,Face2Face,FaceForensics++,faceforensics/Face2Face/468_470/000016.jpg,468,468|470,468_470,test,source_video_disjoint_v1
faceforensics/Face2Face/651_835/000021.jpg,1,651,Face2Face,FaceForensics++,faceforensics/Face2Face/651_835/000021.jpg,651,651|835,651_835,test,source_video_disjoint_v1
faceforensics/Face2Face/835_651/000005.jpg,1,835,Face2Face,FaceForensics++,faceforensics/Face2Face/835_651/000005.jpg,835,835|651,835_651,test,source_video_disjoint_v1
faceforensics/Face2Face/258_246/000003.jpg,1,258,Face2Face,FaceForensics++,faceforensics/Face2Face/258_246/000003.jpg,258,258|246,258_246,test,source_video_disjoint_v1
faceforensics/Face2Face/470_468/000007.jpg,1,470,Face2Face,FaceForensics++,faceforensics/Face2Face/470_468/000007.jpg,470,470|468,470_468,test,source_video_disjoint_v1
faceforensics/Face2Face/719_737/000012.jpg,1,719,Face2Face,FaceForensics++,faceforensics/Face2Face/719_737/000012.jpg,719,719|737,719_737,test,source_video_disjoint_v1
faceforensics/Face2Face/468_470/000018.jpg,1,468,Face2Face,FaceForensics++,faceforensics/Face2Face/468_470/000018.jpg,468,468|470,468_470,test,source_video_disjoint_v1
faceforensics/Face2Face/246_258/000026.jpg,1,246,Face2Face,FaceForensics++,faceforensics/Face2Face/246_258/000026.jpg,246,246|258,246_258,test,source_video_disjoint_v1
faceforensics/Face2Face/835_651/000028.jpg,1,835,Face2Face,FaceForensics++,faceforensics/Face2Face/835_651/000028.jpg,835,835|651,835_651,test,source_video_disjoint_v1
faceforensics/Face2Face/651_835/000012.jpg,1,651,Face2Face,FaceForensics++,faceforensics/Face2Face/651_835/000012.jpg,651,651|835,651_835,test,source_video_disjoint_v1
faceforensics/Face2Face/737_719/000016.jpg,1,737,Face2Face,FaceForensics++,faceforensics/Face2Face/737_719/000016.jpg,737,737|719,737_719,test,source_video_disjoint_v1
faceforensics/Face2Face/258_246/000002.jpg,1,258,Face2Face,FaceForensics++,faceforensics/Face2Face/258_246/000002.jpg,258,258|246,258_246,test,source_video_disjoint_v1
faceforensics/Face2Face/246_258/000000.jpg,1,246,Face2Face,FaceForensics++,faceforensics/Face2Face/246_258/000000.jpg,246,246|258,246_258,test,source_video_disjoint_v1
faceforensics/Face2Face/468_470/000017.jpg,1,468,Face2Face,FaceForensics++,faceforensics/Face2Face/468_470/000017.jpg,468,468|470,468_470,test,source_video_disjoint_v1
faceforensics/Face2Face/470_468/000010.jpg,1,470,Face2Face,FaceForensics++,faceforensics/Face2Face/470_468/000010.jpg,470,470|468,470_468,test,source_video_disjoint_v1
faceforensics/Face2Face/651_835/000024.jpg,1,651,Face2Face,FaceForensics++,faceforensics/Face2Face/651_835/000024.jpg,651,651|835,651_835,test,source_video_disjoint_v1
faceforensics/Face2Face/719_737/000023.jpg,1,719,Face2Face,FaceForensics++,faceforensics/Face2Face/719_737/000023.jpg,719,719|737,719_737,test,source_video_disjoint_v1
faceforensics/Face2Face/835_651/000024.jpg,1,835,Face2Face,FaceForensics++,faceforensics/Face2Face/835_651/000024.jpg,835,835|651,835_651,test,source_video_disjoint_v1
faceforensics/Face2Face/737_719/000000.jpg,1,737,Face2Face,FaceForensics++,faceforensics/Face2Face/737_719/000000.jpg,737,737|719,737_719,test,source_video_disjoint_v1
faceforensics/Face2Face/258_246/000014.jpg,1,258,Face2Face,FaceForensics++,faceforensics/Face2Face/258_246/000014.jpg,258,258|246,258_246,test,source_video_disjoint_v1
faceforensics/FaceSwap/246_258/000024.jpg,1,246,FaceSwap,FaceForensics++,faceforensics/FaceSwap/246_258/000024.jpg,246,246|258,246_258,test,source_video_disjoint_v1
faceforensics/FaceSwap/470_468/000003.jpg,1,470,FaceSwap,FaceForensics++,faceforensics/FaceSwap/470_468/000003.jpg,470,470|468,470_468,test,source_video_disjoint_v1
faceforensics/FaceSwap/719_737/000022.jpg,1,719,FaceSwap,FaceForensics++,faceforensics/FaceSwap/719_737/000022.jpg,719,719|737,719_737,test,source_video_disjoint_v1
faceforensics/FaceSwap/835_651/000023.jpg,1,835,FaceSwap,FaceForensics++,faceforensics/FaceSwap/835_651/000023.jpg,835,835|651,835_651,test,source_video_disjoint_v1
faceforensics/FaceSwap/468_470/000026.jpg,1,468,FaceSwap,FaceForensics++,faceforensics/FaceSwap/468_470/000026.jpg,468,468|470,468_470,test,source_video_disjoint_v1
faceforensics/FaceSwap/651_835/000023.jpg,1,651,FaceSwap,FaceForensics++,faceforensics/FaceSwap/651_835/000023.jpg,651,651|835,651_835,test,source_video_disjoint_v1
faceforensics/FaceSwap/258_246/000015.jpg,1,258,FaceSwap,FaceForensics++,faceforensics/FaceSwap/258_246/000015.jpg,258,258|246,258_246,test,source_video_disjoint_v1
faceforensics/FaceSwap/737_719/000026.jpg,1,737,FaceSwap,FaceForensics++,faceforensics/FaceSwap/737_719/000026.jpg,737,737|719,737_719,test,source_video_disjoint_v1
faceforensics/FaceSwap/246_258/000006.jpg,1,246,FaceSwap,FaceForensics++,faceforensics/FaceSwap/246_258/000006.jpg,246,246|258,246_258,test,source_video_disjoint_v1
faceforensics/FaceSwap/470_468/000019.jpg,1,470,FaceSwap,FaceForensics++,faceforensics/FaceSwap/470_468/000019.jpg,470,470|468,470_468,test,source_video_disjoint_v1
faceforensics/FaceSwap/719_737/000018.jpg,1,719,FaceSwap,FaceForensics++,faceforensics/FaceSwap/719_737/000018.jpg,719,719|737,719_737,test,source_video_disjoint_v1
faceforensics/FaceSwap/835_651/000020.jpg,1,835,FaceSwap,FaceForensics++,faceforensics/FaceSwap/835_651/000020.jpg,835,835|651,835_651,test,source_video_disjoint_v1
faceforensics/FaceSwap/737_719/000005.jpg,1,737,FaceSwap,FaceForensics++,faceforensics/FaceSwap/737_719/000005.jpg,737,737|719,737_719,test,source_video_disjoint_v1
faceforensics/FaceSwap/651_835/000005.jpg,1,651,FaceSwap,FaceForensics++,faceforensics/FaceSwap/651_835/000005.jpg,651,651|835,651_835,test,source_video_disjoint_v1
faceforensics/FaceSwap/258_246/000000.jpg,1,258,FaceSwap,FaceForensics++,faceforensics/FaceSwap/258_246/000000.jpg,258,258|246,258_246,test,source_video_disjoint_v1
faceforensics/FaceSwap/468_470/000009.jpg,1,468,FaceSwap,FaceForensics++,faceforensics/FaceSwap/468_470/000009.jpg,468,468|470,468_470,test,source_video_disjoint_v1
faceforensics/FaceSwap/470_468/000014.jpg,1,470,FaceSwap,FaceForensics++,faceforensics/FaceSwap/470_468/000014.jpg,470,470|468,470_468,test,source_video_disjoint_v1
faceforensics/FaceSwap/246_258/000009.jpg,1,246,FaceSwap,FaceForensics++,faceforensics/FaceSwap/246_258/000009.jpg,246,246|258,246_258,test,source_video_disjoint_v1
faceforensics/FaceSwap/719_737/000002.jpg,1,719,FaceSwap,FaceForensics++,faceforensics/FaceSwap/719_737/000002.jpg,719,719|737,719_737,test,source_video_disjoint_v1
faceforensics/FaceSwap/651_835/000007.jpg,1,651,FaceSwap,FaceForensics++,faceforensics/FaceSwap/651_835/000007.jpg,651,651|835,651_835,test,source_video_disjoint_v1
faceforensics/FaceSwap/835_651/000025.jpg,1,835,FaceSwap,FaceForensics++,faceforensics/FaceSwap/835_651/000025.jpg,835,835|651,835_651,test,source_video_disjoint_v1
faceforensics/FaceSwap/737_719/000021.jpg,1,737,FaceSwap,FaceForensics++,faceforensics/FaceSwap/737_719/000021.jpg,737,737|719,737_719,test,source_video_disjoint_v1
faceforensics/FaceSwap/258_246/000025.jpg,1,258,FaceSwap,FaceForensics++,faceforensics/FaceSwap/258_246/000025.jpg,258,258|246,258_246,test,source_video_disjoint_v1
faceforensics/FaceSwap/468_470/000019.jpg,1,468,FaceSwap,FaceForensics++,faceforensics/FaceSwap/468_470/000019.jpg,468,468|470,468_470,test,source_video_disjoint_v1
faceforensics/FaceSwap/470_468/000024.jpg,1,470,FaceSwap,FaceForensics++,faceforensics/FaceSwap/470_468/000024.jpg,470,470|468,470_468,test,source_video_disjoint_v1
faceforensics/FaceSwap/246_258/000015.jpg,1,246,FaceSwap,FaceForensics++,faceforensics/FaceSwap/246_258/000015.jpg,246,246|258,246_258,test,source_video_disjoint_v1
faceforensics/FaceSwap/719_737/000026.jpg,1,719,FaceSwap,FaceForensics++,faceforensics/FaceSwap/719_737/000026.jpg,719,719|737,719_737,test,source_video_disjoint_v1
faceforensics/FaceSwap/835_651/000027.jpg,1,835,FaceSwap,FaceForensics++,faceforensics/FaceSwap/835_651/000027.jpg,835,835|651,835_651,test,source_video_disjoint_v1
faceforensics/FaceSwap/737_719/000002.jpg,1,737,FaceSwap,FaceForensics++,faceforensics/FaceSwap/737_719/000002.jpg,737,737|719,737_719,test,source_video_disjoint_v1
faceforensics/FaceSwap/468_470/000006.jpg,1,468,FaceSwap,FaceForensics++,faceforensics/FaceSwap/468_470/000006.jpg,468,468|470,468_470,test,source_video_disjoint_v1
faceforensics/FaceSwap/258_246/000008.jpg,1,258,FaceSwap,FaceForensics++,faceforensics/FaceSwap/258_246/000008.jpg,258,258|246,258_246,test,source_video_disjoint_v1
faceforensics/FaceSwap/651_835/000019.jpg,1,651,FaceSwap,FaceForensics++,faceforensics/FaceSwap/651_835/000019.jpg,651,651|835,651_835,test,source_video_disjoint_v1
faceforensics/FaceSwap/470_468/000023.jpg,1,470,FaceSwap,FaceForensics++,faceforensics/FaceSwap/470_468/000023.jpg,470,470|468,470_468,test,source_video_disjoint_v1
faceforensics/FaceSwap/246_258/000019.jpg,1,246,FaceSwap,FaceForensics++,faceforensics/FaceSwap/246_258/000019.jpg,246,246|258,246_258,test,source_video_disjoint_v1
faceforensics/FaceSwap/719_737/000000.jpg,1,719,FaceSwap,FaceForensics++,faceforensics/FaceSwap/719_737/000000.jpg,719,719|737,719_737,test,source_video_disjoint_v1
faceforensics/FaceSwap/835_651/000018.jpg,1,835,FaceSwap,FaceForensics++,faceforensics/FaceSwap/835_651/000018.jpg,835,835|651,835_651,test,source_video_disjoint_v1
faceforensics/FaceSwap/737_719/000012.jpg,1,737,FaceSwap,FaceForensics++,faceforensics/FaceSwap/737_719/000012.jpg,737,737|719,737_719,test,source_video_disjoint_v1
faceforensics/FaceSwap/468_470/000000.jpg,1,468,FaceSwap,FaceForensics++,faceforensics/FaceSwap/468_470/000000.jpg,468,468|470,468_470,test,source_video_disjoint_v1
faceforensics/FaceSwap/651_835/000016.jpg,1,651,FaceSwap,FaceForensics++,faceforensics/FaceSwap/651_835/000016.jpg,651,651|835,651_835,test,source_video_disjoint_v1
faceforensics/FaceSwap/258_246/000026.jpg,1,258,FaceSwap,FaceForensics++,faceforensics/FaceSwap/258_246/000026.jpg,258,258|246,258_246,test,source_video_disjoint_v1
faceforensics/FaceSwap/246_258/000010.jpg,1,246,FaceSwap,FaceForensics++,faceforensics/FaceSwap/246_258/000010.jpg,246,246|258,246_258,test,source_video_disjoint_v1
faceforensics/FaceSwap/719_737/000003.jpg,1,719,FaceSwap,FaceForensics++,faceforensics/FaceSwap/719_737/000003.jpg,719,719|737,719_737,test,source_video_disjoint_v1
faceforensics/FaceSwap/470_468/000006.jpg,1,470,FaceSwap,FaceForensics++,faceforensics/FaceSwap/470_468/000006.jpg,470,470|468,470_468,test,source_video_disjoint_v1
faceforensics/FaceSwap/835_651/000017.jpg,1,835,FaceSwap,FaceForensics++,faceforensics/FaceSwap/835_651/000017.jpg,835,835|651,835_651,test,source_video_disjoint_v1
faceforensics/FaceSwap/737_719/000024.jpg,1,737,FaceSwap,FaceForensics++,faceforensics/FaceSwap/737_719/000024.jpg,737,737|719,737_719,test,source_video_disjoint_v1
faceforensics/FaceSwap/468_470/000013.jpg,1,468,FaceSwap,FaceForensics++,faceforensics/FaceSwap/468_470/000013.jpg,468,468|470,468_470,test,source_video_disjoint_v1
faceforensics/FaceSwap/651_835/000006.jpg,1,651,FaceSwap,FaceForensics++,faceforensics/FaceSwap/651_835/000006.jpg,651,651|835,651_835,test,source_video_disjoint_v1
faceforensics/FaceSwap/258_246/000001.jpg,1,258,FaceSwap,FaceForensics++,faceforensics/FaceSwap/258_246/000001.jpg,258,258|246,258_246,test,source_video_disjoint_v1
faceforensics/FaceSwap/246_258/000025.jpg,1,246,FaceSwap,FaceForensics++,faceforensics/FaceSwap/246_258/000025.jpg,246,246|258,246_258,test,source_video_disjoint_v1
faceforensics/FaceSwap/719_737/000025.jpg,1,719,FaceSwap,FaceForensics++,faceforensics/FaceSwap/719_737/000025.jpg,719,719|737,719_737,test,source_video_disjoint_v1
faceforensics/FaceSwap/470_468/000022.jpg,1,470,FaceSwap,FaceForensics++,faceforensics/FaceSwap/470_468/000022.jpg,470,470|468,470_468,test,source_video_disjoint_v1
faceforensics/FaceSwap/835_651/000011.jpg,1,835,FaceSwap,FaceForensics++,faceforensics/FaceSwap/835_651/000011.jpg,835,835|651,835_651,test,source_video_disjoint_v1
faceforensics/FaceSwap/737_719/000006.jpg,1,737,FaceSwap,FaceForensics++,faceforensics/FaceSwap/737_719/000006.jpg,737,737|719,737_719,test,source_video_disjoint_v1
faceforensics/FaceSwap/651_835/000000.jpg,1,651,FaceSwap,FaceForensics++,faceforensics/FaceSwap/651_835/000000.jpg,651,651|835,651_835,test,source_video_disjoint_v1
faceforensics/FaceSwap/468_470/000007.jpg,1,468,FaceSwap,FaceForensics++,faceforensics/FaceSwap/468_470/000007.jpg,468,468|470,468_470,test,source_video_disjoint_v1
faceforensics/FaceSwap/258_246/000005.jpg,1,258,FaceSwap,FaceForensics++,faceforensics/FaceSwap/258_246/000005.jpg,258,258|246,258_246,test,source_video_disjoint_v1
faceforensics/FaceSwap/246_258/000018.jpg,1,246,FaceSwap,FaceForensics++,faceforensics/FaceSwap/246_258/000018.jpg,246,246|258,246_258,test,source_video_disjoint_v1
faceforensics/FaceSwap/719_737/000006.jpg,1,719,FaceSwap,FaceForensics++,faceforensics/FaceSwap/719_737/000006.jpg,719,719|737,719_737,test,source_video_disjoint_v1
faceforensics/FaceSwap/737_719/000027.jpg,1,737,FaceSwap,FaceForensics++,faceforensics/FaceSwap/737_719/000027.jpg,737,737|719,737_719,test,source_video_disjoint_v1
faceforensics/FaceSwap/835_651/000014.jpg,1,835,FaceSwap,FaceForensics++,faceforensics/FaceSwap/835_651/000014.jpg,835,835|651,835_651,test,source_video_disjoint_v1
faceforensics/FaceSwap/470_468/000025.jpg,1,470,FaceSwap,FaceForensics++,faceforensics/FaceSwap/470_468/000025.jpg,470,470|468,470_468,test,source_video_disjoint_v1
faceforensics/FaceSwap/468_470/000008.jpg,1,468,FaceSwap,FaceForensics++,faceforensics/FaceSwap/468_470/000008.jpg,468,468|470,468_470,test,source_video_disjoint_v1
faceforensics/FaceSwap/651_835/000004.jpg,1,651,FaceSwap,FaceForensics++,faceforensics/FaceSwap/651_835/000004.jpg,651,651|835,651_835,test,source_video_disjoint_v1
faceforensics/FaceSwap/258_246/000012.jpg,1,258,FaceSwap,FaceForensics++,faceforensics/FaceSwap/258_246/000012.jpg,258,258|246,258_246,test,source_video_disjoint_v1
faceforensics/FaceSwap/246_258/000016.jpg,1,246,FaceSwap,FaceForensics++,faceforensics/FaceSwap/246_258/000016.jpg,246,246|258,246_258,test,source_video_disjoint_v1
faceforensics/FaceSwap/719_737/000015.jpg,1,719,FaceSwap,FaceForensics++,faceforensics/FaceSwap/719_737/000015.jpg,719,719|737,719_737,test,source_video_disjoint_v1
faceforensics/FaceSwap/737_719/000013.jpg,1,737,FaceSwap,FaceForensics++,faceforensics/FaceSwap/737_719/000013.jpg,737,737|719,737_719,test,source_video_disjoint_v1
faceforensics/FaceSwap/835_651/000009.jpg,1,835,FaceSwap,FaceForensics++,faceforensics/FaceSwap/835_651/000009.jpg,835,835|651,835_651,test,source_video_disjoint_v1
faceforensics/FaceSwap/470_468/000005.jpg,1,470,FaceSwap,FaceForensics++,faceforensics/FaceSwap/470_468/000005.jpg,470,470|468,470_468,test,source_video_disjoint_v1
faceforensics/FaceSwap/468_470/000024.jpg,1,468,FaceSwap,FaceForensics++,faceforensics/FaceSwap/468_470/000024.jpg,468,468|470,468_470,test,source_video_disjoint_v1
faceforensics/FaceSwap/651_835/000022.jpg,1,651,FaceSwap,FaceForensics++,faceforensics/FaceSwap/651_835/000022.jpg,651,651|835,651_835,test,source_video_disjoint_v1
faceforensics/FaceSwap/258_246/000021.jpg,1,258,FaceSwap,FaceForensics++,faceforensics/FaceSwap/258_246/000021.jpg,258,258|246,258_246,test,source_video_disjoint_v1
faceforensics/FaceSwap/737_719/000029.jpg,1,737,FaceSwap,FaceForensics++,faceforensics/FaceSwap/737_719/000029.jpg,737,737|719,737_719,test,source_video_disjoint_v1
faceforensics/FaceSwap/470_468/000011.jpg,1,470,FaceSwap,FaceForensics++,faceforensics/FaceSwap/470_468/000011.jpg,470,470|468,470_468,test,source_video_disjoint_v1
faceforensics/FaceSwap/719_737/000027.jpg,1,719,FaceSwap,FaceForensics++,faceforensics/FaceSwap/719_737/000027.jpg,719,719|737,719_737,test,source_video_disjoint_v1
faceforensics/FaceSwap/246_258/000029.jpg,1,246,FaceSwap,FaceForensics++,faceforensics/FaceSwap/246_258/000029.jpg,246,246|258,246_258,test,source_video_disjoint_v1
faceforensics/FaceSwap/468_470/000015.jpg,1,468,FaceSwap,FaceForensics++,faceforensics/FaceSwap/468_470/000015.jpg,468,468|470,468_470,test,source_video_disjoint_v1
faceforensics/FaceSwap/835_651/000002.jpg,1,835,FaceSwap,FaceForensics++,faceforensics/FaceSwap/835_651/000002.jpg,835,835|651,835_651,test,source_video_disjoint_v1
faceforensics/FaceSwap/651_835/000028.jpg,1,651,FaceSwap,FaceForensics++,faceforensics/FaceSwap/651_835/000028.jpg,651,651|835,651_835,test,source_video_disjoint_v1
faceforensics/FaceSwap/258_246/000011.jpg,1,258,FaceSwap,FaceForensics++,faceforensics/FaceSwap/258_246/000011.jpg,258,258|246,258_246,test,source_video_disjoint_v1
faceforensics/FaceSwap/470_468/000018.jpg,1,470,FaceSwap,FaceForensics++,faceforensics/FaceSwap/470_468/000018.jpg,470,470|468,470_468,test,source_video_disjoint_v1
faceforensics/FaceSwap/737_719/000014.jpg,1,737,FaceSwap,FaceForensics++,faceforensics/FaceSwap/737_719/000014.jpg,737,737|719,737_719,test,source_video_disjoint_v1
faceforensics/FaceSwap/468_470/000022.jpg,1,468,FaceSwap,FaceForensics++,faceforensics/FaceSwap/468_470/000022.jpg,468,468|470,468_470,test,source_video_disjoint_v1
faceforensics/FaceSwap/246_258/000005.jpg,1,246,FaceSwap,FaceForensics++,faceforensics/FaceSwap/246_258/000005.jpg,246,246|258,246_258,test,source_video_disjoint_v1
faceforensics/FaceSwap/719_737/000014.jpg,1,719,FaceSwap,FaceForensics++,faceforensics/FaceSwap/719_737/000014.jpg,719,719|737,719_737,test,source_video_disjoint_v1
faceforensics/FaceSwap/835_651/000013.jpg,1,835,FaceSwap,FaceForensics++,faceforensics/FaceSwap/835_651/000013.jpg,835,835|651,835_651,test,source_video_disjoint_v1
faceforensics/FaceSwap/651_835/000017.jpg,1,651,FaceSwap,FaceForensics++,faceforensics/FaceSwap/651_835/000017.jpg,651,651|835,651_835,test,source_video_disjoint_v1
faceforensics/FaceSwap/258_246/000016.jpg,1,258,FaceSwap,FaceForensics++,faceforensics/FaceSwap/258_246/000016.jpg,258,258|246,258_246,test,source_video_disjoint_v1
faceforensics/FaceSwap/470_468/000027.jpg,1,470,FaceSwap,FaceForensics++,faceforensics/FaceSwap/470_468/000027.jpg,470,470|468,470_468,test,source_video_disjoint_v1
faceforensics/FaceSwap/719_737/000009.jpg,1,719,FaceSwap,FaceForensics++,faceforensics/FaceSwap/719_737/000009.jpg,719,719|737,719_737,test,source_video_disjoint_v1
faceforensics/FaceSwap/468_470/000005.jpg,1,468,FaceSwap,FaceForensics++,faceforensics/FaceSwap/468_470/000005.jpg,468,468|470,468_470,test,source_video_disjoint_v1
faceforensics/FaceSwap/737_719/000028.jpg,1,737,FaceSwap,FaceForensics++,faceforensics/FaceSwap/737_719/000028.jpg,737,737|719,737_719,test,source_video_disjoint_v1
faceforensics/FaceSwap/246_258/000012.jpg,1,246,FaceSwap,FaceForensics++,faceforensics/FaceSwap/246_258/000012.jpg,246,246|258,246_258,test,source_video_disjoint_v1
faceforensics/FaceSwap/651_835/000026.jpg,1,651,FaceSwap,FaceForensics++,faceforensics/FaceSwap/651_835/000026.jpg,651,651|835,651_835,test,source_video_disjoint_v1
faceforensics/FaceSwap/835_651/000021.jpg,1,835,FaceSwap,FaceForensics++,faceforensics/FaceSwap/835_651/000021.jpg,835,835|651,835_651,test,source_video_disjoint_v1
faceforensics/FaceSwap/258_246/000006.jpg,1,258,FaceSwap,FaceForensics++,faceforensics/FaceSwap/258_246/000006.jpg,258,258|246,258_246,test,source_video_disjoint_v1
faceforensics/FaceSwap/470_468/000021.jpg,1,470,FaceSwap,FaceForensics++,faceforensics/FaceSwap/470_468/000021.jpg,470,470|468,470_468,test,source_video_disjoint_v1
faceforensics/FaceSwap/246_258/000028.jpg,1,246,FaceSwap,FaceForensics++,faceforensics/FaceSwap/246_258/000028.jpg,246,246|258,246_258,test,source_video_disjoint_v1
faceforensics/FaceSwap/719_737/000011.jpg,1,719,FaceSwap,FaceForensics++,faceforensics/FaceSwap/719_737/000011.jpg,719,719|737,719_737,test,source_video_disjoint_v1
faceforensics/FaceSwap/737_719/000010.jpg,1,737,FaceSwap,FaceForensics++,faceforensics/FaceSwap/737_719/000010.jpg,737,737|719,737_719,test,source_video_disjoint_v1
faceforensics/FaceSwap/468_470/000016.jpg,1,468,FaceSwap,FaceForensics++,faceforensics/FaceSwap/468_470/000016.jpg,468,468|470,468_470,test,source_video_disjoint_v1
faceforensics/FaceSwap/651_835/000021.jpg,1,651,FaceSwap,FaceForensics++,faceforensics/FaceSwap/651_835/000021.jpg,651,651|835,651_835,test,source_video_disjoint_v1
faceforensics/FaceSwap/835_651/000005.jpg,1,835,FaceSwap,FaceForensics++,faceforensics/FaceSwap/835_651/000005.jpg,835,835|651,835_651,test,source_video_disjoint_v1
faceforensics/FaceSwap/258_246/000003.jpg,1,258,FaceSwap,FaceForensics++,faceforensics/FaceSwap/258_246/000003.jpg,258,258|246,258_246,test,source_video_disjoint_v1
faceforensics/FaceSwap/470_468/000007.jpg,1,470,FaceSwap,FaceForensics++,faceforensics/FaceSwap/470_468/000007.jpg,470,470|468,470_468,test,source_video_disjoint_v1
faceforensics/FaceSwap/719_737/000012.jpg,1,719,FaceSwap,FaceForensics++,faceforensics/FaceSwap/719_737/000012.jpg,719,719|737,719_737,test,source_video_disjoint_v1
faceforensics/FaceSwap/468_470/000018.jpg,1,468,FaceSwap,FaceForensics++,faceforensics/FaceSwap/468_470/000018.jpg,468,468|470,468_470,test,source_video_disjoint_v1
faceforensics/FaceSwap/246_258/000026.jpg,1,246,FaceSwap,FaceForensics++,faceforensics/FaceSwap/246_258/000026.jpg,246,246|258,246_258,test,source_video_disjoint_v1
faceforensics/FaceSwap/835_651/000028.jpg,1,835,FaceSwap,FaceForensics++,faceforensics/FaceSwap/835_651/000028.jpg,835,835|651,835_651,test,source_video_disjoint_v1
faceforensics/FaceSwap/651_835/000012.jpg,1,651,FaceSwap,FaceForensics++,faceforensics/FaceSwap/651_835/000012.jpg,651,651|835,651_835,test,source_video_disjoint_v1
faceforensics/FaceSwap/737_719/000016.jpg,1,737,FaceSwap,FaceForensics++,faceforensics/FaceSwap/737_719/000016.jpg,737,737|719,737_719,test,source_video_disjoint_v1
faceforensics/FaceSwap/258_246/000002.jpg,1,258,FaceSwap,FaceForensics++,faceforensics/FaceSwap/258_246/000002.jpg,258,258|246,258_246,test,source_video_disjoint_v1
faceforensics/FaceSwap/246_258/000000.jpg,1,246,FaceSwap,FaceForensics++,faceforensics/FaceSwap/246_258/000000.jpg,246,246|258,246_258,test,source_video_disjoint_v1
faceforensics/FaceSwap/468_470/000017.jpg,1,468,FaceSwap,FaceForensics++,faceforensics/FaceSwap/468_470/000017.jpg,468,468|470,468_470,test,source_video_disjoint_v1
faceforensics/FaceSwap/470_468/000010.jpg,1,470,FaceSwap,FaceForensics++,faceforensics/FaceSwap/470_468/000010.jpg,470,470|468,470_468,test,source_video_disjoint_v1
faceforensics/FaceSwap/651_835/000024.jpg,1,651,FaceSwap,FaceForensics++,faceforensics/FaceSwap/651_835/000024.jpg,651,651|835,651_835,test,source_video_disjoint_v1
faceforensics/FaceSwap/719_737/000023.jpg,1,719,FaceSwap,FaceForensics++,faceforensics/FaceSwap/719_737/000023.jpg,719,719|737,719_737,test,source_video_disjoint_v1
faceforensics/FaceSwap/835_651/000024.jpg,1,835,FaceSwap,FaceForensics++,faceforensics/FaceSwap/835_651/000024.jpg,835,835|651,835_651,test,source_video_disjoint_v1
faceforensics/FaceSwap/737_719/000000.jpg,1,737,FaceSwap,FaceForensics++,faceforensics/FaceSwap/737_719/000000.jpg,737,737|719,737_719,test,source_video_disjoint_v1
faceforensics/FaceSwap/258_246/000014.jpg,1,258,FaceSwap,FaceForensics++,faceforensics/FaceSwap/258_246/000014.jpg,258,258|246,258_246,test,source_video_disjoint_v1
faceforensics/NeuralTextures/246_258/000024.jpg,1,246,NeuralTextures,FaceForensics++,faceforensics/NeuralTextures/246_258/000024.jpg,246,246|258,246_258,test,source_video_disjoint_v1
faceforensics/NeuralTextures/470_468/000003.jpg,1,470,NeuralTextures,FaceForensics++,faceforensics/NeuralTextures/470_468/000003.jpg,470,470|468,470_468,test,source_video_disjoint_v1
faceforensics/NeuralTextures/719_737/000022.jpg,1,719,NeuralTextures,FaceForensics++,faceforensics/NeuralTextures/719_737/000022.jpg,719,719|737,719_737,test,source_video_disjoint_v1
faceforensics/NeuralTextures/835_651/000023.jpg,1,835,NeuralTextures,FaceForensics++,faceforensics/NeuralTextures/835_651/000023.jpg,835,835|651,835_651,test,source_video_disjoint_v1
faceforensics/NeuralTextures/468_470/000026.jpg,1,468,NeuralTextures,FaceForensics++,faceforensics/NeuralTextures/468_470/000026.jpg,468,468|470,468_470,test,source_video_disjoint_v1
faceforensics/NeuralTextures/651_835/000023.jpg,1,651,NeuralTextures,FaceForensics++,faceforensics/NeuralTextures/651_835/000023.jpg,651,651|835,651_835,test,source_video_disjoint_v1
faceforensics/NeuralTextures/258_246/000015.jpg,1,258,NeuralTextures,FaceForensics++,faceforensics/NeuralTextures/258_246/000015.jpg,258,258|246,258_246,test,source_video_disjoint_v1
faceforensics/NeuralTextures/737_719/000026.jpg,1,737,NeuralTextures,FaceForensics++,faceforensics/NeuralTextures/737_719/000026.jpg,737,737|719,737_719,test,source_video_disjoint_v1
faceforensics/NeuralTextures/246_258/000006.jpg,1,246,NeuralTextures,FaceForensics++,faceforensics/NeuralTextures/246_258/000006.jpg,246,246|258,246_258,test,source_video_disjoint_v1
faceforensics/NeuralTextures/470_468/000019.jpg,1,470,NeuralTextures,FaceForensics++,faceforensics/NeuralTextures/470_468/000019.jpg,470,470|468,470_468,test,source_video_disjoint_v1
faceforensics/NeuralTextures/719_737/000018.jpg,1,719,NeuralTextures,FaceForensics++,faceforensics/NeuralTextures/719_737/000018.jpg,719,719|737,719_737,test,source_video_disjoint_v1
faceforensics/NeuralTextures/835_651/000020.jpg,1,835,NeuralTextures,FaceForensics++,faceforensics/NeuralTextures/835_651/000020.jpg,835,835|651,835_651,test,source_video_disjoint_v1
faceforensics/NeuralTextures/737_719/000005.jpg,1,737,NeuralTextures,FaceForensics++,faceforensics/NeuralTextures/737_719/000005.jpg,737,737|719,737_719,test,source_video_disjoint_v1
faceforensics/NeuralTextures/651_835/000005.jpg,1,651,NeuralTextures,FaceForensics++,faceforensics/NeuralTextures/651_835/000005.jpg,651,651|835,651_835,test,source_video_disjoint_v1
faceforensics/NeuralTextures/258_246/000000.jpg,1,258,NeuralTextures,FaceForensics++,faceforensics/NeuralTextures/258_246/000000.jpg,258,258|246,258_246,test,source_video_disjoint_v1
faceforensics/NeuralTextures/468_470/000009.jpg,1,468,NeuralTextures,FaceForensics++,faceforensics/NeuralTextures/468_470/000009.jpg,468,468|470,468_470,test,source_video_disjoint_v1
faceforensics/NeuralTextures/470_468/000014.jpg,1,470,NeuralTextures,FaceForensics++,faceforensics/NeuralTextures/470_468/000014.jpg,470,470|468,470_468,test,source_video_disjoint_v1
faceforensics/NeuralTextures/246_258/000009.jpg,1,246,NeuralTextures,FaceForensics++,faceforensics/NeuralTextures/246_258/000009.jpg,246,246|258,246_258,test,source_video_disjoint_v1
faceforensics/NeuralTextures/719_737/000002.jpg,1,719,NeuralTextures,FaceForensics++,faceforensics/NeuralTextures/719_737/000002.jpg,719,719|737,719_737,test,source_video_disjoint_v1
faceforensics/NeuralTextures/651_835/000007.jpg,1,651,NeuralTextures,FaceForensics++,faceforensics/NeuralTextures/651_835/000007.jpg,651,651|835,651_835,test,source_video_disjoint_v1
faceforensics/NeuralTextures/835_651/000025.jpg,1,835,NeuralTextures,FaceForensics++,faceforensics/NeuralTextures/835_651/000025.jpg,835,835|651,835_651,test,source_video_disjoint_v1
faceforensics/NeuralTextures/737_719/000021.jpg,1,737,NeuralTextures,FaceForensics++,faceforensics/NeuralTextures/737_719/000021.jpg,737,737|719,737_719,test,source_video_disjoint_v1
faceforensics/NeuralTextures/258_246/000025.jpg,1,258,NeuralTextures,FaceForensics++,faceforensics/NeuralTextures/258_246/000025.jpg,258,258|246,258_246,test,source_video_disjoint_v1
faceforensics/NeuralTextures/468_470/000019.jpg,1,468,NeuralTextures,FaceForensics++,faceforensics/NeuralTextures/468_470/000019.jpg,468,468|470,468_470,test,source_video_disjoint_v1
faceforensics/NeuralTextures/470_468/000024.jpg,1,470,NeuralTextures,FaceForensics++,faceforensics/NeuralTextures/470_468/000024.jpg,470,470|468,470_468,test,source_video_disjoint_v1
faceforensics/NeuralTextures/246_258/000015.jpg,1,246,NeuralTextures,FaceForensics++,faceforensics/NeuralTextures/246_258/000015.jpg,246,246|258,246_258,test,source_video_disjoint_v1
faceforensics/NeuralTextures/719_737/000026.jpg,1,719,NeuralTextures,FaceForensics++,faceforensics/NeuralTextures/719_737/000026.jpg,719,719|737,719_737,test,source_video_disjoint_v1
faceforensics/NeuralTextures/835_651/000027.jpg,1,835,NeuralTextures,FaceForensics++,faceforensics/NeuralTextures/835_651/000027.jpg,835,835|651,835_651,test,source_video_disjoint_v1
faceforensics/NeuralTextures/737_719/000002.jpg,1,737,NeuralTextures,FaceForensics++,faceforensics/NeuralTextures/737_719/000002.jpg,737,737|719,737_719,test,source_video_disjoint_v1
faceforensics/NeuralTextures/468_470/000006.jpg,1,468,NeuralTextures,FaceForensics++,faceforensics/NeuralTextures/468_470/000006.jpg,468,468|470,468_470,test,source_video_disjoint_v1
faceforensics/NeuralTextures/258_246/000008.jpg,1,258,NeuralTextures,FaceForensics++,faceforensics/NeuralTextures/258_246/000008.jpg,258,258|246,258_246,test,source_video_disjoint_v1
faceforensics/NeuralTextures/651_835/000019.jpg,1,651,NeuralTextures,FaceForensics++,faceforensics/NeuralTextures/651_835/000019.jpg,651,651|835,651_835,test,source_video_disjoint_v1
faceforensics/NeuralTextures/470_468/000023.jpg,1,470,NeuralTextures,FaceForensics++,faceforensics/NeuralTextures/470_468/000023.jpg,470,470|468,470_468,test,source_video_disjoint_v1
faceforensics/NeuralTextures/246_258/000019.jpg,1,246,NeuralTextures,FaceForensics++,faceforensics/NeuralTextures/246_258/000019.jpg,246,246|258,246_258,test,source_video_disjoint_v1
faceforensics/NeuralTextures/719_737/000000.jpg,1,719,NeuralTextures,FaceForensics++,faceforensics/NeuralTextures/719_737/000000.jpg,719,719|737,719_737,test,source_video_disjoint_v1
faceforensics/NeuralTextures/835_651/000018.jpg,1,835,NeuralTextures,FaceForensics++,faceforensics/NeuralTextures/835_651/000018.jpg,835,835|651,835_651,test,source_video_disjoint_v1
faceforensics/NeuralTextures/737_719/000012.jpg,1,737,NeuralTextures,FaceForensics++,faceforensics/NeuralTextures/737_719/000012.jpg,737,737|719,737_719,test,source_video_disjoint_v1
faceforensics/NeuralTextures/468_470/000000.jpg,1,468,NeuralTextures,FaceForensics++,faceforensics/NeuralTextures/468_470/000000.jpg,468,468|470,468_470,test,source_video_disjoint_v1
faceforensics/NeuralTextures/651_835/000016.jpg,1,651,NeuralTextures,FaceForensics++,faceforensics/NeuralTextures/651_835/000016.jpg,651,651|835,651_835,test,source_video_disjoint_v1
faceforensics/NeuralTextures/258_246/000026.jpg,1,258,NeuralTextures,FaceForensics++,faceforensics/NeuralTextures/258_246/000026.jpg,258,258|246,258_246,test,source_video_disjoint_v1
faceforensics/NeuralTextures/246_258/000010.jpg,1,246,NeuralTextures,FaceForensics++,faceforensics/NeuralTextures/246_258/000010.jpg,246,246|258,246_258,test,source_video_disjoint_v1
faceforensics/NeuralTextures/719_737/000003.jpg,1,719,NeuralTextures,FaceForensics++,faceforensics/NeuralTextures/719_737/000003.jpg,719,719|737,719_737,test,source_video_disjoint_v1
faceforensics/NeuralTextures/470_468/000006.jpg,1,470,NeuralTextures,FaceForensics++,faceforensics/NeuralTextures/470_468/000006.jpg,470,470|468,470_468,test,source_video_disjoint_v1
faceforensics/NeuralTextures/835_651/000017.jpg,1,835,NeuralTextures,FaceForensics++,faceforensics/NeuralTextures/835_651/000017.jpg,835,835|651,835_651,test,source_video_disjoint_v1
faceforensics/NeuralTextures/737_719/000024.jpg,1,737,NeuralTextures,FaceForensics++,faceforensics/NeuralTextures/737_719/000024.jpg,737,737|719,737_719,test,source_video_disjoint_v1
faceforensics/NeuralTextures/468_470/000013.jpg,1,468,NeuralTextures,FaceForensics++,faceforensics/NeuralTextures/468_470/000013.jpg,468,468|470,468_470,test,source_video_disjoint_v1
faceforensics/NeuralTextures/651_835/000006.jpg,1,651,NeuralTextures,FaceForensics++,faceforensics/NeuralTextures/651_835/000006.jpg,651,651|835,651_835,test,source_video_disjoint_v1
faceforensics/NeuralTextures/258_246/000001.jpg,1,258,NeuralTextures,FaceForensics++,faceforensics/NeuralTextures/258_246/000001.jpg,258,258|246,258_246,test,source_video_disjoint_v1
faceforensics/NeuralTextures/246_258/000025.jpg,1,246,NeuralTextures,FaceForensics++,faceforensics/NeuralTextures/246_258/000025.jpg,246,246|258,246_258,test,source_video_disjoint_v1
faceforensics/NeuralTextures/719_737/000025.jpg,1,719,NeuralTextures,FaceForensics++,faceforensics/NeuralTextures/719_737/000025.jpg,719,719|737,719_737,test,source_video_disjoint_v1
faceforensics/NeuralTextures/470_468/000022.jpg,1,470,NeuralTextures,FaceForensics++,faceforensics/NeuralTextures/470_468/000022.jpg,470,470|468,470_468,test,source_video_disjoint_v1
faceforensics/NeuralTextures/835_651/000011.jpg,1,835,NeuralTextures,FaceForensics++,faceforensics/NeuralTextures/835_651/000011.jpg,835,835|651,835_651,test,source_video_disjoint_v1
faceforensics/NeuralTextures/737_719/000006.jpg,1,737,NeuralTextures,FaceForensics++,faceforensics/NeuralTextures/737_719/000006.jpg,737,737|719,737_719,test,source_video_disjoint_v1
faceforensics/NeuralTextures/651_835/000000.jpg,1,651,NeuralTextures,FaceForensics++,faceforensics/NeuralTextures/651_835/000000.jpg,651,651|835,651_835,test,source_video_disjoint_v1
faceforensics/NeuralTextures/468_470/000007.jpg,1,468,NeuralTextures,FaceForensics++,faceforensics/NeuralTextures/468_470/000007.jpg,468,468|470,468_470,test,source_video_disjoint_v1
faceforensics/NeuralTextures/258_246/000005.jpg,1,258,NeuralTextures,FaceForensics++,faceforensics/NeuralTextures/258_246/000005.jpg,258,258|246,258_246,test,source_video_disjoint_v1
faceforensics/NeuralTextures/246_258/000018.jpg,1,246,NeuralTextures,FaceForensics++,faceforensics/NeuralTextures/246_258/000018.jpg,246,246|258,246_258,test,source_video_disjoint_v1
faceforensics/NeuralTextures/719_737/000006.jpg,1,719,NeuralTextures,FaceForensics++,faceforensics/NeuralTextures/719_737/000006.jpg,719,719|737,719_737,test,source_video_disjoint_v1
faceforensics/NeuralTextures/737_719/000027.jpg,1,737,NeuralTextures,FaceForensics++,faceforensics/NeuralTextures/737_719/000027.jpg,737,737|719,737_719,test,source_video_disjoint_v1
faceforensics/NeuralTextures/835_651/000014.jpg,1,835,NeuralTextures,FaceForensics++,faceforensics/NeuralTextures/835_651/000014.jpg,835,835|651,835_651,test,source_video_disjoint_v1
faceforensics/NeuralTextures/470_468/000025.jpg,1,470,NeuralTextures,FaceForensics++,faceforensics/NeuralTextures/470_468/000025.jpg,470,470|468,470_468,test,source_video_disjoint_v1
faceforensics/NeuralTextures/468_470/000008.jpg,1,468,NeuralTextures,FaceForensics++,faceforensics/NeuralTextures/468_470/000008.jpg,468,468|470,468_470,test,source_video_disjoint_v1
faceforensics/NeuralTextures/651_835/000004.jpg,1,651,NeuralTextures,FaceForensics++,faceforensics/NeuralTextures/651_835/000004.jpg,651,651|835,651_835,test,source_video_disjoint_v1
faceforensics/NeuralTextures/258_246/000012.jpg,1,258,NeuralTextures,FaceForensics++,faceforensics/NeuralTextures/258_246/000012.jpg,258,258|246,258_246,test,source_video_disjoint_v1
faceforensics/NeuralTextures/246_258/000016.jpg,1,246,NeuralTextures,FaceForensics++,faceforensics/NeuralTextures/246_258/000016.jpg,246,246|258,246_258,test,source_video_disjoint_v1
faceforensics/NeuralTextures/719_737/000015.jpg,1,719,NeuralTextures,FaceForensics++,faceforensics/NeuralTextures/719_737/000015.jpg,719,719|737,719_737,test,source_video_disjoint_v1
faceforensics/NeuralTextures/737_719/000013.jpg,1,737,NeuralTextures,FaceForensics++,faceforensics/NeuralTextures/737_719/000013.jpg,737,737|719,737_719,test,source_video_disjoint_v1
faceforensics/NeuralTextures/835_651/000009.jpg,1,835,NeuralTextures,FaceForensics++,faceforensics/NeuralTextures/835_651/000009.jpg,835,835|651,835_651,test,source_video_disjoint_v1
faceforensics/NeuralTextures/470_468/000005.jpg,1,470,NeuralTextures,FaceForensics++,faceforensics/NeuralTextures/470_468/000005.jpg,470,470|468,470_468,test,source_video_disjoint_v1
faceforensics/NeuralTextures/468_470/000024.jpg,1,468,NeuralTextures,FaceForensics++,faceforensics/NeuralTextures/468_470/000024.jpg,468,468|470,468_470,test,source_video_disjoint_v1
faceforensics/NeuralTextures/651_835/000022.jpg,1,651,NeuralTextures,FaceForensics++,faceforensics/NeuralTextures/651_835/000022.jpg,651,651|835,651_835,test,source_video_disjoint_v1
faceforensics/NeuralTextures/258_246/000021.jpg,1,258,NeuralTextures,FaceForensics++,faceforensics/NeuralTextures/258_246/000021.jpg,258,258|246,258_246,test,source_video_disjoint_v1
faceforensics/NeuralTextures/737_719/000029.jpg,1,737,NeuralTextures,FaceForensics++,faceforensics/NeuralTextures/737_719/000029.jpg,737,737|719,737_719,test,source_video_disjoint_v1
faceforensics/NeuralTextures/470_468/000011.jpg,1,470,NeuralTextures,FaceForensics++,faceforensics/NeuralTextures/470_468/000011.jpg,470,470|468,470_468,test,source_video_disjoint_v1
faceforensics/NeuralTextures/719_737/000027.jpg,1,719,NeuralTextures,FaceForensics++,faceforensics/NeuralTextures/719_737/000027.jpg,719,719|737,719_737,test,source_video_disjoint_v1
faceforensics/NeuralTextures/246_258/000029.jpg,1,246,NeuralTextures,FaceForensics++,faceforensics/NeuralTextures/246_258/000029.jpg,246,246|258,246_258,test,source_video_disjoint_v1
faceforensics/NeuralTextures/468_470/000015.jpg,1,468,NeuralTextures,FaceForensics++,faceforensics/NeuralTextures/468_470/000015.jpg,468,468|470,468_470,test,source_video_disjoint_v1
faceforensics/NeuralTextures/835_651/000002.jpg,1,835,NeuralTextures,FaceForensics++,faceforensics/NeuralTextures/835_651/000002.jpg,835,835|651,835_651,test,source_video_disjoint_v1
faceforensics/NeuralTextures/651_835/000028.jpg,1,651,NeuralTextures,FaceForensics++,faceforensics/NeuralTextures/651_835/000028.jpg,651,651|835,651_835,test,source_video_disjoint_v1
faceforensics/NeuralTextures/258_246/000011.jpg,1,258,NeuralTextures,FaceForensics++,faceforensics/NeuralTextures/258_246/000011.jpg,258,258|246,258_246,test,source_video_disjoint_v1
faceforensics/NeuralTextures/470_468/000018.jpg,1,470,NeuralTextures,FaceForensics++,faceforensics/NeuralTextures/470_468/000018.jpg,470,470|468,470_468,test,source_video_disjoint_v1
faceforensics/NeuralTextures/737_719/000014.jpg,1,737,NeuralTextures,FaceForensics++,faceforensics/NeuralTextures/737_719/000014.jpg,737,737|719,737_719,test,source_video_disjoint_v1
faceforensics/NeuralTextures/468_470/000022.jpg,1,468,NeuralTextures,FaceForensics++,faceforensics/NeuralTextures/468_470/000022.jpg,468,468|470,468_470,test,source_video_disjoint_v1
faceforensics/NeuralTextures/246_258/000005.jpg,1,246,NeuralTextures,FaceForensics++,faceforensics/NeuralTextures/246_258/000005.jpg,246,246|258,246_258,test,source_video_disjoint_v1
faceforensics/NeuralTextures/719_737/000014.jpg,1,719,NeuralTextures,FaceForensics++,faceforensics/NeuralTextures/719_737/000014.jpg,719,719|737,719_737,test,source_video_disjoint_v1
faceforensics/NeuralTextures/835_651/000013.jpg,1,835,NeuralTextures,FaceForensics++,faceforensics/NeuralTextures/835_651/000013.jpg,835,835|651,835_651,test,source_video_disjoint_v1
faceforensics/NeuralTextures/651_835/000017.jpg,1,651,NeuralTextures,FaceForensics++,faceforensics/NeuralTextures/651_835/000017.jpg,651,651|835,651_835,test,source_video_disjoint_v1
faceforensics/NeuralTextures/258_246/000016.jpg,1,258,NeuralTextures,FaceForensics++,faceforensics/NeuralTextures/258_246/000016.jpg,258,258|246,258_246,test,source_video_disjoint_v1
faceforensics/NeuralTextures/470_468/000027.jpg,1,470,NeuralTextures,FaceForensics++,faceforensics/NeuralTextures/470_468/000027.jpg,470,470|468,470_468,test,source_video_disjoint_v1
faceforensics/NeuralTextures/719_737/000009.jpg,1,719,NeuralTextures,FaceForensics++,faceforensics/NeuralTextures/719_737/000009.jpg,719,719|737,719_737,test,source_video_disjoint_v1
faceforensics/NeuralTextures/468_470/000005.jpg,1,468,NeuralTextures,FaceForensics++,faceforensics/NeuralTextures/468_470/000005.jpg,468,468|470,468_470,test,source_video_disjoint_v1
faceforensics/NeuralTextures/737_719/000028.jpg,1,737,NeuralTextures,FaceForensics++,faceforensics/NeuralTextures/737_719/000028.jpg,737,737|719,737_719,test,source_video_disjoint_v1
faceforensics/NeuralTextures/246_258/000012.jpg,1,246,NeuralTextures,FaceForensics++,faceforensics/NeuralTextures/246_258/000012.jpg,246,246|258,246_258,test,source_video_disjoint_v1
faceforensics/NeuralTextures/651_835/000026.jpg,1,651,NeuralTextures,FaceForensics++,faceforensics/NeuralTextures/651_835/000026.jpg,651,651|835,651_835,test,source_video_disjoint_v1
faceforensics/NeuralTextures/835_651/000021.jpg,1,835,NeuralTextures,FaceForensics++,faceforensics/NeuralTextures/835_651/000021.jpg,835,835|651,835_651,test,source_video_disjoint_v1
faceforensics/NeuralTextures/258_246/000006.jpg,1,258,NeuralTextures,FaceForensics++,faceforensics/NeuralTextures/258_246/000006.jpg,258,258|246,258_246,test,source_video_disjoint_v1
faceforensics/NeuralTextures/470_468/000021.jpg,1,470,NeuralTextures,FaceForensics++,faceforensics/NeuralTextures/470_468/000021.jpg,470,470|468,470_468,test,source_video_disjoint_v1
faceforensics/NeuralTextures/246_258/000028.jpg,1,246,NeuralTextures,FaceForensics++,faceforensics/NeuralTextures/246_258/000028.jpg,246,246|258,246_258,test,source_video_disjoint_v1
faceforensics/NeuralTextures/719_737/000011.jpg,1,719,NeuralTextures,FaceForensics++,faceforensics/NeuralTextures/719_737/000011.jpg,719,719|737,719_737,test,source_video_disjoint_v1
faceforensics/NeuralTextures/737_719/000010.jpg,1,737,NeuralTextures,FaceForensics++,faceforensics/NeuralTextures/737_719/000010.jpg,737,737|719,737_719,test,source_video_disjoint_v1
faceforensics/NeuralTextures/468_470/000016.jpg,1,468,NeuralTextures,FaceForensics++,faceforensics/NeuralTextures/468_470/000016.jpg,468,468|470,468_470,test,source_video_disjoint_v1
faceforensics/NeuralTextures/651_835/000021.jpg,1,651,NeuralTextures,FaceForensics++,faceforensics/NeuralTextures/651_835/000021.jpg,651,651|835,651_835,test,source_video_disjoint_v1
faceforensics/NeuralTextures/835_651/000005.jpg,1,835,NeuralTextures,FaceForensics++,faceforensics/NeuralTextures/835_651/000005.jpg,835,835|651,835_651,test,source_video_disjoint_v1
faceforensics/NeuralTextures/258_246/000003.jpg,1,258,NeuralTextures,FaceForensics++,faceforensics/NeuralTextures/258_246/000003.jpg,258,258|246,258_246,test,source_video_disjoint_v1
faceforensics/NeuralTextures/470_468/000007.jpg,1,470,NeuralTextures,FaceForensics++,faceforensics/NeuralTextures/470_468/000007.jpg,470,470|468,470_468,test,source_video_disjoint_v1
faceforensics/NeuralTextures/719_737/000012.jpg,1,719,NeuralTextures,FaceForensics++,faceforensics/NeuralTextures/719_737/000012.jpg,719,719|737,719_737,test,source_video_disjoint_v1
faceforensics/NeuralTextures/468_470/000018.jpg,1,468,NeuralTextures,FaceForensics++,faceforensics/NeuralTextures/468_470/000018.jpg,468,468|470,468_470,test,source_video_disjoint_v1
faceforensics/NeuralTextures/246_258/000026.jpg,1,246,NeuralTextures,FaceForensics++,faceforensics/NeuralTextures/246_258/000026.jpg,246,246|258,246_258,test,source_video_disjoint_v1
faceforensics/NeuralTextures/835_651/000028.jpg,1,835,NeuralTextures,FaceForensics++,faceforensics/NeuralTextures/835_651/000028.jpg,835,835|651,835_651,test,source_video_disjoint_v1
faceforensics/NeuralTextures/651_835/000012.jpg,1,651,NeuralTextures,FaceForensics++,faceforensics/NeuralTextures/651_835/000012.jpg,651,651|835,651_835,test,source_video_disjoint_v1
faceforensics/NeuralTextures/737_719/000016.jpg,1,737,NeuralTextures,FaceForensics++,faceforensics/NeuralTextures/737_719/000016.jpg,737,737|719,737_719,test,source_video_disjoint_v1
faceforensics/NeuralTextures/258_246/000002.jpg,1,258,NeuralTextures,FaceForensics++,faceforensics/NeuralTextures/258_246/000002.jpg,258,258|246,258_246,test,source_video_disjoint_v1
faceforensics/NeuralTextures/246_258/000000.jpg,1,246,NeuralTextures,FaceForensics++,faceforensics/NeuralTextures/246_258/000000.jpg,246,246|258,246_258,test,source_video_disjoint_v1
faceforensics/NeuralTextures/468_470/000017.jpg,1,468,NeuralTextures,FaceForensics++,faceforensics/NeuralTextures/468_470/000017.jpg,468,468|470,468_470,test,source_video_disjoint_v1
faceforensics/NeuralTextures/470_468/000010.jpg,1,470,NeuralTextures,FaceForensics++,faceforensics/NeuralTextures/470_468/000010.jpg,470,470|468,470_468,test,source_video_disjoint_v1
faceforensics/NeuralTextures/651_835/000024.jpg,1,651,NeuralTextures,FaceForensics++,faceforensics/NeuralTextures/651_835/000024.jpg,651,651|835,651_835,test,source_video_disjoint_v1
faceforensics/NeuralTextures/719_737/000023.jpg,1,719,NeuralTextures,FaceForensics++,faceforensics/NeuralTextures/719_737/000023.jpg,719,719|737,719_737,test,source_video_disjoint_v1
faceforensics/NeuralTextures/835_651/000024.jpg,1,835,NeuralTextures,FaceForensics++,faceforensics/NeuralTextures/835_651/000024.jpg,835,835|651,835_651,test,source_video_disjoint_v1
faceforensics/NeuralTextures/737_719/000000.jpg,1,737,NeuralTextures,FaceForensics++,faceforensics/NeuralTextures/737_719/000000.jpg,737,737|719,737_719,test,source_video_disjoint_v1
faceforensics/NeuralTextures/258_246/000014.jpg,1,258,NeuralTextures,FaceForensics++,faceforensics/NeuralTextures/258_246/000014.jpg,258,258|246,258_246,test,source_video_disjoint_v1
