n,threshold,accuracy,balanced_accuracy,precision,recall,specificity,false_positive_rate,f1,auc,ece,nll,brier,experiment,model,test_dataset,protocol_id,evaluation_unit,condition,threshold_source,seed,num_samples,score_type,split,auc_ci_lower,auc_ci_upper,auc_change_ci_lower,auc_change_ci_upper,ba_ci_lower,ba_ci_upper,ba_change_ci_lower,ba_change_ci_upper,bootstrap_valid,n_clusters,reference_auc,auc_change,relative_auc_change,ba_change,model_display,training_run,checkpoint_sha256,frozen_threshold,bootstrap_unit,filter_type,filter_cutoff
1860,0.8212602734565735,0.7446236559139785,0.7461111111111112,0.7823050058207218,0.7,0.7922222222222223,0.20777777777777773,0.7388675096206707,0.8456614583333334,0.18077877783842156,0.8203507640861326,0.20514348307466704,frequency_sensitivity,hybrid,ffpp_source_safe,source_video_disjoint_v1,frame,reference,source_disjoint_validation_frozen,42,1860,probability,test,0.7283656057098765,0.922942334171456,0.0,0.0,0.6403172892720307,0.8321362433862434,0.0,0.0,1967.0,26.0,0.8456614583333334,0.0,0.0,0.0,CoAtNet,source_disjoint_control,dc728c791e4897a7eabff57cb9a9d5988224c88eea3e4c57bfbba32a2a0bd8e5,0.8212602734565735,source_video_component,,
1860,0.8212602734565735,0.4731182795698925,0.46489583333333334,0.492867332382311,0.7197916666666667,0.21,0.79,0.5850973751058425,0.41401504629629626,0.4133356494598732,1.9656371060016609,0.43492072993820574,frequency_sensitivity,hybrid,ffpp_source_safe,source_video_disjoint_v1,frame,lowpass_0.1,source_disjoint_validation_frozen,42,1860,probability,test,0.2487606646825397,0.5464700138356747,-0.5526634259259259,-0.32553654513888897,0.34841825738916254,0.5546497960697071,-0.373349696679438,-0.1904425287356321,1967.0,26.0,0.8456614583333334,-0.43164641203703713,-0.5104246005106402,-0.28121527777777783,CoAtNet,source_disjoint_control,dc728c791e4897a7eabff57cb9a9d5988224c88eea3e4c57bfbba32a2a0bd8e5,0.8212602734565735,source_video_component,lowpass,0.1
1860,0.8212602734565735,0.5403225806451613,0.5427777777777778,0.5663716814159292,0.4666666666666667,0.6188888888888889,0.38111111111111107,0.5117075956596231,0.5577418981481481,0.3441466956370434,1.5828726261867019,0.3837622330174792,frequency_sensitivity,hybrid,ffpp_source_safe,source_video_disjoint_v1,frame,lowpass_0.3,source_disjoint_validation_frozen,42,1860,probability,test,0.33502458492975734,0.7736786398467432,-0.410382349537037,-0.14515396671312902,0.37946633825944176,0.6859171455938696,-0.2852244543650793,-0.12233333333333339,1967.0,26.0,0.8456614583333334,-0.2879195601851853,-0.3404666930814486,-0.20333333333333337,CoAtNet,source_disjoint_control,dc728c791e4897a7eabff57cb9a9d5988224c88eea3e4c57bfbba32a2a0bd8e5,0.8212602734565735,source_video_component,lowpass,0.3
1860,0.8212602734565735,0.6661290322580645,0.6684722222222222,0.7105590062111802,0.5958333333333333,0.7411111111111112,0.25888888888888884,0.648158640226629,0.7564722222222222,0.21672197258313983,1.0167594167566565,0.25528715786813433,frequency_sensitivity,hybrid,ffpp_source_safe,source_video_disjoint_v1,frame,lowpass_0.5,source_disjoint_validation_frozen,42,1860,probability,test,0.6138347169008089,0.8736822916666666,-0.13711425540123456,-0.04243814056513404,0.5515948275862068,0.7753460249042146,-0.11513954741379302,-0.04602324148745517,1967.0,26.0,0.8456614583333334,-0.08918923611111118,-0.10546683336720729,-0.07763888888888892,CoAtNet,source_disjoint_control,dc728c791e4897a7eabff57cb9a9d5988224c88eea3e4c57bfbba32a2a0bd8e5,0.8212602734565735,source_video_component,lowpass,0.5
1860,0.8212602734565735,0.4838709677419355,0.49996527777777783,0.5,0.0010416666666666667,0.9988888888888889,0.0011111111111110628,0.002079002079002079,0.6632627314814816,0.4868155258771465,1.975444656046236,0.4814122764999055,frequency_sensitivity,hybrid,ffpp_source_safe,source_video_disjoint_v1,frame,highpass_0.1,source_disjoint_validation_frozen,42,1860,probability,test,0.553165717364532,0.7631013444170771,-0.29993861836787183,-0.05954127684542188,0.4983413978494624,0.5014660493827161,-0.33124999999999993,-0.14158405172413793,1967.0,26.0,0.8456614583333334,-0.18239872685185177,-0.2156876431513518,-0.24614583333333334,CoAtNet,source_disjoint_control,dc728c791e4897a7eabff57cb9a9d5988224c88eea3e4c57bfbba32a2a0bd8e5,0.8212602734565735,source_video_component,highpass,0.1
1860,0.8212602734565735,0.4838709677419355,0.5,0.0,0.0,1.0,0.0,0.0,0.5824895833333333,0.23271423873982283,0.8624747652076915,0.3044059393611312,frequency_sensitivity,hybrid,ffpp_source_safe,source_video_disjoint_v1,frame,highpass_0.3,source_disjoint_validation_frozen,42,1860,probability,test,0.34964308805418726,0.8085395667989417,-0.4243121784979425,-0.04705890376984135,0.5,0.5,-0.3321362433862433,-0.14031728927203072,1967.0,26.0,0.8456614583333334,-0.26317187500000006,-0.311202399502362,-0.24611111111111117,CoAtNet,source_disjoint_control,dc728c791e4897a7eabff57cb9a9d5988224c88eea3e4c57bfbba32a2a0bd8e5,0.8212602734565735,source_video_component,highpass,0.3
1860,0.8212602734565735,0.4838709677419355,0.5,0.0,0.0,1.0,0.0,0.0,0.6138125,0.1483516455217395,0.7205100462210072,0.2616367598524468,frequency_sensitivity,hybrid,ffpp_source_safe,source_video_disjoint_v1,frame,highpass_0.5,source_disjoint_validation_frozen,42,1860,probability,test,0.4851382275132275,0.7632666683771209,-0.4030520044191921,0.0055090525793649306,0.5,0.5,-0.3321362433862433,-0.14031728927203072,1967.0,26.0,0.8456614583333334,-0.2318489583333334,-0.27416285328915363,-0.24611111111111117,CoAtNet,source_disjoint_control,dc728c791e4897a7eabff57cb9a9d5988224c88eea3e4c57bfbba32a2a0bd8e5,0.8212602734565735,source_video_component,highpass,0.5
576,0.8212602734565735,0.4930555555555556,0.4930555555555555,0.45454545454545453,0.06944444444444445,0.9166666666666666,0.08333333333333337,0.12048192771084337,0.36674141589506176,0.4759004202612084,3.1780989605356176,0.4933674774480934,frequency_sensitivity,hybrid,external_normalized,source_video_disjoint_v1,frame,reference,source_disjoint_validation_frozen,42,576,probability,external_test,0.3206979745629249,0.41148852250343854,0.0,0.0,0.47149519692908415,0.5150714116078824,0.0,0.0,2000.0,576.0,0.36674141589506176,0.0,0.0,0.0,CoAtNet,source_disjoint_control,dc728c791e4897a7eabff57cb9a9d5988224c88eea3e4c57bfbba32a2a0bd8e5,0.8212602734565735,image,,
576,0.8212602734565735,0.5347222222222222,0.5347222222222222,0.5416666666666666,0.4513888888888889,0.6180555555555556,0.3819444444444444,0.49242424242424243,0.5212673611111112,0.2994789144407453,1.1597942311891793,0.3574498770262735,frequency_sensitivity,hybrid,external_normalized,source_video_disjoint_v1,frame,lowpass_0.1,source_disjoint_validation_frozen,42,576,probability,external_test,0.4746736881244072,0.5710257701672183,0.0943368926108307,0.21288949654056766,0.49319846620259394,0.5767488841778036,-0.0019845426700254446,0.08539460807442174,2000.0,576.0,0.36674141589506176,0.1545259452160494,0.4213484992932049,0.041666666666666685,CoAtNet,source_disjoint_control,dc728c791e4897a7eabff57cb9a9d5988224c88eea3e4c57bfbba32a2a0bd8e5,0.8212602734565735,image,lowpass,0.1
576,0.8212602734565735,0.4878472222222222,0.4878472222222222,0.4666666666666667,0.1701388888888889,0.8055555555555556,0.19444444444444442,0.24936386768447838,0.3862364969135802,0.4581559313638637,2.2927067625678426,0.4675276351443207,frequency_sensitivity,hybrid,external_normalized,source_video_disjoint_v1,frame,lowpass_0.3,source_disjoint_validation_frozen,42,576,probability,external_test,0.34211305797967206,0.43290666694352087,-0.011551530499246239,0.05172640399743262,0.45549335691834447,0.5181317978508101,-0.0323388096596104,0.021006684677611055,2000.0,576.0,0.36674141589506176,0.019495081018518434,0.053157565994937137,-0.005208333333333315,CoAtNet,source_disjoint_control,dc728c791e4897a7eabff57cb9a9d5988224c88eea3e4c57bfbba32a2a0bd8e5,0.8212602734565735,image,lowpass,0.3
576,0.8212602734565735,0.4722222222222222,0.4722222222222222,0.3918918918918919,0.10069444444444445,0.84375,0.15625,0.16022099447513813,0.3604600694444444,0.48904207248774945,3.090273521253556,0.5026938303375128,frequency_sensitivity,hybrid,external_normalized,source_video_disjoint_v1,frame,lowpass_0.5,source_disjoint_validation_frozen,42,576,probability,external_test,0.3163862524838711,0.404826320213379,-0.02586826269175854,0.014120372410642736,0.4441636574050934,0.49951919215280044,-0.040472058990891235,-0.0015450726666988422,2000.0,576.0,0.36674141589506176,-0.006281346450617342,-0.01712745323646421,-0.020833333333333315,CoAtNet,source_disjoint_control,dc728c791e4897a7eabff57cb9a9d5988224c88eea3e4c57bfbba32a2a0bd8e5,0.8212602734565735,image,lowpass,0.5
576,0.8212602734565735,0.5017361111111112,0.5017361111111112,0.6666666666666666,0.006944444444444444,0.9965277777777778,0.00347222222222221,0.013745704467353952,0.21789400077160498,0.5134339124429061,2.332954493972485,0.5029515170688511,frequency_sensitivity,hybrid,external_normalized,source_video_disjoint_v1,frame,highpass_0.1,source_disjoint_validation_frozen,42,576,probability,external_test,0.18074311063026038,0.25568061285614463,-0.18980556732025483,-0.10826098477264423,0.49636330457863304,0.5083339665653495,-0.014142543674571665,0.030839070934883205,2000.0,576.0,0.36674141589506176,-0.14884741512345678,-0.40586475558039375,0.008680555555555636,CoAtNet,source_disjoint_control,dc728c791e4897a7eabff57cb9a9d5988224c88eea3e4c57bfbba32a2a0bd8e5,0.8212602734565735,image,highpass,0.1
576,0.8212602734565735,0.5,0.5,0.0,0.0,1.0,0.0,0.0,0.2602961033950617,0.319767246378534,1.020526910731629,0.3648674564400419,frequency_sensitivity,hybrid,external_normalized,source_video_disjoint_v1,frame,highpass_0.3,source_disjoint_validation_frozen,42,576,probability,external_test,0.22184229127725202,0.3003366068715284,-0.16354397437370727,-0.04881337453414799,0.5,0.5,-0.015071411607882423,0.02850480307091583,2000.0,576.0,0.36674141589506176,-0.10644531250000006,-0.2902462276866433,0.006944444444444475,CoAtNet,source_disjoint_control,dc728c791e4897a7eabff57cb9a9d5988224c88eea3e4c57bfbba32a2a0bd8e5,0.8212602734565735,image,highpass,0.3
576,0.8212602734565735,0.5,0.5,0.0,0.0,1.0,0.0,0.0,0.46800250771604934,0.13995084343736786,0.7422495008227825,0.27248023441211183,frequency_sensitivity,hybrid,external_normalized,source_video_disjoint_v1,frame,highpass_0.5,source_disjoint_validation_frozen,42,576,probability,external_test,0.4222679814981345,0.5151266983543307,0.028199586319228864,0.17396600622491998,0.5,0.5,-0.015071411607882423,0.02850480307091583,2000.0,576.0,0.36674141589506176,0.10126109182098758,0.27611032578322736,0.006944444444444475,CoAtNet,source_disjoint_control,dc728c791e4897a7eabff57cb9a9d5988224c88eea3e4c57bfbba32a2a0bd8e5,0.8212602734565735,image,highpass,0.5
1860,0.4307548701763153,0.7844086021505376,0.7828819444444444,0.770048309178744,0.8302083333333333,0.7355555555555555,0.2644444444444445,0.7989974937343358,0.8660034722222222,0.1337185591690907,0.6379153225872637,0.17086309545554354,frequency_sensitivity,xception,ffpp_source_safe,source_video_disjoint_v1,frame,reference,source_disjoint_validation_frozen,42,1860,probability,test,0.7628284582535122,0.938063136574074,0.0,0.0,0.6779044274159217,0.857562003968254,0.0,0.0,1967.0,26.0,0.8660034722222222,0.0,0.0,0.0,Xception,source_disjoint_control,03cb9bba05b67e1478fb86a731857ba65f55a3db09e023035c9bcd9d442d8efc,0.4307548701763153,source_video_component,,
1860,0.4307548701763153,0.47419354838709676,0.46805555555555556,0.49297971918876754,0.6583333333333333,0.2777777777777778,0.7222222222222222,0.5637823371989296,0.42369675925925926,0.22206774869312843,0.8808553884067462,0.3208173024154864,frequency_sensitivity,xception,ffpp_source_safe,source_video_disjoint_v1,frame,lowpass_0.1,source_disjoint_validation_frozen,42,1860,probability,test,0.3214513888888889,0.5108977430555555,-0.5565840517241379,-0.3211843067956349,0.3834259259259259,0.540824054118774,-0.4360599856321839,-0.17446783794162835,1967.0,26.0,0.8660034722222222,-0.4423067129629629,-0.5107447338842357,-0.3148263888888888,Xception,source_disjoint_control,03cb9bba05b67e1478fb86a731857ba65f55a3db09e023035c9bcd9d442d8efc,0.4307548701763153,source_video_component,lowpass,0.1
1860,0.4307548701763153,0.603225806451613,0.5964930555555555,0.5838368580060423,0.8052083333333333,0.3877777777777778,0.6122222222222222,0.6768826619964974,0.6324849537037036,0.2116311812883504,0.9405743523822777,0.28863998846596006,frequency_sensitivity,xception,ffpp_source_safe,source_video_disjoint_v1,frame,lowpass_0.3,source_disjoint_validation_frozen,42,1860,probability,test,0.538930563071188,0.7270499458632019,-0.2998416048052362,-0.17190993923611098,0.534216565860215,0.6604559811827957,-0.24304513888888882,-0.12343732895457045,1967.0,26.0,0.8660034722222222,-0.23351851851851857,-0.2696507877956824,-0.18638888888888883,Xception,source_disjoint_control,03cb9bba05b67e1478fb86a731857ba65f55a3db09e023035c9bcd9d442d8efc,0.4307548701763153,source_video_component,lowpass,0.3
1860,0.4307548701763153,0.6747311827956989,0.6691666666666667,0.640761300555115,0.8416666666666667,0.49666666666666665,0.5033333333333334,0.7276001800990545,0.7610266203703704,0.2172459413317503,0.9602726388087117,0.2546194444187562,frequency_sensitivity,xception,ffpp_source_safe,source_video_disjoint_v1,frame,lowpass_0.5,source_disjoint_validation_frozen,42,1860,probability,test,0.6119308127572016,0.8905206417624519,-0.16484747942386827,-0.03926098871860382,0.5813433908045977,0.7447211021505376,-0.1554073874521073,-0.07206387691570885,1967.0,26.0,0.8660034722222222,-0.1049768518518518,-0.12121989717024373,-0.11371527777777768,Xception,source_disjoint_control,03cb9bba05b67e1478fb86a731857ba65f55a3db09e023035c9bcd9d442d8efc,0.4307548701763153,source_video_component,lowpass,0.5
1860,0.4307548701763153,0.556989247311828,0.5695138888888889,0.8207547169811321,0.18125,0.9577777777777777,0.04222222222222227,0.29692832764505117,0.6363692129629629,0.3458873307148229,1.2330596239593135,0.35770893603160075,frequency_sensitivity,xception,ffpp_source_safe,source_video_disjoint_v1,frame,highpass_0.1,source_disjoint_validation_frozen,42,1860,probability,test,0.4226850198412698,0.8718510536398464,-0.49515176670923794,0.06625891336739034,0.4959638409961685,0.7191954022988504,-0.35059523809523796,-0.035694444444444605,1967.0,26.0,0.8660034722222222,-0.2296342592592593,-0.2651655179511031,-0.2133680555555555,Xception,source_disjoint_control,03cb9bba05b67e1478fb86a731857ba65f55a3db09e023035c9bcd9d442d8efc,0.4307548701763153,source_video_component,highpass,0.1
1860,0.4307548701763153,0.4693548387096774,0.4698611111111111,0.4849833147942158,0.45416666666666666,0.4855555555555556,0.5144444444444445,0.4690693921463152,0.48012152777777783,0.11995769448338016,0.7293670496477052,0.2672037151882298,frequency_sensitivity,xception,ffpp_source_safe,source_video_disjoint_v1,frame,highpass_0.3,source_disjoint_validation_frozen,42,1860,probability,test,0.29510366578863345,0.7092732279693487,-0.6027812072386425,-0.12153348765432098,0.3133596743295019,0.6470157513835673,-0.49633928571428576,-0.10851871141975325,1967.0,26.0,0.8660034722222222,-0.38588194444444435,-0.4455893732784301,-0.31302083333333325,Xception,source_disjoint_control,03cb9bba05b67e1478fb86a731857ba65f55a3db09e023035c9bcd9d442d8efc,0.4307548701763153,source_video_component,highpass,0.3
1860,0.4307548701763153,0.4962365591397849,0.4961111111111111,0.512273212379936,0.5,0.4922222222222222,0.5077777777777778,0.5060622034791776,0.5364513888888889,0.13785303478599875,0.7173035366121298,0.26090818772723845,frequency_sensitivity,xception,ffpp_source_safe,source_video_disjoint_v1,frame,highpass_0.5,source_disjoint_validation_frozen,42,1860,probability,test,0.2724854902795516,0.8616293103448269,-0.6398633389778325,0.023767959770114745,0.313553516313933,0.6792164351851849,-0.5098323754789271,-0.0696438644103875,1967.0,26.0,0.8660034722222222,-0.3295520833333333,-0.3805436050824148,-0.28677083333333325,Xception,source_disjoint_control,03cb9bba05b67e1478fb86a731857ba65f55a3db09e023035c9bcd9d442d8efc,0.4307548701763153,source_video_component,highpass,0.5
576,0.4307548701763153,0.453125,0.453125,0.3783783783783784,0.14583333333333334,0.7604166666666666,0.23958333333333337,0.21052631578947367,0.31479070216049376,0.45390959198178393,2.472135377380419,0.4778300192572571,frequency_sensitivity,xception,external_normalized,source_video_disjoint_v1,frame,reference,source_disjoint_validation_frozen,42,576,probability,external_test,0.27106950995043005,0.36022560851304114,0.0,0.0,0.4209148345246418,0.4849854719506167,0.0,0.0,2000.0,576.0,0.31479070216049376,0.0,0.0,0.0,Xception,source_disjoint_control,03cb9bba05b67e1478fb86a731857ba65f55a3db09e023035c9bcd9d442d8efc,0.4307548701763153,image,,
576,0.4307548701763153,0.4826388888888889,0.48263888888888884,0.4867021276595745,0.6354166666666666,0.3298611111111111,0.6701388888888888,0.5512048192771084,0.4908010223765432,0.21965151792392135,0.8562885613549401,0.3103201393948834,frequency_sensitivity,xception,external_normalized,source_video_disjoint_v1,frame,lowpass_0.1,source_disjoint_validation_frozen,42,576,probability,external_test,0.4467279837091554,0.5387672768581918,0.11997965357088344,0.23136030017386588,0.44626017826199993,0.5229640932358306,-0.014669017905588683,0.07553354588577674,2000.0,576.0,0.31479070216049376,0.17601032021604945,0.559134431252394,0.02951388888888884,Xception,source_disjoint_control,03cb9bba05b67e1478fb86a731857ba65f55a3db09e023035c9bcd9d442d8efc,0.4307548701763153,image,lowpass,0.1
576,0.4307548701763153,0.4635416666666667,0.46354166666666663,0.44878048780487806,0.3194444444444444,0.6076388888888888,0.39236111111111116,0.37322515212981744,0.4071059992283951,0.34200897813550707,1.3143839143557356,0.39818727611980814,frequency_sensitivity,xception,external_normalized,source_video_disjoint_v1,frame,lowpass_0.3,source_disjoint_validation_frozen,42,576,probability,external_test,0.36180436358725354,0.4535822125333417,0.05518249886632014,0.1312057877813505,0.4258122710534081,0.5020628461994343,-0.024361023815649387,0.046350883509942195,2000.0,576.0,0.31479070216049376,0.09231529706790131,0.2932592876292611,0.01041666666666663,Xception,source_disjoint_control,03cb9bba05b67e1478fb86a731857ba65f55a3db09e023035c9bcd9d442d8efc,0.4307548701763153,image,lowpass,0.3
576,0.4307548701763153,0.4409722222222222,0.4409722222222222,0.3671875,0.16319444444444445,0.71875,0.28125,0.22596153846153846,0.341845100308642,0.4300170698192826,2.026010437148958,0.4590833890034932,frequency_sensitivity,xception,external_normalized,source_video_disjoint_v1,frame,lowpass_0.5,source_disjoint_validation_frozen,42,576,probability,external_test,0.2983294147670345,0.3865282953736638,0.0057779790105617875,0.0487739331147461,0.4075137728736102,0.47434245300134054,-0.03498925710581311,0.010662915672939716,2000.0,576.0,0.31479070216049376,0.02705439814814825,0.0859440827269249,-0.01215277777777779,Xception,source_disjoint_control,03cb9bba05b67e1478fb86a731857ba65f55a3db09e023035c9bcd9d442d8efc,0.4307548701763153,image,lowpass,0.5
576,0.4307548701763153,0.3211805555555556,0.3211805555555556,0.19883040935672514,0.11805555555555555,0.5243055555555556,0.4756944444444444,0.14814814814814814,0.25760754243827155,0.47253240665617746,1.7299650125164752,0.4749806886427176,frequency_sensitivity,xception,external_normalized,source_video_disjoint_v1,frame,highpass_0.1,source_disjoint_validation_frozen,42,576,probability,external_test,0.21781669381644472,0.2981819936538719,-0.09746925389599893,-0.020706823907682925,0.28708246275448496,0.3541875547334211,-0.16809533387325407,-0.0971669908959994,2000.0,576.0,0.31479070216049376,-0.05718315972222221,-0.1816545384909996,-0.13194444444444442,Xception,source_disjoint_control,03cb9bba05b67e1478fb86a731857ba65f55a3db09e023035c9bcd9d442d8efc,0.4307548701763153,image,highpass,0.1
576,0.4307548701763153,0.3940972222222222,0.3940972222222222,0.3898916967509025,0.375,0.4131944444444444,0.5868055555555556,0.3823008849557522,0.346703800154321,0.17586338571790192,0.7838867635292406,0.29073016794851597,frequency_sensitivity,xception,external_normalized,source_video_disjoint_v1,frame,highpass_0.3,source_disjoint_validation_frozen,42,576,probability,external_test,0.3031861097868265,0.3920008058772749,-0.018307133883360922,0.0834357419688682,0.3523353354415118,0.4349213277897979,-0.10414712824524552,-0.014141850275720624,2000.0,576.0,0.31479070216049376,0.031913097993827244,0.1013787820758333,-0.05902777777777779,Xception,source_disjoint_control,03cb9bba05b67e1478fb86a731857ba65f55a3db09e023035c9bcd9d442d8efc,0.4307548701763153,image,highpass,0.3
576,0.4307548701763153,0.453125,0.453125,0.4696629213483146,0.7256944444444444,0.18055555555555555,0.8194444444444444,0.5702592087312415,0.39234905478395066,0.14240136139819193,0.7439505486347677,0.27448477432697244,frequency_sensitivity,xception,external_normalized,source_video_disjoint_v1,frame,highpass_0.5,source_disjoint_validation_frozen,42,576,probability,external_test,0.34685176732627937,0.4402409281069393,0.02183572240873266,0.13615087790167943,0.4184008708604614,0.4865352088644586,-0.0466766199092767,0.04549581163836092,2000.0,576.0,0.31479070216049376,0.0775583526234569,0.2463806970509387,0.0,Xception,source_disjoint_control,03cb9bba05b67e1478fb86a731857ba65f55a3db09e023035c9bcd9d442d8efc,0.4307548701763153,image,highpass,0.5
1860,0.5181877613067627,0.5344086021505376,0.5365972222222222,0.5583126550868487,0.46875,0.6044444444444445,0.39555555555555555,0.5096262740656852,0.5685208333333334,0.06167450501553477,0.6801389447398921,0.24408016675806288,frequency_sensitivity,freq_cnn,ffpp_source_safe,source_video_disjoint_v1,frame,reference,source_disjoint_validation_frozen,42,1860,probability,test,0.42081307123655914,0.7363285919540228,0.0,0.0,0.39790591931216934,0.7026185344827585,0.0,0.0,1967.0,26.0,0.5685208333333334,0.0,0.0,0.0,RGB+FFT dual-domain CNN,source_disjoint_control,ad682adfaf8af8c993a52d42d033cc255791381fd208f7eef09a0e87344a8b6b,0.5181877613067627,source_video_component,,
1860,0.5181877613067627,0.5161290322580645,0.5,0.5161290322580645,1.0,0.0,1.0,0.6808510638297872,0.43786458333333333,0.11295973251583753,0.7263561782815037,0.2656578451054317,frequency_sensitivity,freq_cnn,ffpp_source_safe,source_video_disjoint_v1,frame,lowpass_0.1,source_disjoint_validation_frozen,42,1860,probability,test,0.2844819204980843,0.5879166132149699,-0.3626056647395548,0.09046374343692343,0.5,0.5,-0.20261853448275857,0.10209408068783057,1967.0,26.0,0.5685208333333334,-0.13065625000000003,-0.22981787533438386,-0.03659722222222217,RGB+FFT dual-domain CNN,source_disjoint_control,ad682adfaf8af8c993a52d42d033cc255791381fd208f7eef09a0e87344a8b6b,0.5181877613067627,source_video_component,lowpass,0.1
1860,0.5181877613067627,0.5478494623655914,0.5327777777777778,0.5330372015546918,1.0,0.06555555555555556,0.9344444444444444,0.695400217312568,0.47203298611111105,0.10367037077103898,0.7155966773216601,0.26049165965840126,frequency_sensitivity,freq_cnn,ffpp_source_safe,source_video_disjoint_v1,frame,lowpass_0.3,source_disjoint_validation_frozen,42,1860,probability,test,0.3038378536226319,0.6259925677593302,-0.2534513977579112,0.03828857929666114,0.5,0.5833333333333334,-0.1665289750957855,0.13952098727421985,1967.0,26.0,0.5685208333333334,-0.09648784722222231,-0.1697173464277427,-0.0038194444444443754,RGB+FFT dual-domain CNN,source_disjoint_control,ad682adfaf8af8c993a52d42d033cc255791381fd208f7eef09a0e87344a8b6b,0.5181877613067627,source_video_component,lowpass,0.3
1860,0.5181877613067627,0.5489247311827957,0.5382638888888889,0.5391079508726567,0.86875,0.20777777777777778,0.7922222222222222,0.6653370562425209,0.5111145833333334,0.08197934072344537,0.6910330138651477,0.24892843693734007,frequency_sensitivity,freq_cnn,ffpp_source_safe,source_video_disjoint_v1,frame,lowpass_0.5,source_disjoint_validation_frozen,42,1860,probability,test,0.36167775383141765,0.662880960648148,-0.14665780651340993,0.017361871408045907,0.4277678571428572,0.630663449006191,-0.11260333994708986,0.09372395833333332,1967.0,26.0,0.5685208333333334,-0.05740624999999999,-0.10097475173146687,0.0016666666666667052,RGB+FFT dual-domain CNN,source_disjoint_control,ad682adfaf8af8c993a52d42d033cc255791381fd208f7eef09a0e87344a8b6b,0.5181877613067627,source_video_component,lowpass,0.5
1860,0.5181877613067627,0.4838709677419355,0.5,0.0,0.0,1.0,0.0,0.0,0.6086342592592592,0.29730054118460225,0.8878567235543509,0.3317556337149878,frequency_sensitivity,freq_cnn,ffpp_source_safe,source_video_disjoint_v1,frame,highpass_0.1,source_disjoint_validation_frozen,42,1860,probability,test,0.43072256811409104,0.8271504895700292,-0.07916114777897519,0.17401577466475085,0.5,0.5,-0.20261853448275857,0.10209408068783057,1967.0,26.0,0.5685208333333334,0.040113425925925816,0.07055753030321518,-0.03659722222222217,RGB+FFT dual-domain CNN,source_disjoint_control,ad682adfaf8af8c993a52d42d033cc255791381fd208f7eef09a0e87344a8b6b,0.5181877613067627,source_video_component,highpass,0.1
1860,0.5181877613067627,0.4838709677419355,0.5,0.0,0.0,1.0,0.0,0.0,0.5929409722222222,0.2826580203508818,0.8662559779537188,0.32398045654168717,frequency_sensitivity,freq_cnn,ffpp_source_safe,source_video_disjoint_v1,frame,highpass_0.3,source_disjoint_validation_frozen,42,1860,probability,test,0.4060019869777413,0.8294870480599642,-0.08994117177522354,0.15449800668724256,0.5,0.5,-0.20261853448275857,0.10209408068783057,1967.0,26.0,0.5685208333333334,0.02442013888888883,0.04295381533462801,-0.03659722222222217,RGB+FFT dual-domain CNN,source_disjoint_control,ad682adfaf8af8c993a52d42d033cc255791381fd208f7eef09a0e87344a8b6b,0.5181877613067627,source_video_component,highpass,0.3
1860,0.5181877613067627,0.4838709677419355,0.5,0.0,0.0,1.0,0.0,0.0,0.5791793981481481,0.24776033189508223,0.806836419202472,0.30163447971849366,frequency_sensitivity,freq_cnn,ffpp_source_safe,source_video_disjoint_v1,frame,highpass_0.5,source_disjoint_validation_frozen,42,1860,probability,test,0.371041335978836,0.8303597541507016,-0.14081200333475236,0.1673374662977152,0.5,0.5,-0.20261853448275857,0.10209408068783057,1967.0,26.0,0.5685208333333334,0.010658564814814753,0.018747887834332812,-0.03659722222222217,RGB+FFT dual-domain CNN,source_disjoint_control,ad682adfaf8af8c993a52d42d033cc255791381fd208f7eef09a0e87344a8b6b,0.5181877613067627,source_video_component,highpass,0.5
576,0.5181877613067627,0.3784722222222222,0.3784722222222222,0.30978260869565216,0.19791666666666666,0.5590277777777778,0.4409722222222222,0.24152542372881355,0.3182388117283951,0.25591647165269804,0.8437729162221603,0.31558336579416735,frequency_sensitivity,freq_cnn,external_normalized,source_video_disjoint_v1,frame,reference,source_disjoint_validation_frozen,42,576,probability,external_test,0.27648113640293803,0.3608906073292845,0.0,0.0,0.34339995971172727,0.41474077869487574,0.0,0.0,2000.0,576.0,0.3182388117283951,0.0,0.0,0.0,RGB+FFT dual-domain CNN,source_disjoint_control,ad682adfaf8af8c993a52d42d033cc255791381fd208f7eef09a0e87344a8b6b,0.5181877613067627,image,,
576,0.5181877613067627,0.4982638888888889,0.4982638888888889,0.49912739965095987,0.9930555555555556,0.003472222222222222,0.9965277777777778,0.6643437862950058,0.48908299575617276,0.13445894854764143,0.7353425359545257,0.2699724282895931,frequency_sensitivity,freq_cnn,external_normalized,source_video_disjoint_v1,frame,lowpass_0.1,source_disjoint_validation_frozen,42,576,probability,external_test,0.44231643346398586,0.5368551675068713,0.1193164636649248,0.22410092433750955,0.4921091126488247,0.503690036900369,0.08216007812906617,0.15546263915253905,2000.0,576.0,0.3182388117283951,0.17084418402777768,0.5368427034399148,0.11979166666666669,RGB+FFT dual-domain CNN,source_disjoint_control,ad682adfaf8af8c993a52d42d033cc255791381fd208f7eef09a0e87344a8b6b,0.5181877613067627,image,lowpass,0.1
576,0.5181877613067627,0.4461805555555556,0.4461805555555555,0.4701348747591522,0.8472222222222222,0.04513888888888889,0.9548611111111112,0.6047087980173482,0.3646436149691358,0.1892354256059561,0.7579544734496404,0.2808210982891574,frequency_sensitivity,freq_cnn,external_normalized,source_video_disjoint_v1,frame,lowpass_0.3,source_disjoint_validation_frozen,42,576,probability,external_test,0.32143538316021303,0.40902622969231944,0.013848136253656702,0.08114607802328806,0.4222640849740183,0.46956260944555306,0.02843172181719333,0.10523488639743662,2000.0,576.0,0.3182388117283951,0.0464048032407407,0.14581754811335038,0.06770833333333331,RGB+FFT dual-domain CNN,source_disjoint_control,ad682adfaf8af8c993a52d42d033cc255791381fd208f7eef09a0e87344a8b6b,0.5181877613067627,image,lowpass,0.3
576,0.5181877613067627,0.3871527777777778,0.3871527777777778,0.4074074074074074,0.4965277777777778,0.2777777777777778,0.7222222222222222,0.4475743348982786,0.3365403163580247,0.19988133208567482,0.7673148233874707,0.285911780526945,frequency_sensitivity,freq_cnn,external_normalized,source_video_disjoint_v1,frame,lowpass_0.5,source_disjoint_validation_frozen,42,576,probability,external_test,0.2932229267460113,0.3801590971499376,0.0024061725737260873,0.035181357131558566,0.3494705869011157,0.4236664696872851,-0.0291842977827874,0.04494981223172355,2000.0,576.0,0.3182388117283951,0.01830150462962965,0.05750871344143058,0.00868055555555558,RGB+FFT dual-domain CNN,source_disjoint_control,ad682adfaf8af8c993a52d42d033cc255791381fd208f7eef09a0e87344a8b6b,0.5181877613067627,image,lowpass,0.5
576,0.5181877613067627,0.5,0.5,0.0,0.0,1.0,0.0,0.0,0.3095582561728395,0.3455622124505911,1.0562790093994046,0.37360655697715145,frequency_sensitivity,freq_cnn,external_normalized,source_video_disjoint_v1,frame,highpass_0.1,source_disjoint_validation_frozen,42,576,probability,external_test,0.2655052824755676,0.35236408120552226,-0.03691740212331149,0.018773487557661016,0.5,0.5,0.08525922130512414,0.15660004028827273,2000.0,576.0,0.3182388117283951,-0.00868055555555558,-0.027276860130322853,0.12152777777777779,RGB+FFT dual-domain CNN,source_disjoint_control,ad682adfaf8af8c993a52d42d033cc255791381fd208f7eef09a0e87344a8b6b,0.5181877613067627,image,highpass,0.1
576,0.5181877613067627,0.5,0.5,0.0,0.0,1.0,0.0,0.0,0.30819589120370366,0.3328595494431915,1.032271812132812,0.3669441490628274,frequency_sensitivity,freq_cnn,external_normalized,source_video_disjoint_v1,frame,highpass_0.3,source_disjoint_validation_frozen,42,576,probability,external_test,0.26467838927984333,0.3512450559521513,-0.03812284231697494,0.017794082944153113,0.5,0.5,0.08525922130512414,0.15660004028827273,2000.0,576.0,0.3182388117283951,-0.010042920524691412,-0.03155781178966527,0.12152777777777779,RGB+FFT dual-domain CNN,source_disjoint_control,ad682adfaf8af8c993a52d42d033cc255791381fd208f7eef09a0e87344a8b6b,0.5181877613067627,image,highpass,0.3
576,0.5181877613067627,0.5,0.5,0.0,0.0,1.0,0.0,0.0,0.30744839891975306,0.30233700190014345,0.9401612557272035,0.34182939681575514,frequency_sensitivity,freq_cnn,external_normalized,source_video_disjoint_v1,frame,highpass_0.5,source_disjoint_validation_frozen,42,576,probability,external_test,0.26403227745801927,0.3501666968107553,-0.03934927258295041,0.01736195198953781,0.5,0.5,0.08525922130512414,0.15660004028827273,2000.0,576.0,0.3182388117283951,-0.010790412808642014,-0.03390665252310968,0.12152777777777779,RGB+FFT dual-domain CNN,source_disjoint_control,ad682adfaf8af8c993a52d42d033cc255791381fd208f7eef09a0e87344a8b6b,0.5181877613067627,image,highpass,0.5
