group,radius,mean_power
FF++ Deepfakes,0.01414213562373095,1620182.984348608
FF++ Deepfakes,0.042426406871192854,186059.8652386357
FF++ Deepfakes,0.07071067811865475,38374.81038882216
FF++ Deepfakes,0.09899494936611666,15497.820755051493
FF++ Deepfakes,0.12727922061357855,7421.306390355802
FF++ Deepfakes,0.15556349186104046,3914.568360101264
FF++ Deepfakes,0.18384776310850237,2375.4701003424925
FF++ Deepfakes,0.21213203435596426,1477.2005587577983
FF++ Deepfakes,0.24041630560342614,979.283602194163
FF++ Deepfakes,0.26870057685088805,683.1363255316534
FF++ Deepfakes,0.29698484809834996,468.29706856256854
FF++ Deepfakes,0.3252691193458119,360.11330960222915
FF++ Deepfakes,0.3535533905932738,243.32264408489036
FF++ Deepfakes,0.38183766184073564,182.31042769433654
FF++ Deepfakes,0.41012193308819755,135.49280652242035
FF++ Deepfakes,0.43840620433565947,103.77176647900237
FF++ Deepfakes,0.4666904755831214,82.26714240828777
FF++ Deepfakes,0.4949747468305833,76.79153025884546
FF++ Deepfakes,0.5232590180780452,53.3972923840784
FF++ Deepfakes,0.551543289325507,39.588115315975976
FF++ Deepfakes,0.579827560572969,30.698161704691792
FF++ Deepfakes,0.6081118318204308,25.37102985705147
FF++ Deepfakes,0.6363961030678928,21.26514578075583
FF++ Deepfakes,0.6646803743153546,19.833390659936626
FF++ Deepfakes,0.6929646455628167,15.437539814890036
FF++ Deepfakes,0.7212489168102785,12.93160157944171
FF++ Deepfakes,0.7495331880577404,11.441262136245122
FF++ Deepfakes,0.7778174593052023,10.046257538927549
FF++ Deepfakes,0.8061017305526641,9.054813378212197
FF++ Deepfakes,0.8343860018001261,9.8020756015253
FF++ Deepfakes,0.8626702730475879,8.068452561650744
FF++ Deepfakes,0.8909545442950499,7.094822384453993
FF++ Deepfakes,0.9192388155425117,6.835112464970715
FF++ Deepfakes,0.9475230867899738,6.276262932556008
FF++ Deepfakes,0.9758073580374356,6.197871183510788
FF++ Deepfakes,1.0040916292848974,3.6021142731718623
FF++ Deepfakes,1.0323759005323594,0.6163652237791899
FF++ Deepfakes,1.0606601717798214,0.46701527743791077
FF++ Deepfakes,1.0889444430272832,0.3824443977827546
FF++ Deepfakes,1.117228714274745,0.3203068946638863
FF++ Deepfakes,1.145512985522207,0.2791797745064464
FF++ Deepfakes,1.173797256769669,0.24738256384283175
FF++ Deepfakes,1.2020815280171306,0.22196306302992225
FF++ Deepfakes,1.2303657992645927,0.2018565324805406
FF++ Deepfakes,1.2586500705120547,0.18634996650291985
FF++ Deepfakes,1.2869343417595165,0.17636712238948643
FF++ Deepfakes,1.3152186130069783,0.16370912129478463
FF++ Deepfakes,1.3435028842544403,0.1557904212309661
FF++ Deepfakes,1.3717871555019023,0.15034893366091173
FF++ Deepfakes,1.4000714267493641,0.14080506832117498
FF++ Face2Face,0.01414213562373095,1637240.562937594
FF++ Face2Face,0.042426406871192854,177333.71851164664
FF++ Face2Face,0.07071067811865475,38142.05805900282
FF++ Face2Face,0.09899494936611666,15044.304259097296
FF++ Face2Face,0.12727922061357855,7106.137012301983
FF++ Face2Face,0.15556349186104046,3784.7836258986376
FF++ Face2Face,0.18384776310850237,2339.000303206198
FF++ Face2Face,0.21213203435596426,1455.037163967184
FF++ Face2Face,0.24041630560342614,955.5720740003153
FF++ Face2Face,0.26870057685088805,662.8050475500783
FF++ Face2Face,0.29698484809834996,457.9522267263069
FF++ Face2Face,0.3252691193458119,348.8804006249867
FF++ Face2Face,0.3535533905932738,244.70664158323015
FF++ Face2Face,0.38183766184073564,180.1416509200248
FF++ Face2Face,0.41012193308819755,135.88598302638422
FF++ Face2Face,0.43840620433565947,106.69383290308818
FF++ Face2Face,0.4666904755831214,85.47188394109608
FF++ Face2Face,0.4949747468305833,76.89411517938773
FF++ Face2Face,0.5232590180780452,54.463459855437755
FF++ Face2Face,0.551543289325507,40.24945173536709
FF++ Face2Face,0.579827560572969,31.266417523564805
FF++ Face2Face,0.6081118318204308,25.476767501272764
FF++ Face2Face,0.6363961030678928,21.430566414245725
FF++ Face2Face,0.6646803743153546,19.954371787218136
FF++ Face2Face,0.6929646455628167,15.727492737576918
FF++ Face2Face,0.7212489168102785,13.12571100821917
FF++ Face2Face,0.7495331880577404,11.499052394853237
FF++ Face2Face,0.7778174593052023,10.058063076750562
FF++ Face2Face,0.8061017305526641,9.149213382703183
FF++ Face2Face,0.8343860018001261,9.565121134739849
FF++ Face2Face,0.8626702730475879,7.875023371026609
FF++ Face2Face,0.8909545442950499,7.0246657336136336
FF++ Face2Face,0.9192388155425117,6.701528441400227
FF++ Face2Face,0.9475230867899738,6.1565047151730194
FF++ Face2Face,0.9758073580374356,6.085010277564343
FF++ Face2Face,1.0040916292848974,3.5773107529750288
FF++ Face2Face,1.0323759005323594,0.7566249022585125
FF++ Face2Face,1.0606601717798214,0.5667178439266366
FF++ Face2Face,1.0889444430272832,0.46179646356500464
FF++ Face2Face,1.117228714274745,0.38709731333364344
FF++ Face2Face,1.145512985522207,0.3391704896510025
FF++ Face2Face,1.173797256769669,0.3001513425031911
FF++ Face2Face,1.2020815280171306,0.26989134940693366
FF++ Face2Face,1.2303657992645927,0.24783994836815387
FF++ Face2Face,1.2586500705120547,0.22992998000954498
FF++ Face2Face,1.2869343417595165,0.2145155238458392
FF++ Face2Face,1.3152186130069783,0.20600276362413739
FF++ Face2Face,1.3435028842544403,0.19600520631130633
FF++ Face2Face,1.3717871555019023,0.1941173945748838
FF++ Face2Face,1.4000714267493641,0.19048695457186923
FF++ FaceSwap,0.01414213562373095,1581480.3790574262
FF++ FaceSwap,0.042426406871192854,178214.92716153117
FF++ FaceSwap,0.07071067811865475,38519.3162133292
FF++ FaceSwap,0.09899494936611666,15329.061483516134
FF++ FaceSwap,0.12727922061357855,7100.344084492871
FF++ FaceSwap,0.15556349186104046,3936.65816343241
FF++ FaceSwap,0.18384776310850237,2456.343871312213
FF++ FaceSwap,0.21213203435596426,1549.3814448845121
FF++ FaceSwap,0.24041630560342614,1007.7450815452698
FF++ FaceSwap,0.26870057685088805,697.1311155231751
FF++ FaceSwap,0.29698484809834996,492.1487188099464
FF++ FaceSwap,0.3252691193458119,369.3165243389083
FF++ FaceSwap,0.3535533905932738,251.32183377249984
FF++ FaceSwap,0.38183766184073564,189.97078862166956
FF++ FaceSwap,0.41012193308819755,138.2278996531805
FF++ FaceSwap,0.43840620433565947,108.28502439163177
FF++ FaceSwap,0.4666904755831214,85.08928201405377
FF++ FaceSwap,0.4949747468305833,78.52234818352986
FF++ FaceSwap,0.5232590180780452,56.88970362416092
FF++ FaceSwap,0.551543289325507,41.7911799045883
FF++ FaceSwap,0.579827560572969,32.901856007991036
FF++ FaceSwap,0.6081118318204308,26.349688068950286
FF++ FaceSwap,0.6363961030678928,22.11162426846386
FF++ FaceSwap,0.6646803743153546,20.28328913042853
FF++ FaceSwap,0.6929646455628167,15.985282554160904
FF++ FaceSwap,0.7212489168102785,13.39062106496821
FF++ FaceSwap,0.7495331880577404,11.79689070161747
FF++ FaceSwap,0.7778174593052023,10.305671808834955
FF++ FaceSwap,0.8061017305526641,9.340998246688601
FF++ FaceSwap,0.8343860018001261,9.731335429297948
FF++ FaceSwap,0.8626702730475879,8.12711311220078
FF++ FaceSwap,0.8909545442950499,7.180279209129502
FF++ FaceSwap,0.9192388155425117,6.830553325153059
FF++ FaceSwap,0.9475230867899738,6.281121463293586
FF++ FaceSwap,0.9758073580374356,6.203818604920267
FF++ FaceSwap,1.0040916292848974,3.6711624711682784
FF++ FaceSwap,1.0323759005323594,0.7880358966525014
FF++ FaceSwap,1.0606601717798214,0.5887731280475224
FF++ FaceSwap,1.0889444430272832,0.47895001626693084
FF++ FaceSwap,1.117228714274745,0.3980620247796079
FF++ FaceSwap,1.145512985522207,0.34806487836005584
FF++ FaceSwap,1.173797256769669,0.30806957556192077
FF++ FaceSwap,1.2020815280171306,0.2731482470121202
FF++ FaceSwap,1.2303657992645927,0.2509863960526367
FF++ FaceSwap,1.2586500705120547,0.2318607225456514
FF++ FaceSwap,1.2869343417595165,0.2167683680306613
FF++ FaceSwap,1.3152186130069783,0.20621017527968005
FF++ FaceSwap,1.3435028842544403,0.19672362122318393
FF++ FaceSwap,1.3717871555019023,0.19147512292088448
FF++ FaceSwap,1.4000714267493641,0.18911220740320023
FF++ NeuralTextures,0.01414213562373095,1642485.9217677992
FF++ NeuralTextures,0.042426406871192854,180302.91909120785
FF++ NeuralTextures,0.07071067811865475,39255.71276201824
FF++ NeuralTextures,0.09899494936611666,15376.773240625203
FF++ NeuralTextures,0.12727922061357855,7367.789349582748
FF++ NeuralTextures,0.15556349186104046,3914.777964826028
FF++ NeuralTextures,0.18384776310850237,2354.079718018813
FF++ NeuralTextures,0.21213203435596426,1445.5464700171592
FF++ NeuralTextures,0.24041630560342614,943.0392366798192
FF++ NeuralTextures,0.26870057685088805,638.3220198867108
FF++ NeuralTextures,0.29698484809834996,442.6628691553609
FF++ NeuralTextures,0.3252691193458119,337.41100073095475
FF++ NeuralTextures,0.3535533905932738,225.03227639527228
FF++ NeuralTextures,0.38183766184073564,168.1965590694772
FF++ NeuralTextures,0.41012193308819755,121.1866542482867
FF++ NeuralTextures,0.43840620433565947,92.15266931836406
FF++ NeuralTextures,0.4666904755831214,72.69085416983256
FF++ NeuralTextures,0.4949747468305833,68.28699866827706
FF++ NeuralTextures,0.5232590180780452,47.24561738130803
FF++ NeuralTextures,0.551543289325507,35.26935509642598
FF++ NeuralTextures,0.579827560572969,27.4284417795021
FF++ NeuralTextures,0.6081118318204308,22.0795909240052
FF++ NeuralTextures,0.6363961030678928,18.370193647838793
FF++ NeuralTextures,0.6646803743153546,17.203775365708776
FF++ NeuralTextures,0.6929646455628167,13.459438700090965
FF++ NeuralTextures,0.7212489168102785,11.365334394108329
FF++ NeuralTextures,0.7495331880577404,10.103405434029161
FF++ NeuralTextures,0.7778174593052023,8.932253707553363
FF++ NeuralTextures,0.8061017305526641,8.150188556464927
FF++ NeuralTextures,0.8343860018001261,8.84814520791744
FF++ NeuralTextures,0.8626702730475879,7.307612562695331
FF++ NeuralTextures,0.8909545442950499,6.46148414915682
FF++ NeuralTextures,0.9192388155425117,6.223404132997017
FF++ NeuralTextures,0.9475230867899738,5.748828576428036
FF++ NeuralTextures,0.9758073580374356,5.704739970791413
FF++ NeuralTextures,1.0040916292848974,3.2364758273894267
FF++ NeuralTextures,1.0323759005323594,0.44828267180324693
FF++ NeuralTextures,1.0606601717798214,0.3352675272018983
FF++ NeuralTextures,1.0889444430272832,0.2782893485363334
FF++ NeuralTextures,1.117228714274745,0.2402793513926969
FF++ NeuralTextures,1.145512985522207,0.21355388818586513
FF++ NeuralTextures,1.173797256769669,0.19151097088442684
FF++ NeuralTextures,1.2020815280171306,0.17453293577270196
FF++ NeuralTextures,1.2303657992645927,0.16193583885617988
FF++ NeuralTextures,1.2586500705120547,0.15186684756858954
FF++ NeuralTextures,1.2869343417595165,0.14263054594236055
FF++ NeuralTextures,1.3152186130069783,0.1354518360981284
FF++ NeuralTextures,1.3435028842544403,0.13017233916617102
FF++ NeuralTextures,1.3717871555019023,0.12700131549635396
FF++ NeuralTextures,1.4000714267493641,0.1267197037483268
FF++ real,0.01414213562373095,1731420.89449609
FF++ real,0.042426406871192854,190788.98725160462
FF++ real,0.07071067811865475,42211.61586402838
FF++ real,0.09899494936611666,16650.138722504144
FF++ real,0.12727922061357855,8462.033287437516
FF++ real,0.15556349186104046,4747.748419419135
FF++ real,0.18384776310850237,2779.6419023629887
FF++ real,0.21213203435596426,1715.4846721558354
FF++ real,0.24041630560342614,1144.8279602066175
FF++ real,0.26870057685088805,781.1042341394889
FF++ real,0.29698484809834996,563.2500152597072
FF++ real,0.3252691193458119,435.9397901564756
FF++ real,0.3535533905932738,302.37246771924464
FF++ real,0.38183766184073564,221.33567211152985
FF++ real,0.41012193308819755,160.23841214075475
FF++ real,0.43840620433565947,126.62734908947921
FF++ real,0.4666904755831214,96.81619943039041
FF++ real,0.4949747468305833,85.00914168537454
FF++ real,0.5232590180780452,66.15671643211427
FF++ real,0.551543289325507,51.373751813244915
FF++ real,0.579827560572969,41.878463279299616
FF++ real,0.6081118318204308,33.63161787364139
FF++ real,0.6363961030678928,27.877245633125035
FF++ real,0.6646803743153546,25.718189806770134
FF++ real,0.6929646455628167,20.396092214464286
FF++ real,0.7212489168102785,17.38454085674274
FF++ real,0.7495331880577404,15.384208489750572
FF++ real,0.7778174593052023,13.536143748337254
FF++ real,0.8061017305526641,12.421117793181894
FF++ real,0.8343860018001261,13.033806302534732
FF++ real,0.8626702730475879,11.059842986385227
FF++ real,0.8909545442950499,9.894386702138082
FF++ real,0.9192388155425117,9.450357119547244
FF++ real,0.9475230867899738,8.726746203797429
FF++ real,0.9758073580374356,8.473731226069148
FF++ real,1.0040916292848974,5.071075239391469
FF++ real,1.0323759005323594,1.2389080468411053
FF++ real,1.0606601717798214,0.9264886155649547
FF++ real,1.0889444430272832,0.7773382657380443
FF++ real,1.117228714274745,0.6596644919429269
FF++ real,1.145512985522207,0.5744440408072686
FF++ real,1.173797256769669,0.4941019773938238
FF++ real,1.2020815280171306,0.4360305961744081
FF++ real,1.2303657992645927,0.4005473805565224
FF++ real,1.2586500705120547,0.37703346879792504
FF++ real,1.2869343417595165,0.34771217465534554
FF++ real,1.3152186130069783,0.321192735748077
FF++ real,1.3435028842544403,0.3078634255564488
FF++ real,1.3717871555019023,0.29129860965238746
FF++ real,1.4000714267493641,0.28649521905720365
External real,0.01414213562373095,2286412.133754396
External real,0.042426406871192854,185512.64072704484
External real,0.07071067811865475,44212.66545762118
External real,0.09899494936611666,17387.39423271538
External real,0.12727922061357855,8070.923518582629
External real,0.15556349186104046,4511.254780122047
External real,0.18384776310850237,2486.4524856437697
External real,0.21213203435596426,1507.7177371024097
External real,0.24041630560342614,995.3875674787297
External real,0.26870057685088805,690.8383626035313
External real,0.29698484809834996,493.8904993055288
External real,0.3252691193458119,386.72301037067086
External real,0.3535533905932738,277.7670528242243
External real,0.38183766184073564,207.18202156931136
External real,0.41012193308819755,162.25291088974035
External real,0.43840620433565947,133.71269800443446
External real,0.4666904755831214,112.7039582351377
External real,0.4949747468305833,103.04220873783628
External real,0.5232590180780452,75.85378717477674
External real,0.551543289325507,69.03671299111235
External real,0.579827560572969,54.312330583525544
External real,0.6081118318204308,44.8091479680788
External real,0.6363961030678928,39.477738884397176
External real,0.6646803743153546,38.41487125802125
External real,0.6929646455628167,32.34685893285366
External real,0.7212489168102785,28.134893277629292
External real,0.7495331880577404,24.528998818409697
External real,0.7778174593052023,22.023330551299864
External real,0.8061017305526641,20.193988114285716
External real,0.8343860018001261,21.287015225375427
External real,0.8626702730475879,17.94608683766659
External real,0.8909545442950499,17.88836823308349
External real,0.9192388155425117,77.35194733583192
External real,0.9475230867899738,30.00700795587047
External real,0.9758073580374356,15.540540571963499
External real,1.0040916292848974,10.635089886224536
External real,1.0323759005323594,4.846893553800199
External real,1.0606601717798214,4.119620210413736
External real,1.0889444430272832,4.298146092538003
External real,1.117228714274745,3.272284449978572
External real,1.145512985522207,2.9578612517955856
External real,1.173797256769669,2.7111502138755648
External real,1.2020815280171306,2.2292555964691463
External real,1.2303657992645927,2.1493129439715983
External real,1.2586500705120547,1.8668774291170351
External real,1.2869343417595165,1.9183189073164923
External real,1.3152186130069783,1.7526881791161315
External real,1.3435028842544403,1.5829621620010284
External real,1.3717871555019023,1.4711328643379007
External real,1.4000714267493641,1.4821109241572918
External fake,0.01414213562373095,2830905.440299107
External fake,0.042426406871192854,282010.0310762467
External fake,0.07071067811865475,64980.97952863513
External fake,0.09899494936611666,24941.759624340415
External fake,0.12727922061357855,11808.399519931168
External fake,0.15556349186104046,6557.91247953297
External fake,0.18384776310850237,3606.675663334049
External fake,0.21213203435596426,2211.193008532568
External fake,0.24041630560342614,1444.4840861097737
External fake,0.26870057685088805,1006.5379534397857
External fake,0.29698484809834996,722.6661450809713
External fake,0.3252691193458119,550.9891834276675
External fake,0.3535533905932738,397.52136280783355
External fake,0.38183766184073564,299.5019045312598
External fake,0.41012193308819755,238.70718313136302
External fake,0.43840620433565947,194.05326144163826
External fake,0.4666904755831214,153.29703758947198
External fake,0.4949747468305833,131.12829767941724
External fake,0.5232590180780452,106.09759135705734
External fake,0.551543289325507,86.62275458427538
External fake,0.579827560572969,75.77715312980126
External fake,0.6081118318204308,68.77673892089035
External fake,0.6363961030678928,55.85386981030303
External fake,0.6646803743153546,49.613463023934486
External fake,0.6929646455628167,40.803546879273846
External fake,0.7212489168102785,35.17855109794675
External fake,0.7495331880577404,31.070976738050604
External fake,0.7778174593052023,27.172927293648918
External fake,0.8061017305526641,24.98230088560152
External fake,0.8343860018001261,24.693860098506352
External fake,0.8626702730475879,21.30441609863732
External fake,0.8909545442950499,19.00591085675646
External fake,0.9192388155425117,18.06381227641391
External fake,0.9475230867899738,16.619479452477183
External fake,0.9758073580374356,16.21108333918887
External fake,1.0040916292848974,11.657475670241281
External fake,1.0323759005323594,6.222839163768442
External fake,1.0606601717798214,5.310587308365438
External fake,1.0889444430272832,4.661775298614403
External fake,1.117228714274745,4.312385508269537
External fake,1.145512985522207,3.9676876116539486
External fake,1.173797256769669,3.5880984988159903
External fake,1.2020815280171306,3.328651352646101
External fake,1.2303657992645927,3.087622035298708
External fake,1.2586500705120547,2.8630005639316343
External fake,1.2869343417595165,2.6600443957533098
External fake,1.3152186130069783,2.513885822743355
External fake,1.3435028842544403,2.373500367457024
External fake,1.3717871555019023,2.25915739350044
External fake,1.4000714267493641,2.417705005941574
