model,dataset,bin,lower,upper,count,mean_probability,fraction_fake
xception,val,0,0.0,0.06666666666666667,548,0.013477336135610377,0.051094890510948905
xception,val,1,0.06666666666666667,0.13333333333333333,66,0.09646142240275037,0.19696969696969696
xception,val,2,0.13333333333333333,0.2,46,0.17224949954644495,0.1956521739130435
xception,val,3,0.2,0.26666666666666666,41,0.23344944235755177,0.3170731707317073
xception,val,4,0.26666666666666666,0.3333333333333333,30,0.3033006985982259,0.26666666666666666
xception,val,5,0.3333333333333333,0.4,24,0.3691083813707034,0.2916666666666667
xception,val,6,0.4,0.4666666666666667,37,0.4307326601969229,0.3783783783783784
xception,val,7,0.4666666666666667,0.5333333333333333,16,0.498756593093276,0.3125
xception,val,8,0.5333333333333333,0.6,31,0.5638672651783112,0.3548387096774194
xception,val,9,0.6,0.6666666666666666,30,0.6371292332808177,0.4
xception,val,10,0.6666666666666666,0.7333333333333333,40,0.7000181838870049,0.525
xception,val,11,0.7333333333333333,0.8,32,0.7671310398727655,0.40625
xception,val,12,0.8,0.8666666666666667,38,0.834148308164195,0.4473684210526316
xception,val,13,0.8666666666666667,0.9333333333333333,72,0.9022918086912897,0.4861111111111111
xception,val,14,0.9333333333333333,1.0,329,0.9848378472777486,0.8328267477203647
xception,test,0,0.0,0.06666666666666667,571,0.012188188199526781,0.09807355516637478
xception,test,1,0.06666666666666667,0.13333333333333333,76,0.09525738382025768,0.3684210526315789
xception,test,2,0.13333333333333333,0.2,60,0.1660889705022176,0.4
xception,test,3,0.2,0.26666666666666666,42,0.23894541284867696,0.5714285714285714
xception,test,4,0.26666666666666666,0.3333333333333333,31,0.29389828058981127,0.2903225806451613
xception,test,5,0.3333333333333333,0.4,32,0.3659177254885435,0.4375
xception,test,6,0.4,0.4666666666666667,33,0.43582269368749676,0.5757575757575758
xception,test,7,0.4666666666666667,0.5333333333333333,34,0.5029787543941947,0.5
xception,test,8,0.5333333333333333,0.6,35,0.5652551191193717,0.5714285714285714
xception,test,9,0.6,0.6666666666666666,30,0.6357590218385061,0.7
xception,test,10,0.6666666666666666,0.7333333333333333,33,0.7009675105412801,0.5454545454545454
xception,test,11,0.7333333333333333,0.8,40,0.7688042476773262,0.475
xception,test,12,0.8,0.8666666666666667,55,0.8395707899873907,0.6545454545454545
xception,test,13,0.8666666666666667,0.9333333333333333,104,0.9078677182014172,0.7884615384615384
xception,test,14,0.9333333333333333,1.0,684,0.9870964034258971,0.8377192982456141
xception,external_original_matched,0,0.0,0.06666666666666667,330,0.01247887020295049,0.593939393939394
xception,external_original_matched,1,0.06666666666666667,0.13333333333333333,48,0.09857953603689869,0.2708333333333333
xception,external_original_matched,2,0.13333333333333333,0.2,30,0.16031955381234486,0.3
xception,external_original_matched,3,0.2,0.26666666666666666,28,0.22919312119483948,0.25
xception,external_original_matched,4,0.26666666666666666,0.3333333333333333,13,0.29664769539466274,0.46153846153846156
xception,external_original_matched,5,0.3333333333333333,0.4,19,0.3646067145623659,0.3157894736842105
xception,external_original_matched,6,0.4,0.4666666666666667,19,0.4405920631007144,0.3684210526315789
xception,external_original_matched,7,0.4666666666666667,0.5333333333333333,9,0.5011661416954465,0.5555555555555556
xception,external_original_matched,8,0.5333333333333333,0.6,12,0.5656358351310095,0.5
xception,external_original_matched,9,0.6,0.6666666666666666,13,0.6341014412733225,0.38461538461538464
xception,external_original_matched,10,0.6666666666666666,0.7333333333333333,9,0.6976776917775472,0.3333333333333333
xception,external_original_matched,11,0.7333333333333333,0.8,11,0.7567658099261197,0.45454545454545453
xception,external_original_matched,12,0.8,0.8666666666666667,5,0.8345268249511719,0.8
xception,external_original_matched,13,0.8666666666666667,0.9333333333333333,17,0.9071405985776115,0.47058823529411764
xception,external_original_matched,14,0.9333333333333333,1.0,13,0.9710432245181158,0.6153846153846154
xception,external_normalized,0,0.0,0.06666666666666667,327,0.013734425329916321,0.6269113149847095
xception,external_normalized,1,0.06666666666666667,0.13333333333333333,48,0.09101570894320805,0.3541666666666667
xception,external_normalized,2,0.13333333333333333,0.2,26,0.17061830312013626,0.34615384615384615
xception,external_normalized,3,0.2,0.26666666666666666,14,0.23031275506530488,0.2857142857142857
xception,external_normalized,4,0.26666666666666666,0.3333333333333333,27,0.3032527025099154,0.2962962962962963
xception,external_normalized,5,0.3333333333333333,0.4,15,0.3746526042620341,0.13333333333333333
xception,external_normalized,6,0.4,0.4666666666666667,15,0.42898740371068317,0.26666666666666666
xception,external_normalized,7,0.4666666666666667,0.5333333333333333,18,0.4938721987936232,0.3333333333333333
xception,external_normalized,8,0.5333333333333333,0.6,13,0.5670982645108149,0.46153846153846156
xception,external_normalized,9,0.6,0.6666666666666666,8,0.6295972093939781,0.5
xception,external_normalized,10,0.6666666666666666,0.7333333333333333,10,0.7056462466716766,0.3
xception,external_normalized,11,0.7333333333333333,0.8,17,0.7617281254600076,0.29411764705882354
xception,external_normalized,12,0.8,0.8666666666666667,12,0.8285861710707346,0.25
xception,external_normalized,13,0.8666666666666667,0.9333333333333333,9,0.8907839523421394,0.2222222222222222
xception,external_normalized,14,0.9333333333333333,1.0,17,0.9685401495765237,0.5882352941176471
