n,threshold,accuracy,balanced_accuracy,precision,recall,specificity,false_positive_rate,f1,auc,ece,nll,brier,experiment,model,test_dataset,protocol_id,evaluation_unit,condition,threshold_source,seed,num_samples,score_type,split,bootstrap_valid,n_clusters,balanced_accuracy_ci_lower,balanced_accuracy_ci_upper,auc_ci_lower,auc_ci_upper,test_manipulation,held_out,unseen,control_auc_same_cohort,model_display,training_run,checkpoint_sha256,frozen_threshold,lomo_val_auc,bootstrap_unit,gap_control_minus_lomo,gap_ci_lower,gap_ci_upper
1140,0.9102545976638794,0.7280701754385965,0.6093055555555555,0.3674242424242424,0.4041666666666667,0.8144444444444444,0.1855555555555555,0.3849206349206349,0.6900787037037035,0.2767880752436948,1.3090972029012695,0.2787190014888102,lomo,hybrid,ffpp_source_safe,source_video_disjoint_v1,frame,lomo_Deepfakes,lomo_validation_frozen,42,1140,probability,test,1967,26,0.429378078817734,0.8036590038314176,0.4449032407407407,0.8924652777777776,Deepfakes,Deepfakes,True,0.8091296296296296,CoAtNet,source_disjoint_lomo,ea9e28538ca66c25f4150b06b0e1cb7e2b6efe2c627a02fa144e6fb9bff865f5,0.9102545976638794,0.9251512345679012,source_video_component,0.1190509259259261,0.0599504044274159,0.1953224206349206
1140,0.9102545976638794,0.8245614035087719,0.8384722222222223,0.553475935828877,0.8625,0.8144444444444444,0.1855555555555555,0.6742671009771987,0.936398148148148,0.2174956064599908,0.8671815332215996,0.1998215987562945,lomo,hybrid,ffpp_source_safe,source_video_disjoint_v1,frame,lomo_Deepfakes,lomo_validation_frozen,42,1140,probability,test,1967,26,0.6964054232804233,0.917236590038314,0.8112164558531746,0.9866992337164752,Face2Face,Deepfakes,False,0.9416342592592594,CoAtNet,source_disjoint_lomo,ea9e28538ca66c25f4150b06b0e1cb7e2b6efe2c627a02fa144e6fb9bff865f5,0.9102545976638794,0.9251512345679012,source_video_component,0.0052361111111113,,
1140,0.9102545976638794,0.8087719298245614,0.8009722222222222,0.5308988764044944,0.7875,0.8144444444444444,0.1855555555555555,0.6342281879194631,0.8967962962962963,0.2240833957250146,0.9243242402472018,0.2137637206484783,lomo,hybrid,ffpp_source_safe,source_video_disjoint_v1,frame,lomo_Deepfakes,lomo_validation_frozen,42,1140,probability,test,1967,26,0.7139517195767197,0.8703300865800866,0.8233437499999999,0.9549846480679812,FaceSwap,Deepfakes,False,0.8274074074074075,CoAtNet,source_disjoint_lomo,ea9e28538ca66c25f4150b06b0e1cb7e2b6efe2c627a02fa144e6fb9bff865f5,0.9102545976638794,0.9251512345679012,source_video_component,-0.0693888888888888,,
1140,0.9102545976638794,0.7736842105263158,0.7176388888888889,0.4715189873417721,0.6208333333333333,0.8144444444444444,0.1855555555555555,0.5359712230215827,0.7981064814814814,0.2562909555580456,1.1110276996870083,0.2452680329360176,lomo,hybrid,ffpp_source_safe,source_video_disjoint_v1,frame,lomo_Deepfakes,lomo_validation_frozen,42,1140,probability,test,1967,26,0.6093071519795658,0.8180047043010752,0.6487746913580247,0.9085391522988504,NeuralTextures,Deepfakes,False,0.8044745370370369,CoAtNet,source_disjoint_lomo,ea9e28538ca66c25f4150b06b0e1cb7e2b6efe2c627a02fa144e6fb9bff865f5,0.9102545976638794,0.9251512345679012,source_video_component,0.0063680555555554,,
1140,0.2077191025018692,0.6482456140350877,0.6076388888888888,0.3078758949880668,0.5375,0.6777777777777778,0.3222222222222222,0.3915022761760243,0.6884861111111111,0.2087324201560828,0.8096736135861274,0.2228115805956698,lomo,xception,ffpp_source_safe,source_video_disjoint_v1,frame,lomo_Deepfakes,lomo_validation_frozen,42,1140,probability,test,1967,26,0.3827380952380952,0.8041451149425287,0.4538266993046687,0.882187129401569,Deepfakes,Deepfakes,True,0.8710277777777777,Xception,source_disjoint_lomo,b6a94feedb14c7746cf498ffc2c9eaf7ae81793c21abf7438b762fd84f68b456,0.2077191025018692,0.871320987654321,source_video_component,0.1825416666666666,0.0833336526181353,0.2935198070607552
1140,0.2077191025018692,0.737719298245614,0.820138888888889,0.4433781190019193,0.9625,0.6777777777777778,0.3222222222222222,0.607095926412615,0.926125,0.1481443660592113,0.456498709861435,0.1355584356715004,lomo,xception,ffpp_source_safe,source_video_disjoint_v1,frame,lomo_Deepfakes,lomo_validation_frozen,42,1140,probability,test,1967,26,0.7524004515599343,0.877399193548387,0.8707916666666666,0.9611776135741652,Face2Face,Deepfakes,False,0.9304583333333334,Xception,source_disjoint_lomo,b6a94feedb14c7746cf498ffc2c9eaf7ae81793c21abf7438b762fd84f68b456,0.2077191025018692,0.871320987654321,source_video_component,0.0043333333333333,,
1140,0.2077191025018692,0.6973684210526315,0.7243055555555555,0.3894736842105263,0.7708333333333334,0.6777777777777778,0.3222222222222222,0.5174825174825175,0.8241481481481481,0.1640023391190385,0.6064227469271584,0.176966449290492,lomo,xception,ffpp_source_safe,source_video_disjoint_v1,frame,lomo_Deepfakes,lomo_validation_frozen,42,1140,probability,test,1967,26,0.6084051724137931,0.8316488095238095,0.7034878671775223,0.9386252489048188,FaceSwap,Deepfakes,False,0.838875,Xception,source_disjoint_lomo,b6a94feedb14c7746cf498ffc2c9eaf7ae81793c21abf7438b762fd84f68b456,0.2077191025018692,0.871320987654321,source_video_component,0.0147268518518519,,
1140,0.2077191025018692,0.6868421052631579,0.6993055555555556,0.3736501079913606,0.7208333333333333,0.6777777777777778,0.3222222222222222,0.492176386913229,0.7667037037037038,0.1889286725571748,0.7114883410536826,0.188107910621851,lomo,xception,ffpp_source_safe,source_video_disjoint_v1,frame,lomo_Deepfakes,lomo_validation_frozen,42,1140,probability,test,1967,26,0.5508630952380953,0.8258796296296296,0.5680477153398609,0.924210218253968,NeuralTextures,Deepfakes,False,0.8236527777777778,Xception,source_disjoint_lomo,b6a94feedb14c7746cf498ffc2c9eaf7ae81793c21abf7438b762fd84f68b456,0.2077191025018692,0.871320987654321,source_video_component,0.056949074074074,,
1140,0.5126580595970154,0.756140350877193,0.7584722222222222,0.452970297029703,0.7625,0.7544444444444445,0.2455555555555555,0.5683229813664596,0.8436574074074075,0.1912842842974591,0.6835827802232471,0.1927257438348216,lomo,hybrid,ffpp_source_safe,source_video_disjoint_v1,frame,lomo_Face2Face,lomo_validation_frozen,42,1140,probability,test,1967,26,0.5845304232804233,0.8672474798387096,0.6367970238095239,0.9685595998297148,Deepfakes,Face2Face,False,0.8091296296296296,CoAtNet,source_disjoint_lomo,4928aa9d610d80ffbcc90e0509b4403fed2e07e12fc330e5b817050821e7733b,0.5126580595970154,0.9248456790123456,source_video_component,-0.0345277777777778,,
1140,0.5126580595970154,0.6447368421052632,0.4938888888888889,0.2021660649819494,0.2333333333333333,0.7544444444444445,0.2455555555555555,0.2166344294003868,0.5775185185185185,0.2808103999310044,1.0644313929204563,0.2886623138032999,lomo,hybrid,ffpp_source_safe,source_video_disjoint_v1,frame,lomo_Face2Face,lomo_validation_frozen,42,1140,probability,test,1967,26,0.3633344356261023,0.6088796082949309,0.4385027006172839,0.7104175415899554,Face2Face,Face2Face,True,0.9416342592592594,CoAtNet,source_disjoint_lomo,4928aa9d610d80ffbcc90e0509b4403fed2e07e12fc330e5b817050821e7733b,0.5126580595970154,0.9248456790123456,source_video_component,0.3641157407407408,0.2649396197356631,0.4650753351918226
1140,0.5126580595970154,0.7394736842105263,0.7188888888888889,0.4259740259740259,0.6833333333333333,0.7544444444444445,0.2455555555555555,0.5248,0.8116666666666665,0.2055125249541255,0.7322645801868713,0.206525973144578,lomo,hybrid,ffpp_source_safe,source_video_disjoint_v1,frame,lomo_Face2Face,lomo_validation_frozen,42,1140,probability,test,1967,26,0.5781257982120052,0.8380580357142856,0.6681979166666667,0.9341327160493826,FaceSwap,Face2Face,False,0.8274074074074075,CoAtNet,source_disjoint_lomo,4928aa9d610d80ffbcc90e0509b4403fed2e07e12fc330e5b817050821e7733b,0.5126580595970154,0.9248456790123456,source_video_component,0.0157407407407409,,
1140,0.5126580595970154,0.7666666666666667,0.7834722222222222,0.46875,0.8125,0.7544444444444445,0.2455555555555555,0.5945121951219512,0.8509166666666667,0.1655884433783127,0.6205257719492215,0.1827262294826856,lomo,hybrid,ffpp_source_safe,source_video_disjoint_v1,frame,lomo_Face2Face,lomo_validation_frozen,42,1140,probability,test,1967,26,0.6696296296296297,0.8776956168831168,0.7537476585781182,0.925499591503268,NeuralTextures,Face2Face,False,0.8044745370370369,CoAtNet,source_disjoint_lomo,4928aa9d610d80ffbcc90e0509b4403fed2e07e12fc330e5b817050821e7733b,0.5126580595970154,0.9248456790123456,source_video_component,-0.0464421296296297,,
1140,0.3565033376216888,0.7929824561403509,0.7970833333333334,0.5052356020942408,0.8041666666666667,0.79,0.2099999999999999,0.6205787781350482,0.8841712962962962,0.1435748155055064,0.5482346286247873,0.1501074733090773,lomo,xception,ffpp_source_safe,source_video_disjoint_v1,frame,lomo_Face2Face,lomo_validation_frozen,42,1140,probability,test,1967,26,0.5952627257799672,0.9085694444444444,0.7319226557907114,0.9788504593581344,Deepfakes,Face2Face,False,0.8710277777777777,Xception,source_disjoint_lomo,bd501d4e9068042f742771c97a7612d2ebd60bb68b6445f285aafbff5ffc5bf9,0.3565033376216888,0.8440555555555556,source_video_component,-0.0131435185185184,,
1140,0.3565033376216888,0.7,0.57625,0.3152173913043478,0.3625,0.79,0.2099999999999999,0.3372093023255814,0.6917592592592592,0.2029694316200396,0.8466585857211815,0.2318843380284194,lomo,xception,ffpp_source_safe,source_video_disjoint_v1,frame,lomo_Face2Face,lomo_validation_frozen,42,1140,probability,test,1967,26,0.480352733686067,0.6757406267104543,0.568705619412516,0.7973961967343688,Face2Face,Face2Face,True,0.9304583333333334,Xception,source_disjoint_lomo,bd501d4e9068042f742771c97a7612d2ebd60bb68b6445f285aafbff5ffc5bf9,0.3565033376216888,0.8440555555555556,source_video_component,0.2386990740740742,0.157947457378013,0.3244335509472607
1140,0.3565033376216888,0.7719298245614035,0.7470833333333333,0.4720670391061452,0.7041666666666667,0.79,0.2099999999999999,0.5652173913043478,0.8393194444444445,0.1522275567955308,0.6180333653639647,0.1687791754552131,lomo,xception,ffpp_source_safe,source_video_disjoint_v1,frame,lomo_Face2Face,lomo_validation_frozen,42,1140,probability,test,1967,26,0.6300535714285714,0.8589506172839506,0.7313496105232217,0.9528359788359788,FaceSwap,Face2Face,False,0.838875,Xception,source_disjoint_lomo,bd501d4e9068042f742771c97a7612d2ebd60bb68b6445f285aafbff5ffc5bf9,0.3565033376216888,0.8440555555555556,source_video_component,-0.0004444444444444,,
1140,0.3565033376216888,0.7771929824561403,0.7595833333333333,0.4807692307692308,0.7291666666666666,0.79,0.2099999999999999,0.5794701986754967,0.8483981481481482,0.1284379570101456,0.578401571713059,0.1642049756017019,lomo,xception,ffpp_source_safe,source_video_disjoint_v1,frame,lomo_Face2Face,lomo_validation_frozen,42,1140,probability,test,1967,26,0.632183908045977,0.867172619047619,0.7298292890591741,0.936851241205363,NeuralTextures,Face2Face,False,0.8236527777777778,Xception,source_disjoint_lomo,bd501d4e9068042f742771c97a7612d2ebd60bb68b6445f285aafbff5ffc5bf9,0.3565033376216888,0.8440555555555556,source_video_component,-0.0247453703703703,,
1140,0.2209117114543914,0.7614035087719299,0.8061111111111111,0.4649122807017544,0.8833333333333333,0.7288888888888889,0.2711111111111111,0.6091954022988506,0.8931851851851851,0.1458111045543545,0.6308792959670644,0.1642282067188558,lomo,hybrid,ffpp_source_safe,source_video_disjoint_v1,frame,lomo_FaceSwap,lomo_validation_frozen,42,1140,probability,test,1967,26,0.7140038314176246,0.8728172043010752,0.7760599578373016,0.967286278735632,Deepfakes,FaceSwap,False,0.8091296296296296,CoAtNet,source_disjoint_lomo,0e779ef652bf902f97b6ea55d085769d5ab1c88a9c708571b966ecca0c80a619,0.2209117114543914,0.9184104938271604,source_video_component,-0.0840555555555554,,
1140,0.2209117114543914,0.7570175438596491,0.7956944444444445,0.458980044345898,0.8625,0.7288888888888889,0.2711111111111111,0.5991316931982634,0.871388888888889,0.1800127853231422,0.6946130627440106,0.1688639535924583,lomo,hybrid,ffpp_source_safe,source_video_disjoint_v1,frame,lomo_FaceSwap,lomo_validation_frozen,42,1140,probability,test,1967,26,0.6236135912698413,0.8954454949944382,0.6668679453262786,0.9746552522349936,Face2Face,FaceSwap,False,0.9416342592592594,CoAtNet,source_disjoint_lomo,0e779ef652bf902f97b6ea55d085769d5ab1c88a9c708571b966ecca0c80a619,0.2209117114543914,0.9184104938271604,source_video_component,0.0702453703703703,,
1140,0.2209117114543914,0.5929824561403508,0.4061111111111111,0.0757575757575757,0.0833333333333333,0.7288888888888889,0.2711111111111111,0.0793650793650793,0.4100462962962963,0.3274815099087529,1.5637940248262614,0.3257408466993763,lomo,hybrid,ffpp_source_safe,source_video_disjoint_v1,frame,lomo_FaceSwap,lomo_validation_frozen,42,1140,probability,test,1967,26,0.3327193562610229,0.4648669354838709,0.229066091954023,0.5549804007820137,FaceSwap,FaceSwap,True,0.8274074074074075,CoAtNet,source_disjoint_lomo,0e779ef652bf902f97b6ea55d085769d5ab1c88a9c708571b966ecca0c80a619,0.2209117114543914,0.9184104938271604,source_video_component,0.4173611111111112,0.3266500289351852,0.5060443326947637
1140,0.2209117114543914,0.7482456140350877,0.7748611111111111,0.4467120181405896,0.8208333333333333,0.7288888888888889,0.2711111111111111,0.57856093979442,0.8310416666666667,0.1500071412445062,0.7054999599172546,0.1827421571630699,lomo,hybrid,ffpp_source_safe,source_video_disjoint_v1,frame,lomo_FaceSwap,lomo_validation_frozen,42,1140,probability,test,1967,26,0.6416666666666666,0.8589881272401433,0.7211868055555556,0.9161654693486592,NeuralTextures,FaceSwap,False,0.8044745370370369,CoAtNet,source_disjoint_lomo,0e779ef652bf902f97b6ea55d085769d5ab1c88a9c708571b966ecca0c80a619,0.2209117114543914,0.9184104938271604,source_video_component,-0.0265671296296298,,
1140,0.110281802713871,0.7517543859649123,0.8351388888888889,0.4580896686159844,0.9791666666666666,0.6911111111111111,0.3088888888888889,0.6241699867197875,0.900550925925926,0.1242878660792389,0.5655995027207955,0.1431585511718635,lomo,xception,ffpp_source_safe,source_video_disjoint_v1,frame,lomo_FaceSwap,lomo_validation_frozen,42,1140,probability,test,1967,26,0.7637964559386973,0.8935151209677419,0.7876695402298851,0.9641533844189016,Deepfakes,FaceSwap,False,0.8710277777777777,Xception,source_disjoint_lomo,c15885896a420c7fa657c7d7ce330d1a32e69258beab8f88eec5953e90b2eb0f,0.110281802713871,0.8742561728395063,source_video_component,-0.0295231481481482,,
1140,0.110281802713871,0.7482456140350877,0.8268055555555556,0.4538310412573674,0.9625,0.6911111111111111,0.3088888888888889,0.616822429906542,0.8912361111111111,0.1233793999007263,0.5762163101216888,0.1441823646609663,lomo,xception,ffpp_source_safe,source_video_disjoint_v1,frame,lomo_FaceSwap,lomo_validation_frozen,42,1140,probability,test,1967,26,0.7542152435686919,0.8876339045698924,0.7822892720306514,0.961804130103407,Face2Face,FaceSwap,False,0.9304583333333334,Xception,source_disjoint_lomo,c15885896a420c7fa657c7d7ce330d1a32e69258beab8f88eec5953e90b2eb0f,0.110281802713871,0.8742561728395063,source_video_component,0.0392222222222222,,
1140,0.110281802713871,0.5605263157894737,0.3809722222222222,0.0576271186440678,0.0708333333333333,0.6911111111111111,0.3088888888888889,0.0635514018691588,0.3517175925925926,0.3317209741304204,1.6974968758926725,0.3200696891161118,lomo,xception,ffpp_source_safe,source_video_disjoint_v1,frame,lomo_FaceSwap,lomo_validation_frozen,42,1140,probability,test,1967,26,0.3053581691297208,0.4437929518398268,0.1690425675059296,0.503516730523627,FaceSwap,FaceSwap,True,0.838875,Xception,source_disjoint_lomo,c15885896a420c7fa657c7d7ce330d1a32e69258beab8f88eec5953e90b2eb0f,0.110281802713871,0.8742561728395063,source_video_component,0.4871574074074074,0.3700075724494779,0.6021160714285714
1140,0.110281802713871,0.7210526315789474,0.7622222222222222,0.4184100418410041,0.8333333333333334,0.6911111111111111,0.3088888888888889,0.5571030640668524,0.8197916666666666,0.1493452337260654,0.711700098518196,0.1768849412054247,lomo,xception,ffpp_source_safe,source_video_disjoint_v1,frame,lomo_FaceSwap,lomo_validation_frozen,42,1140,probability,test,1967,26,0.6614740315027672,0.8420386334610472,0.6985494181921384,0.9177096996234928,NeuralTextures,FaceSwap,False,0.8236527777777778,Xception,source_disjoint_lomo,c15885896a420c7fa657c7d7ce330d1a32e69258beab8f88eec5953e90b2eb0f,0.110281802713871,0.8742561728395063,source_video_component,0.0038611111111112,,
1140,0.9428863525390624,0.7947368421052632,0.7050000000000001,0.5116279069767442,0.55,0.86,0.14,0.5301204819277109,0.8352638888888889,0.2205194417340664,0.973877667022486,0.2273524413473115,lomo,hybrid,ffpp_source_safe,source_video_disjoint_v1,frame,lomo_NeuralTextures,lomo_validation_frozen,42,1140,probability,test,1967,26,0.4749417162698413,0.904537037037037,0.621390873015873,0.9828913139329806,Deepfakes,NeuralTextures,False,0.8091296296296296,CoAtNet,source_disjoint_lomo,0f690d1a419e0de301416fd7f97714000ed71b4e72c2618dd5acd9b2ea83f6a8,0.9428863525390624,0.9749845679012346,source_video_component,-0.0261342592592592,,
1140,0.9428863525390624,0.8666666666666667,0.8758333333333334,0.6294117647058823,0.8916666666666667,0.86,0.14,0.7379310344827587,0.9568333333333332,0.2066320043064743,0.8080668908888061,0.1890733691191238,lomo,hybrid,ffpp_source_safe,source_video_disjoint_v1,frame,lomo_NeuralTextures,lomo_validation_frozen,42,1140,probability,test,1967,26,0.7554420194003527,0.938935291858679,0.872266916392994,0.9928313492063492,Face2Face,NeuralTextures,False,0.9416342592592594,CoAtNet,source_disjoint_lomo,0f690d1a419e0de301416fd7f97714000ed71b4e72c2618dd5acd9b2ea83f6a8,0.9428863525390624,0.9749845679012346,source_video_component,-0.0151990740740739,,
1140,0.9428863525390624,0.8228070175438597,0.7716666666666667,0.5655172413793104,0.6833333333333333,0.86,0.14,0.6188679245283019,0.8753564814814815,0.2207575945763039,0.9141676352019368,0.2133648590041321,lomo,hybrid,ffpp_source_safe,source_video_disjoint_v1,frame,lomo_NeuralTextures,lomo_validation_frozen,42,1140,probability,test,1967,26,0.6595939381499727,0.8369308755760368,0.760208067262665,0.9386977843915344,FaceSwap,NeuralTextures,False,0.8274074074074075,CoAtNet,source_disjoint_lomo,0f690d1a419e0de301416fd7f97714000ed71b4e72c2618dd5acd9b2ea83f6a8,0.9428863525390624,0.9749845679012346,source_video_component,-0.047949074074074,,
1140,0.9428863525390624,0.6947368421052632,0.4674999999999999,0.125,0.075,0.86,0.14,0.09375,0.4632268518518518,0.3418280631319432,1.8688996275467689,0.3430405652251043,lomo,hybrid,ffpp_source_safe,source_video_disjoint_v1,frame,lomo_NeuralTextures,lomo_validation_frozen,42,1140,probability,test,1967,26,0.4155398193760262,0.5102569444444445,0.3697339285714286,0.5605189716969472,NeuralTextures,NeuralTextures,True,0.8044745370370369,CoAtNet,source_disjoint_lomo,0f690d1a419e0de301416fd7f97714000ed71b4e72c2618dd5acd9b2ea83f6a8,0.9428863525390624,0.9749845679012346,source_video_component,0.341247685185185,0.2113006779100528,0.4356658684546614
1140,0.5074938535690308,0.8657894736842106,0.8202777777777778,0.6617100371747212,0.7416666666666667,0.8988888888888888,0.1011111111111111,0.6994106090373281,0.9294074074074072,0.078934253815663,0.3459976405185809,0.1018356588427853,lomo,xception,ffpp_source_safe,source_video_disjoint_v1,frame,lomo_NeuralTextures,lomo_validation_frozen,42,1140,probability,test,1967,26,0.6534386973180077,0.9430734149054504,0.8441428571428571,0.9899600970017636,Deepfakes,NeuralTextures,False,0.8710277777777777,Xception,source_disjoint_lomo,bcb0a32f24f6626e436742b74bc7cf51de5dc9955d6555937855ae5e21cbe96a,0.5074938535690308,0.9777376543209876,source_video_component,-0.0583796296296296,,
1140,0.5074938535690308,0.9070175438596492,0.9181944444444444,0.7120253164556962,0.9375,0.8988888888888888,0.1011111111111111,0.8093525179856115,0.9805925925925928,0.0813954736188656,0.2444402313977808,0.07024669169545,lomo,xception,ffpp_source_safe,source_video_disjoint_v1,frame,lomo_NeuralTextures,lomo_validation_frozen,42,1140,probability,test,1967,26,0.8478432539682539,0.9620171957671956,0.947942438271605,0.9978333333333332,Face2Face,NeuralTextures,False,0.9304583333333334,Xception,source_disjoint_lomo,bcb0a32f24f6626e436742b74bc7cf51de5dc9955d6555937855ae5e21cbe96a,0.5074938535690308,0.9777376543209876,source_video_component,-0.0501342592592592,,
1140,0.5074938535690308,0.8728070175438597,0.8369444444444445,0.6714801444043321,0.775,0.8988888888888888,0.1011111111111111,0.7195357833655706,0.9279166666666666,0.0750363979085399,0.3498881436815061,0.0999707904185523,lomo,xception,ffpp_source_safe,source_video_disjoint_v1,frame,lomo_NeuralTextures,lomo_validation_frozen,42,1140,probability,test,1967,26,0.7905115740740741,0.8725054012345679,0.8912720067049807,0.9555268427294288,FaceSwap,NeuralTextures,False,0.838875,Xception,source_disjoint_lomo,bcb0a32f24f6626e436742b74bc7cf51de5dc9955d6555937855ae5e21cbe96a,0.5074938535690308,0.9777376543209876,source_video_component,-0.0890416666666665,,
1140,0.5074938535690308,0.7464912280701754,0.5369444444444444,0.3157894736842105,0.175,0.8988888888888888,0.1011111111111111,0.225201072386059,0.5805879629629629,0.2088054828829066,1.088786898488289,0.2219443384063404,lomo,xception,ffpp_source_safe,source_video_disjoint_v1,frame,lomo_NeuralTextures,lomo_validation_frozen,42,1140,probability,test,1967,26,0.4701128139633887,0.6044637096774194,0.4981896953405018,0.6594899584929758,NeuralTextures,NeuralTextures,True,0.8236527777777778,Xception,source_disjoint_lomo,bcb0a32f24f6626e436742b74bc7cf51de5dc9955d6555937855ae5e21cbe96a,0.5074938535690308,0.9777376543209876,source_video_component,0.2430648148148149,0.140242504409171,0.3379419300766283
