Index,image_path,label,video_id,method,dataset,sample_id,mse,ssim,lpips
45,C:\Users\Rohith Syam\Documents\UTS SEMESTER 3\image processing\idea 2\outputs\generalization_upgrade\02_external_bias_audit\normalized_external\real\03\32442803_1991-09-14_2012.jpg,0,03/32442803_1991-09-14_2012.jpg,real,deepfakeface,deepfakeface_sd15/real/03/32442803_1991-09-14_2012.jpg,0.000539966335054487,0.9130492210388184,0.023853657767176628
157,C:\Users\Rohith Syam\Documents\UTS SEMESTER 3\image processing\idea 2\outputs\generalization_upgrade\02_external_bias_audit\normalized_external\real\35\1566935_1953-09-11_2010.jpg,0,35/1566935_1953-09-11_2010.jpg,real,deepfakeface,deepfakeface_sd15/real/35/1566935_1953-09-11_2010.jpg,0.001106659066863358,0.9325019717216492,0.03391655907034874
256,C:\Users\Rohith Syam\Documents\UTS SEMESTER 3\image processing\idea 2\outputs\generalization_upgrade\02_external_bias_audit\normalized_external\real\73\9311273_1979-08-24_2010.jpg,0,73/9311273_1979-08-24_2010.jpg,real,deepfakeface,deepfakeface_sd15/real/73/9311273_1979-08-24_2010.jpg,0.0006503469194285572,0.8286297917366028,0.05178359895944595
42,C:\Users\Rohith Syam\Documents\UTS SEMESTER 3\image processing\idea 2\outputs\generalization_upgrade\02_external_bias_audit\normalized_external\real\03\2740303_1974-11-03_1999.jpg,0,03/2740303_1974-11-03_1999.jpg,real,deepfakeface,deepfakeface_sd15/real/03/2740303_1974-11-03_1999.jpg,0.0012395083904266357,0.8916638493537903,0.03278137370944023
181,C:\Users\Rohith Syam\Documents\UTS SEMESTER 3\image processing\idea 2\outputs\generalization_upgrade\02_external_bias_audit\normalized_external\real\55\1349055_1974-02-24_2009.jpg,0,55/1349055_1974-02-24_2009.jpg,real,deepfakeface,deepfakeface_sd15/real/55/1349055_1974-02-24_2009.jpg,0.0002903747372329235,0.9594914317131042,0.017703112214803696
9,C:\Users\Rohith Syam\Documents\UTS SEMESTER 3\image processing\idea 2\outputs\generalization_upgrade\02_external_bias_audit\normalized_external\real\00\28886000_1928-01-17_2009.jpg,0,00/28886000_1928-01-17_2009.jpg,real,deepfakeface,deepfakeface_sd15/real/00/28886000_1928-01-17_2009.jpg,0.0016832750989124179,0.7792871594429016,0.06296555697917938
46,C:\Users\Rohith Syam\Documents\UTS SEMESTER 3\image processing\idea 2\outputs\generalization_upgrade\02_external_bias_audit\normalized_external\real\03\34807003_1990-05-29_2013.jpg,0,03/34807003_1990-05-29_2013.jpg,real,deepfakeface,deepfakeface_sd15/real/03/34807003_1990-05-29_2013.jpg,0.00046931556425988674,0.9127513766288757,0.037840645760297775
172,C:\Users\Rohith Syam\Documents\UTS SEMESTER 3\image processing\idea 2\outputs\generalization_upgrade\02_external_bias_audit\normalized_external\real\35\34163535_1988-04-03_2011.jpg,0,35/34163535_1988-04-03_2011.jpg,real,deepfakeface,deepfakeface_sd15/real/35/34163535_1988-04-03_2011.jpg,0.00027121155289933085,0.9534377455711365,0.030556563287973404
333,C:\Users\Rohith Syam\Documents\UTS SEMESTER 3\image processing\idea 2\outputs\generalization_upgrade\02_external_bias_audit\normalized_external\fake\03\32442803_1991-09-14_2012.jpg,1,03/32442803_1991-09-14_2012.jpg,StableDiffusion_v1_5,deepfakeface,deepfakeface_sd15/fake/03/32442803_1991-09-14_2012.jpg,0.0008688180823810399,0.9326253533363342,0.022866645827889442
445,C:\Users\Rohith Syam\Documents\UTS SEMESTER 3\image processing\idea 2\outputs\generalization_upgrade\02_external_bias_audit\normalized_external\fake\35\1566935_1953-09-11_2010.jpg,1,35/1566935_1953-09-11_2010.jpg,StableDiffusion_v1_5,deepfakeface,deepfakeface_sd15/fake/35/1566935_1953-09-11_2010.jpg,0.0007091641309671104,0.8879820704460144,0.03582100570201874
544,C:\Users\Rohith Syam\Documents\UTS SEMESTER 3\image processing\idea 2\outputs\generalization_upgrade\02_external_bias_audit\normalized_external\fake\73\9311273_1979-08-24_2010.jpg,1,73/9311273_1979-08-24_2010.jpg,StableDiffusion_v1_5,deepfakeface,deepfakeface_sd15/fake/73/9311273_1979-08-24_2010.jpg,0.0020289188250899315,0.7748087048530579,0.04100553318858147
330,C:\Users\Rohith Syam\Documents\UTS SEMESTER 3\image processing\idea 2\outputs\generalization_upgrade\02_external_bias_audit\normalized_external\fake\03\2740303_1974-11-03_1999.jpg,1,03/2740303_1974-11-03_1999.jpg,StableDiffusion_v1_5,deepfakeface,deepfakeface_sd15/fake/03/2740303_1974-11-03_1999.jpg,0.0005467911250889301,0.8990378379821777,0.029786255210638046
469,C:\Users\Rohith Syam\Documents\UTS SEMESTER 3\image processing\idea 2\outputs\generalization_upgrade\02_external_bias_audit\normalized_external\fake\55\1349055_1974-02-24_2009.jpg,1,55/1349055_1974-02-24_2009.jpg,StableDiffusion_v1_5,deepfakeface,deepfakeface_sd15/fake/55/1349055_1974-02-24_2009.jpg,0.0005327377584762871,0.906136691570282,0.030698293820023537
297,C:\Users\Rohith Syam\Documents\UTS SEMESTER 3\image processing\idea 2\outputs\generalization_upgrade\02_external_bias_audit\normalized_external\fake\00\28886000_1928-01-17_2009.jpg,1,00/28886000_1928-01-17_2009.jpg,StableDiffusion_v1_5,deepfakeface,deepfakeface_sd15/fake/00/28886000_1928-01-17_2009.jpg,0.00028152705635875463,0.9519363045692444,0.023159107193350792
334,C:\Users\Rohith Syam\Documents\UTS SEMESTER 3\image processing\idea 2\outputs\generalization_upgrade\02_external_bias_audit\normalized_external\fake\03\34807003_1990-05-29_2013.jpg,1,03/34807003_1990-05-29_2013.jpg,StableDiffusion_v1_5,deepfakeface,deepfakeface_sd15/fake/03/34807003_1990-05-29_2013.jpg,0.0009972621919587255,0.9018389582633972,0.02082168683409691
460,C:\Users\Rohith Syam\Documents\UTS SEMESTER 3\image processing\idea 2\outputs\generalization_upgrade\02_external_bias_audit\normalized_external\fake\35\34163535_1988-04-03_2011.jpg,1,35/34163535_1988-04-03_2011.jpg,StableDiffusion_v1_5,deepfakeface,deepfakeface_sd15/fake/35/34163535_1988-04-03_2011.jpg,0.00022493807773571461,0.9675884246826172,0.022482819855213165
