n,threshold,accuracy,balanced_accuracy,precision,recall,specificity,false_positive_rate,f1,auc,ece,nll,brier,experiment,model,test_dataset,protocol_id,evaluation_unit,condition,threshold_source,seed,num_samples,score_type,split
4500,0.9622429609298706,0.7931111111111111,0.7840277777777778,0.9325769854132901,0.7991666666666667,0.7688888888888888,0.23111111111111116,0.8607329842931937,0.8832910493827162,0.135111240417575,0.7294858202388655,0.14188264621258243,calibration,hybrid,ffpp_historical,historical_target_video_v1,frame,original,ffpp_validation_checkpoint,42,4500,probability,test
4500,0.9074631929397584,0.7588888888888888,0.7751388888888888,0.9380006966213863,0.7480555555555556,0.8022222222222222,0.19777777777777783,0.83232885180034,0.8616771604938273,0.1351625145688478,0.6086618748995928,0.14797465554559153,calibration,xception,ffpp_historical,historical_target_video_v1,frame,original,ffpp_validation_checkpoint,42,4500,probability,test
4500,0.9418081650137904,0.7715555555555556,0.7847222222222222,0.9404109589041096,0.7627777777777778,0.8066666666666666,0.19333333333333336,0.8423312883435583,0.8805143518518518,0.12435811302928394,0.5500852793057653,0.1353084079212823,calibration,ensemble,ffpp_historical,historical_target_video_v1,frame,original,ffpp_validation_checkpoint,42,4500,probability,test
576,0.9622429609298706,0.5243055555555556,0.5243055555555556,0.6666666666666666,0.09722222222222222,0.9513888888888888,0.04861111111111116,0.1696969696969697,0.38570601851851855,0.4643198389054059,3.1259440535699863,0.47387212673382284,calibration,hybrid,external_original,historical_target_video_v1,frame,original,ffpp_validation_checkpoint,42,576,probability,external_test
576,0.9074631929397584,0.5121527777777778,0.5121527777777778,0.5636363636363636,0.1076388888888889,0.9166666666666666,0.08333333333333337,0.18075801749271136,0.3898775077160494,0.42776233990704643,2.2963334223781313,0.4578491718993998,calibration,xception,external_original,historical_target_video_v1,frame,original,ffpp_validation_checkpoint,42,576,probability,external_test
576,0.9418081650137904,0.5225694444444444,0.5225694444444444,0.6585365853658537,0.09375,0.9513888888888888,0.04861111111111116,0.1641337386018237,0.3822940779320988,0.4456398702659874,2.562521710585245,0.46336912244592515,calibration,ensemble,external_original,historical_target_video_v1,frame,original,ffpp_validation_checkpoint,42,576,probability,external_test
576,0.9622429609298706,0.4878472222222222,0.4878472222222222,0.4461538461538462,0.10069444444444445,0.875,0.125,0.1643059490084986,0.37912326388888895,0.508660219512516,3.4031560489746644,0.5120113501295683,calibration,hybrid,external_normalized,historical_target_video_v1,frame,normalized,ffpp_validation_checkpoint,42,576,probability,external_test
576,0.9074631929397584,0.4809027777777778,0.4809027777777778,0.4098360655737705,0.08680555555555555,0.875,0.125,0.14326647564469913,0.3323567708333333,0.4888341510047856,2.2932190033838724,0.499496547184478,calibration,xception,external_normalized,historical_target_video_v1,frame,normalized,ffpp_validation_checkpoint,42,576,probability,external_test
576,0.9418081650137904,0.4809027777777778,0.4809027777777778,0.4098360655737705,0.08680555555555555,0.875,0.125,0.14326647564469913,0.3608097029320988,0.4965992220553075,2.7067737943278534,0.5025414498174479,calibration,ensemble,external_normalized,historical_target_video_v1,frame,normalized,ffpp_validation_checkpoint,42,576,probability,external_test
