model,test_dataset,threshold,threshold_source,auc,balanced_accuracy,ece,nll,brier
hybrid,ffpp_historical,0.9622429609298706,ffpp_validation_checkpoint,0.8832910493827162,0.7840277777777778,0.135111240417575,0.7294858202388655,0.14188264621258243
xception,ffpp_historical,0.9074631929397584,ffpp_validation_checkpoint,0.8616771604938273,0.7751388888888888,0.1351625145688478,0.6086618748995928,0.14797465554559153
ensemble,ffpp_historical,0.9418081650137904,ffpp_validation_checkpoint,0.8805143518518518,0.7847222222222222,0.12435811302928394,0.5500852793057653,0.1353084079212823
hybrid,external_original,0.9622429609298706,ffpp_validation_checkpoint,0.38570601851851855,0.5243055555555556,0.4643198389054059,3.1259440535699863,0.47387212673382284
xception,external_original,0.9074631929397584,ffpp_validation_checkpoint,0.3898775077160494,0.5121527777777778,0.42776233990704643,2.2963334223781313,0.4578491718993998
ensemble,external_original,0.9418081650137904,ffpp_validation_checkpoint,0.3822940779320988,0.5225694444444444,0.4456398702659874,2.562521710585245,0.46336912244592515
hybrid,external_normalized,0.9622429609298706,ffpp_validation_checkpoint,0.37912326388888895,0.4878472222222222,0.508660219512516,3.4031560489746644,0.5120113501295683
xception,external_normalized,0.9074631929397584,ffpp_validation_checkpoint,0.3323567708333333,0.4809027777777778,0.4888341510047856,2.2932190033838724,0.499496547184478
ensemble,external_normalized,0.9418081650137904,ffpp_validation_checkpoint,0.3608097029320988,0.4809027777777778,0.4965992220553075,2.7067737943278534,0.5025414498174479
