component,cumulative
1,0.22032882
2,0.27823895
3,0.31142315
4,0.34359115
5,0.37165165
6,0.39855665
7,0.41750705
8,0.43458256
9,0.45060962
10,0.46517485
11,0.4791975
12,0.4916494
13,0.50329274
14,0.5132896
15,0.5229581
16,0.53224427
17,0.5412498
18,0.5494527
19,0.55734915
20,0.5648844
21,0.57202536
22,0.57847416
23,0.5846888
24,0.5905974
25,0.59628665
26,0.60183406
27,0.60722965
28,0.6125144
29,0.617489
30,0.62225765
31,0.6269502
32,0.63149625
33,0.6358562
34,0.64017236
35,0.64431304
36,0.6483653
37,0.65229475
38,0.6561152
39,0.65985346
40,0.6635354
41,0.66713494
42,0.67064846
43,0.6740222
44,0.6772961
45,0.68053573
46,0.68371665
47,0.6868626
48,0.6899676
49,0.69295204
50,0.69587827
51,0.6987297
52,0.70154595
53,0.7043369
54,0.7070714
55,0.7097294
56,0.71234536
57,0.7149245
58,0.71742976
59,0.7199112
60,0.7223388
61,0.72472584
62,0.7270476
63,0.7293458
64,0.73162085
65,0.7338265
66,0.7359799
67,0.73810214
68,0.74019617
69,0.7422714
70,0.7443329
71,0.74634
72,0.7483077
73,0.7502629
74,0.75220054
75,0.7541125
76,0.75599766
77,0.75785506
78,0.7596396
79,0.7614191
80,0.76319367
81,0.7649568
82,0.7666887
83,0.7683742
84,0.77003956
85,0.77167594
86,0.7732832
87,0.7748801
88,0.77644753
89,0.7779911
90,0.77952343
91,0.78104746
92,0.78256565
93,0.78407264
94,0.7855489
95,0.78699577
96,0.788437
97,0.7898674
98,0.79126215
99,0.79264915
100,0.79401886
101,0.79536754
102,0.79670894
103,0.79803574
104,0.7993592
105,0.80067384
106,0.8019645
107,0.8032391
108,0.8045074
109,0.80576694
110,0.8070163
111,0.8082428
112,0.80945957
113,0.8106511
114,0.81183225
115,0.81299835
116,0.8141508
117,0.8152874
118,0.8164182
119,0.8175369
120,0.8186443
121,0.819739
122,0.8208277
123,0.8219041
124,0.82296073
125,0.82401294
126,0.82505184
127,0.826079
128,0.82709336
129,0.82810426
130,0.82910687
131,0.8300948
132,0.83107704
133,0.8320457
134,0.83300966
135,0.83396894
136,0.83491665
137,0.8358621
138,0.8367928
139,0.83771366
140,0.8386291
141,0.83953834
142,0.8404401
143,0.84133536
144,0.8422279
145,0.8431072
146,0.8439753
147,0.8448376
148,0.8456977
149,0.84655195
150,0.8473994
151,0.84823954
152,0.84906757
153,0.84989226
154,0.8507089
155,0.8515208
156,0.8523241
157,0.853119
158,0.8539108
159,0.85469395
160,0.85546774
161,0.85623944
162,0.8570046
163,0.8577655
164,0.85851943
165,0.8592617
166,0.8599988
167,0.8607308
168,0.8614578
169,0.8621829
170,0.86290103
171,0.863614
172,0.8643205
173,0.86502177
174,0.86571497
175,0.8664037
176,0.86708796
177,0.8677658
178,0.86843914
179,0.86910814
180,0.869771
181,0.87043
182,0.8710844
183,0.87173563
184,0.87237793
185,0.87301165
186,0.87364215
187,0.8742681
188,0.87489176
189,0.8755079
190,0.8761222
191,0.8767336
192,0.8773412
193,0.8779471
194,0.8785495
195,0.87914675
196,0.8797388
197,0.8803274
198,0.8809101
199,0.8814895
200,0.882065
201,0.88263625
202,0.8832061
203,0.8837728
204,0.8843358
205,0.88489795
206,0.88545233
207,0.8860026
208,0.88654804
209,0.8870899
210,0.887631
211,0.8881646
212,0.88869256
213,0.8892151
214,0.88973457
215,0.89025116
216,0.8907665
217,0.8912792
218,0.8917869
219,0.89229244
220,0.89279
221,0.8932864
222,0.8937813
223,0.89427376
224,0.8947624
225,0.89524686
226,0.89572805
227,0.8962037
228,0.89667743
229,0.89714736
230,0.897614
231,0.8980772
232,0.8985388
233,0.8989989
234,0.8994559
235,0.8999097
236,0.90036136
237,0.900811
238,0.90125704
239,0.90169996
240,0.9021416
241,0.90257764
242,0.9030127
243,0.9034447
244,0.90387374
245,0.9042995
246,0.90472245
247,0.9051443
248,0.905562
249,0.90597886
250,0.9063908
251,0.9068022
252,0.9072124
253,0.90761966
254,0.90802616
255,0.9084304
256,0.90882915
257,0.9092272
258,0.9096224
259,0.9100143
260,0.9104049
261,0.9107938
262,0.91118133
263,0.9115685
264,0.91195256
265,0.9123299
266,0.912706
267,0.91308147
268,0.9134549
269,0.9138277
270,0.91419554
271,0.91456103
272,0.9149253
273,0.915288
274,0.9156483
275,0.91600716
276,0.916364
277,0.91671884
278,0.91707075
279,0.9174216
280,0.9177699
281,0.91811675
282,0.9184625
283,0.9188069
284,0.9191503
285,0.9194925
286,0.919831
287,0.9201671
288,0.9205
289,0.92083186
290,0.9211619
291,0.92149097
292,0.9218194
293,0.9221454
294,0.92246807
295,0.9227899
296,0.9231096
297,0.92342806
298,0.92374474
299,0.92405933
300,0.92437154
301,0.92468244
302,0.9249909
303,0.92529863
304,0.9256057
305,0.92591155
306,0.9262155
307,0.9265189
308,0.9268216
309,0.92712265
310,0.9274217
311,0.92772007
312,0.9280159
313,0.9283089
314,0.9286004
315,0.9288908
316,0.92918104
317,0.929468
318,0.9297536
319,0.93003815
320,0.93032104
321,0.930603
322,0.93088335
323,0.931163
324,0.93144065
325,0.93171614
326,0.9319904
327,0.93226326
328,0.9325356
329,0.9328074
330,0.933078
331,0.93334633
332,0.933614
333,0.9338802
334,0.934146
335,0.9344091
336,0.93467134
337,0.9349322
338,0.93519217
339,0.9354517
340,0.9357103
341,0.93596685
342,0.93622124
343,0.9364754
344,0.936728
345,0.9369794
346,0.9372301
347,0.9374802
348,0.93772924
349,0.93797684
350,0.938223
351,0.9384682
352,0.9387126
353,0.9389553
354,0.9391973
355,0.93943846
356,0.9396788
357,0.93991756
358,0.940154
359,0.9403899
360,0.9406249
361,0.94085854
362,0.9410913
363,0.94132316
364,0.9415532
365,0.94178253
366,0.94201076
367,0.94223875
368,0.9424655
369,0.9426909
370,0.9429155
371,0.94313866
372,0.94336116
373,0.9435828
374,0.94380265
375,0.94402117
376,0.94423825
377,0.9444551
378,0.9446712
379,0.9448866
380,0.94509965
381,0.9453122
382,0.9455237
383,0.9457348
384,0.9459443
385,0.9461527
386,0.94636035
387,0.9465671
388,0.9467731
389,0.9469785
390,0.9471836
391,0.94738686
392,0.9475897
393,0.9477922
394,0.94799364
395,0.948195
396,0.9483954
397,0.94859445
398,0.948793
399,0.94899124
400,0.94918674
401,0.94938207
402,0.9495761
403,0.94976926
404,0.9499618
405,0.95015323
406,0.9503432
407,0.9505326
408,0.9507214
409,0.9509094
410,0.9510968
411,0.95128375
412,0.9514695
413,0.95165455
414,0.951839
415,0.95202243
416,0.9522051
417,0.95238745
418,0.9525689
419,0.95274967
420,0.9529296
421,0.953109
422,0.9532869
423,0.95346427
424,0.95364136
425,0.9538182
426,0.9539938
427,0.9541691
428,0.9543436
429,0.95451754
430,0.9546907
431,0.9548625
432,0.9550332
433,0.95520335
434,0.955373
435,0.95554197
436,0.95570976
437,0.955877
438,0.9560436
439,0.9562094
440,0.9563749
441,0.9565398
442,0.95670444
443,0.95686775
444,0.9570307
445,0.95719314
446,0.9573552
447,0.9575154
448,0.9576752
449,0.957835
450,0.9579935
451,0.95815176
452,0.95830905
453,0.9584657
454,0.9586218
455,0.9587776
456,0.9589327
457,0.95908725
458,0.95924133
459,0.9593942
460,0.9595467
461,0.9596989
462,0.9598503
463,0.96000105
464,0.9601517
465,0.9603018
466,0.9604516
467,0.960601
468,0.9607494
469,0.9608975
470,0.9610446
471,0.96119124
472,0.961337
473,0.9614823
474,0.9616269
475,0.9617713
476,0.9619146
477,0.9620569
478,0.9621989
479,0.9623404
480,0.9624814
481,0.9626214
482,0.96276134
483,0.9629005
484,0.9630393
485,0.9631776
486,0.96331525
487,0.96345264
488,0.9635899
489,0.9637264
490,0.96386254
491,0.9639979
492,0.96413314
493,0.96426713
494,0.9644008
495,0.9645341
496,0.9646668
497,0.9647988
498,0.9649303
499,0.96506137
500,0.96519184
501,0.9653215
502,0.96545076
503,0.9655798
504,0.965708
505,0.96583587
506,0.9659633
507,0.9660897
508,0.96621567
509,0.9663411
510,0.9664659
511,0.96659046
512,0.96671486
513,0.9668387
514,0.96696204
515,0.96708477
516,0.96720725
517,0.9673295
518,0.96745116
519,0.9675725
520,0.9676932
521,0.96781343
522,0.9679329
523,0.96805197
524,0.9681708
525,0.9682894
526,0.9684076
527,0.96852523
528,0.96864265
529,0.96875894
530,0.9688748
531,0.9689906
532,0.96910584
533,0.96922094
534,0.9693353
535,0.9694494
536,0.9695629
537,0.9696761
538,0.9697885
539,0.9699005
540,0.97001195
541,0.9701229
542,0.9702337
543,0.9703443
544,0.9704548
545,0.9705643
546,0.9706737
547,0.9707827
548,0.9708913
549,0.97099924
550,0.971107
551,0.971214
552,0.9713204
553,0.97142667
554,0.97153246
555,0.9716377
556,0.9717429
557,0.9718475
558,0.9719518
559,0.972056
560,0.97215956
561,0.9722627
562,0.9723656
563,0.9724678
564,0.9725699
565,0.9726713
566,0.97277254
567,0.9728735
568,0.97297406
569,0.9730741
570,0.97317374
571,0.97327334
572,0.9733723
573,0.97347116
574,0.97356975
575,0.9736681
576,0.97376597
577,0.9738633
578,0.97396046
579,0.9740573
580,0.9741537
581,0.97424984
582,0.97434574
583,0.9744412
584,0.9745363
585,0.9746308
586,0.97472507
587,0.9748189
588,0.9749126
589,0.97500587
590,0.975099
591,0.97519183
592,0.975284
593,0.975376
594,0.9754677
595,0.9755592
596,0.97565013
597,0.97574097
598,0.97583157
599,0.9759219
600,0.9760118
601,0.9761009
602,0.97618955
603,0.97627795
604,0.9763661
605,0.97645396
606,0.9765416
607,0.97662914
608,0.9767163
609,0.97680306
610,0.97688943
611,0.97697556
612,0.97706145
613,0.977147
614,0.9772323
615,0.9773174
616,0.97740203
617,0.97748643
618,0.9775704
619,0.9776542
620,0.9777377
621,0.97782105
622,0.9779039
623,0.97798634
624,0.97806853
625,0.9781504
626,0.97823226
627,0.9783139
628,0.97839504
629,0.9784758
630,0.9785564
631,0.9786366
632,0.9787167
633,0.97879595
634,0.97887516
635,0.9789541
636,0.97903264
637,0.9791108
638,0.97918844
639,0.979266
640,0.97934324
641,0.97942024
642,0.97949696
643,0.9795733
644,0.9796495
645,0.9797255
646,0.9798011
647,0.9798765
648,0.9799518
649,0.9800267
650,0.9801011
651,0.9801753
652,0.98024935
653,0.98032326
654,0.98039675
655,0.9804701
656,0.9805432
657,0.9806161
658,0.98068863
659,0.98076075
660,0.98083276
661,0.9809042
662,0.9809757
663,0.9810468
664,0.98111767
665,0.98118836
666,0.9812588
667,0.98132914
668,0.98139924
669,0.98146915
670,0.9815391
671,0.98160845
672,0.9816776
673,0.9817466
674,0.9818156
675,0.9818844
676,0.98195285
677,0.9820208
678,0.9820886
679,0.9821561
680,0.9822232
681,0.98229
682,0.98235667
683,0.982423
684,0.982489
685,0.9825547
686,0.9826201
687,0.9826853
688,0.9827503
689,0.98281497
690,0.9828795
691,0.98294383
692,0.9830079
693,0.9830719
694,0.9831357
695,0.9831993
696,0.9832627
697,0.98332596
698,0.98338854
699,0.98345107
700,0.9835132
701,0.9835752
702,0.983637
703,0.98369855
704,0.9837598
705,0.983821
706,0.9838819
707,0.9839427
708,0.9840031
709,0.9840633
710,0.9841234
711,0.9841833
712,0.98424304
713,0.9843027
714,0.9843621
715,0.98442143
716,0.98448044
717,0.98453933
718,0.98459804
719,0.9846563
720,0.9847143
721,0.98477226
722,0.9848301
723,0.98488766
724,0.98494494
725,0.98500216
726,0.9850592
727,0.985116
728,0.9851727
729,0.98522913
730,0.9852855
731,0.98534155
732,0.9853973
733,0.98545295
734,0.9855083
735,0.9855635
736,0.9856186
737,0.98567337
738,0.98572797
739,0.9857825
740,0.98583686
741,0.9858911
742,0.98594517
743,0.9859989
744,0.98605263
745,0.98610616
746,0.98615944
747,0.9862125
748,0.9862655
749,0.98631835
750,0.986371
751,0.9864236
752,0.98647606
753,0.98652834
754,0.9865804
755,0.9866321
756,0.9866837
757,0.9867352
758,0.9867866
759,0.98683786
760,0.9868889
761,0.9869397
762,0.98699045
763,0.98704094
764,0.9870911
765,0.98714113
766,0.9871909
767,0.9872406
768,0.9872901
769,0.9873395
770,0.98738873
771,0.98743767
772,0.9874864
773,0.987535
774,0.9875835
775,0.9876317
776,0.9876797
777,0.9877276
778,0.9877754
779,0.987823
780,0.9878706
781,0.9879181
782,0.98796535
783,0.9880124
784,0.9880592
785,0.98810583
786,0.9881524
787,0.98819894
788,0.98824537
789,0.9882915
790,0.98833764
791,0.9883834
792,0.98842907
793,0.9884745
794,0.9885198
795,0.98856485
796,0.98860985
797,0.98865485
798,0.9886996
799,0.9887441
800,0.9887885
801,0.9888326
802,0.9888765
803,0.9889203
804,0.98896396
805,0.98900753
806,0.9890509
807,0.98909414
808,0.9891373
809,0.9891802
810,0.98922294
811,0.9892656
812,0.98930806
813,0.9893504
814,0.9893926
815,0.98943466
816,0.9894767
817,0.9895186
818,0.98956037
819,0.98960185
820,0.9896432
821,0.9896844
822,0.9897255
823,0.98976636
824,0.9898071
825,0.98984766
826,0.9898882
827,0.98992866
828,0.9899689
829,0.99000895
830,0.9900487
831,0.9900884
832,0.99012804
833,0.9901673
834,0.9902066
835,0.99024576
836,0.9902848
837,0.9903236
838,0.9903623
839,0.99040085
840,0.9904391
841,0.9904773
842,0.99051535
843,0.9905533
844,0.99059117
845,0.99062896
846,0.99066657
847,0.99070406
848,0.99074143
849,0.9907787
850,0.99081594
851,0.99085313
852,0.99089015
853,0.990927
854,0.99096376
855,0.99100035
856,0.99103683
857,0.99107313
858,0.99110925
859,0.9911454
860,0.9911813
861,0.99121714
862,0.99125284
863,0.99128854
864,0.99132407
865,0.9913595
866,0.9913947
867,0.9914298
868,0.9914648
869,0.9914996
870,0.99153423
871,0.99156874
872,0.9916032
873,0.9916375
874,0.9916717
875,0.9917057
876,0.99173963
877,0.99177337
878,0.99180686
879,0.99184024
880,0.99187356
881,0.99190676
882,0.99193984
883,0.99197286
884,0.99200577
885,0.99203855
886,0.9920712
887,0.9921037
888,0.9921361
889,0.9921684
890,0.99220055
891,0.9922326
892,0.99226457
893,0.9922964
894,0.9923281
895,0.9923597
896,0.99239117
897,0.9924225
898,0.9924538
899,0.9924848
900,0.9925158
901,0.9925467
902,0.99257743
903,0.992608
904,0.9926385
905,0.992669
906,0.9926994
907,0.9927296
908,0.9927598
909,0.9927899
910,0.9928199
911,0.9928498
912,0.99287957
913,0.99290925
914,0.9929389
915,0.99296844
916,0.9929979
917,0.99302715
918,0.9930563
919,0.9930853
920,0.9931143
921,0.99314314
922,0.99317193
923,0.9932006
924,0.9932291
925,0.9932575
926,0.9932859
927,0.9933142
928,0.9933424
929,0.9933706
930,0.99339867
931,0.9934265
932,0.99345434
933,0.99348205
934,0.99350965
935,0.99353725
936,0.9935647
937,0.993592
938,0.99361926
939,0.9936464
940,0.9936735
941,0.99370044
942,0.9937273
943,0.9937541
944,0.9937807
945,0.9938072
946,0.99383366
947,0.99386
948,0.9938863
949,0.99391246
950,0.9939385
951,0.99396443
952,0.99399036
953,0.9940162
954,0.9940419
955,0.9940676
956,0.99409324
957,0.99411863
958,0.99414396
959,0.9941692
960,0.99419427
961,0.9942193
962,0.9942442
963,0.9942691
964,0.9942938
965,0.9943185
966,0.9943431
967,0.99436766
968,0.99439216
969,0.9944166
970,0.9944409
971,0.99446505
972,0.9944892
973,0.9945131
974,0.99453694
975,0.9945608
976,0.9945845
977,0.99460816
978,0.99463177
979,0.99465525
980,0.9946787
981,0.99470204
982,0.9947253
983,0.99474853
984,0.99477166
985,0.9947948
986,0.9948178
987,0.99484074
988,0.9948636
989,0.9948864
990,0.994909
991,0.9949315
992,0.994954
993,0.9949764
994,0.99499875
995,0.99502105
996,0.9950432
997,0.99506533
998,0.9950874
999,0.9951093
1000,0.99513113
1001,0.9951529
1002,0.9951746
1003,0.9951962
1004,0.9952178
1005,0.9952392
1006,0.9952606
1007,0.99528193
1008,0.99530315
1009,0.9953244
1010,0.99534553
1011,0.9953665
1012,0.9953874
1013,0.9954082
1014,0.9954289
1015,0.9954496
1016,0.99547017
1017,0.99549073
1018,0.9955112
1019,0.99553156
1020,0.9955519
1021,0.99557215
1022,0.99559236
1023,0.9956124
1024,0.9956324
1025,0.9956523
1026,0.9956721
1027,0.99569184
1028,0.99571157
1029,0.9957312
1030,0.9957507
1031,0.9957702
1032,0.9957897
1033,0.9958091
1034,0.9958284
1035,0.9958477
1036,0.9958669
1037,0.995886
1038,0.9959051
1039,0.9959241
1040,0.995943
1041,0.99596184
1042,0.9959806
1043,0.99599934
1044,0.9960178
1045,0.9960363
1046,0.9960547
1047,0.99607307
1048,0.9960913
1049,0.9961095
1050,0.9961276
1051,0.99614567
1052,0.99616367
1053,0.99618155
1054,0.99619937
1055,0.99621713
1056,0.99623483
1057,0.9962525
1058,0.99627006
1059,0.9962875
1060,0.9963049
1061,0.99632233
1062,0.9963397
1063,0.99635696
1064,0.99637413
1065,0.99639124
1066,0.9964083
1067,0.9964253
1068,0.9964422
1069,0.99645907
1070,0.99647593
1071,0.99649274
1072,0.9965095
1073,0.9965261
1074,0.9965427
1075,0.99655914
1076,0.9965756
1077,0.996592
1078,0.9966083
1079,0.9966245
1080,0.99664074
1081,0.99665684
1082,0.99667287
1083,0.99668884
1084,0.99670476
1085,0.99672055
1086,0.9967363
1087,0.996752
1088,0.9967677
1089,0.9967834
1090,0.996799
1091,0.9968145
1092,0.99683
1093,0.9968454
1094,0.99686086
1095,0.9968762
1096,0.99689144
1097,0.99690664
1098,0.9969218
1099,0.9969368
1100,0.9969518
1101,0.9969668
1102,0.9969817
1103,0.9969966
1104,0.9970114
1105,0.99702615
1106,0.9970408
1107,0.9970554
1108,0.99707
1109,0.99708456
1110,0.997099
1111,0.9971134
1112,0.9971278
1113,0.9971421
1114,0.9971563
1115,0.9971705
1116,0.9971846
1117,0.99719864
1118,0.99721265
1119,0.9972266
1120,0.9972405
1121,0.9972543
1122,0.99726814
1123,0.99728185
1124,0.99729556
1125,0.9973092
1126,0.9973228
1127,0.9973363
1128,0.99734986
1129,0.9973632
1130,0.9973765
1131,0.99738973
1132,0.99740297
1133,0.99741614
1134,0.99742925
1135,0.99744225
1136,0.99745524
1137,0.9974682
1138,0.99748105
1139,0.9974939
1140,0.99750674
1141,0.9975195
1142,0.9975322
1143,0.9975448
1144,0.99755746
1145,0.99757004
1146,0.9975825
1147,0.9975949
1148,0.9976073
1149,0.9976196
1150,0.9976319
1151,0.9976441
1152,0.9976563
1153,0.9976684
1154,0.9976804
1155,0.9976924
1156,0.9977044
1157,0.9977163
1158,0.9977282
1159,0.9977401
1160,0.9977519
1161,0.9977637
1162,0.99777544
1163,0.9977871
1164,0.99779874
1165,0.99781036
1166,0.9978219
1167,0.99783343
1168,0.9978449
1169,0.9978563
1170,0.9978677
1171,0.997879
1172,0.99789035
1173,0.9979016
1174,0.9979128
1175,0.99792403
1176,0.9979352
1177,0.99794626
1178,0.9979573
1179,0.99796826
1180,0.9979792
1181,0.99799013
1182,0.998001
1183,0.9980118
1184,0.9980226
1185,0.9980334
1186,0.99804413
1187,0.9980548
1188,0.9980654
1189,0.998076
1190,0.9980866
1191,0.9980971
1192,0.9981076
1193,0.99811804
1194,0.9981285
1195,0.99813884
1196,0.99814916
1197,0.9981594
1198,0.9981696
1199,0.99817973
1200,0.99818987
1201,0.99819994
1202,0.99820995
1203,0.99821997
1204,0.9982299
1205,0.9982398
1206,0.99824965
1207,0.9982595
1208,0.9982692
1209,0.9982789
1210,0.99828863
1211,0.9982983
1212,0.99830794
1213,0.9983175
1214,0.998327
1215,0.9983365
1216,0.9983459
1217,0.9983553
1218,0.9983647
1219,0.99837404
1220,0.99838334
1221,0.9983926
1222,0.9984018
1223,0.998411
1224,0.9984201
1225,0.99842924
1226,0.9984383
1227,0.9984473
1228,0.99845624
1229,0.9984651
1230,0.998474
1231,0.9984828
1232,0.99849164
1233,0.9985004
1234,0.99850917
1235,0.9985179
1236,0.9985265
1237,0.99853516
1238,0.99854374
1239,0.99855226
1240,0.9985608
1241,0.99856925
1242,0.99857765
1243,0.99858606
1244,0.9985944
1245,0.9986027
1246,0.998611
1247,0.99861926
1248,0.9986275
1249,0.99863565
1250,0.9986438
1251,0.9986519
1252,0.99866
1253,0.9986681
1254,0.99867606
1255,0.99868405
1256,0.998692
1257,0.9986999
1258,0.9987078
1259,0.99871564
1260,0.99872345
1261,0.99873126
1262,0.99873894
1263,0.99874663
1264,0.9987543
1265,0.99876195
1266,0.9987695
1267,0.9987771
1268,0.9987846
1269,0.99879205
1270,0.9987995
1271,0.9988069
1272,0.9988142
1273,0.99882156
1274,0.9988288
1275,0.9988361
1276,0.9988433
1277,0.9988505
1278,0.9988577
1279,0.9988648
1280,0.9988719
1281,0.998879
1282,0.99888605
1283,0.9988931
1284,0.99890006
1285,0.998907
1286,0.99891394
1287,0.99892086
1288,0.9989277
1289,0.99893457
1290,0.99894136
1291,0.9989481
1292,0.99895483
1293,0.99896157
1294,0.99896824
1295,0.9989749
1296,0.99898154
1297,0.9989881
1298,0.99899465
1299,0.9990012
1300,0.9990077
1301,0.99901414
1302,0.9990206
1303,0.999027
1304,0.9990334
1305,0.9990397
1306,0.999046
1307,0.9990523
1308,0.99905854
1309,0.99906474
1310,0.99907094
1311,0.9990771
1312,0.99908316
1313,0.99908924
1314,0.9990953
1315,0.99910134
1316,0.9991073
1317,0.99911326
1318,0.9991192
1319,0.9991251
1320,0.999131
1321,0.99913687
1322,0.9991427
1323,0.99914855
1324,0.9991543
1325,0.99916005
1326,0.9991658
1327,0.99917144
1328,0.9991771
1329,0.9991827
1330,0.9991883
1331,0.99919385
1332,0.9991994
1333,0.99920493
1334,0.9992104
1335,0.9992159
1336,0.9992213
1337,0.99922675
1338,0.9992322
1339,0.99923754
1340,0.9992429
1341,0.9992482
1342,0.99925345
1343,0.9992587
1344,0.99926394
1345,0.9992691
1346,0.9992743
1347,0.99927944
1348,0.99928457
1349,0.9992897
1350,0.99929476
1351,0.9992998
1352,0.99930483
1353,0.99930984
1354,0.9993148
1355,0.99931973
1356,0.9993247
1357,0.99932957
1358,0.99933445
1359,0.99933934
1360,0.99934417
1361,0.999349
1362,0.99935377
1363,0.99935853
1364,0.9993633
1365,0.999368
1366,0.9993727
1367,0.99937737
1368,0.999382
1369,0.9993866
1370,0.9993912
1371,0.9993958
1372,0.9994003
1373,0.9994048
1374,0.99940926
1375,0.99941367
1376,0.9994181
1377,0.9994225
1378,0.9994269
1379,0.99943125
1380,0.9994356
1381,0.9994399
1382,0.9994442
1383,0.9994485
1384,0.9994527
1385,0.99945694
1386,0.9994611
1387,0.9994653
1388,0.99946946
1389,0.99947363
1390,0.99947774
1391,0.9994818
1392,0.99948585
1393,0.9994899
1394,0.9994939
1395,0.9994979
1396,0.9995019
1397,0.9995058
1398,0.99950975
1399,0.9995136
1400,0.9995175
1401,0.9995213
1402,0.9995251
1403,0.99952894
1404,0.99953276
1405,0.9995366
1406,0.9995403
1407,0.9995441
1408,0.99954784
1409,0.9995516
1410,0.9995553
1411,0.999559
1412,0.9995626
1413,0.99956626
1414,0.99956983
1415,0.9995734
1416,0.999577
1417,0.9995805
1418,0.999584
1419,0.99958754
1420,0.999591
1421,0.99959445
1422,0.99959785
1423,0.99960124
1424,0.99960464
1425,0.999608
1426,0.9996113
1427,0.99961466
1428,0.999618
1429,0.9996213
1430,0.99962455
1431,0.9996278
1432,0.9996311
1433,0.9996343
1434,0.99963754
1435,0.99964076
1436,0.9996439
1437,0.9996471
1438,0.99965024
1439,0.9996534
1440,0.9996565
1441,0.9996596
1442,0.99966264
1443,0.9996657
1444,0.9996687
1445,0.9996717
1446,0.9996747
1447,0.99967766
1448,0.9996806
1449,0.9996835
1450,0.9996864
1451,0.99968934
1452,0.9996922
1453,0.99969506
1454,0.99969786
1455,0.99970067
1456,0.99970347
1457,0.99970627
1458,0.999709
1459,0.99971175
1460,0.9997145
1461,0.9997172
1462,0.99971986
1463,0.99972254
1464,0.9997252
1465,0.99972785
1466,0.99973047
1467,0.9997331
1468,0.9997357
1469,0.9997383
1470,0.99974084
1471,0.9997434
1472,0.99974597
1473,0.99974847
1474,0.999751
1475,0.9997535
1476,0.9997559
1477,0.99975836
1478,0.9997608
1479,0.99976325
1480,0.99976563
1481,0.999768
1482,0.9997704
1483,0.9997728
1484,0.9997751
1485,0.99977744
1486,0.99977976
1487,0.9997821
1488,0.99978435
1489,0.9997866
1490,0.9997889
1491,0.99979115
1492,0.99979335
1493,0.99979556
1494,0.99979776
1495,0.99979997
1496,0.9998022
1497,0.9998043
1498,0.99980646
1499,0.9998086
1500,0.9998107
1501,0.9998128
1502,0.99981487
1503,0.99981695
1504,0.99981904
1505,0.99982107
1506,0.9998231
1507,0.9998251
1508,0.9998271
1509,0.99982905
1510,0.999831
1511,0.999833
1512,0.9998349
1513,0.9998368
1514,0.9998387
1515,0.9998406
1516,0.99984246
1517,0.9998443
1518,0.99984616
1519,0.999848
1520,0.99984986
1521,0.99985164
1522,0.99985343
1523,0.9998552
1524,0.999857
1525,0.9998588
1526,0.9998605
1527,0.99986225
1528,0.999864
1529,0.9998657
1530,0.99986744
1531,0.9998691
1532,0.9998708
1533,0.99987245
1534,0.99987406
1535,0.99987566
1536,0.9998773
1537,0.9998789
1538,0.9998805
1539,0.99988204
1540,0.9998836
1541,0.99988514
1542,0.9998867
1543,0.9998882
1544,0.9998897
1545,0.99989116
1546,0.99989265
1547,0.99989414
1548,0.99989563
1549,0.99989706
1550,0.9998985
1551,0.9998999
1552,0.99990135
1553,0.9999027
1554,0.9999041
1555,0.99990547
1556,0.99990684
1557,0.9999082
1558,0.9999096
1559,0.9999109
1560,0.9999122
1561,0.9999135
1562,0.9999148
1563,0.99991614
1564,0.9999174
1565,0.99991864
1566,0.9999199
1567,0.99992114
1568,0.99992234
1569,0.9999235
1570,0.9999247
1571,0.9999259
1572,0.9999271
1573,0.9999283
1574,0.9999295
1575,0.9999306
1576,0.99993175
1577,0.9999329
1578,0.999934
1579,0.99993515
1580,0.9999363
1581,0.99993736
1582,0.9999384
1583,0.9999395
1584,0.9999406
1585,0.9999416
1586,0.9999426
1587,0.9999436
1588,0.9999446
1589,0.99994564
1590,0.9999466
1591,0.99994755
1592,0.9999485
1593,0.99994946
1594,0.9999504
1595,0.99995136
1596,0.9999523
1597,0.99995327
1598,0.99995416
1599,0.99995506
1600,0.99995595
1601,0.99995685
1602,0.99995774
1603,0.99995863
1604,0.9999595
1605,0.99996036
1606,0.9999612
1607,0.99996203
1608,0.99996287
1609,0.9999637
1610,0.9999645
1611,0.99996525
1612,0.999966
1613,0.9999668
1614,0.9999676
1615,0.99996835
1616,0.9999691
1617,0.99996984
1618,0.99997056
1619,0.9999713
1620,0.999972
1621,0.9999727
1622,0.9999734
1623,0.99997413
1624,0.9999748
1625,0.99997544
1626,0.9999761
1627,0.99997675
1628,0.9999774
1629,0.99997807
1630,0.9999787
1631,0.9999794
1632,0.99998
1633,0.99998057
1634,0.99998116
1635,0.99998176
1636,0.99998236
1637,0.99998295
1638,0.99998355
1639,0.9999841
1640,0.9999846
1641,0.99998516
1642,0.9999857
1643,0.99998623
1644,0.99998677
1645,0.9999873
1646,0.9999878
1647,0.99998826
1648,0.99998873
1649,0.9999892
1650,0.9999897
1651,0.99999017
1652,0.9999906
1653,0.999991
1654,0.9999914
1655,0.99999183
1656,0.99999225
1657,0.99999267
1658,0.9999931
1659,0.9999935
1660,0.99999386
1661,0.9999942
1662,0.9999946
1663,0.99999493
1664,0.9999953
1665,0.99999565
1666,0.999996
1667,0.99999636
1668,0.99999666
1669,0.99999696
1670,0.99999726
1671,0.99999756
1672,0.99999785
1673,0.99999815
1674,0.99999845
1675,0.9999987
1676,0.9999989
1677,0.99999917
1678,0.9999994
1679,0.9999996
1680,0.9999996
