image_path,label,video_id,method,dataset
C:\Users\Rohith Syam\Documents\UTS SEMESTER 3\image processing\idea 2\data\processed\deepfakeface_sd15\fake\00\12596800_1920-10-18_1955.jpg,1,00,StableDiffusion_v1_5,deepfakeface
C:\Users\Rohith Syam\Documents\UTS SEMESTER 3\image processing\idea 2\data\processed\deepfakeface_sd15\fake\00\15550600_1973-11-01_2000.jpg,1,00,StableDiffusion_v1_5,deepfakeface
C:\Users\Rohith Syam\Documents\UTS SEMESTER 3\image processing\idea 2\data\processed\deepfakeface_sd15\fake\00\18407100_1917-10-18_1958.jpg,1,00,StableDiffusion_v1_5,deepfakeface
C:\Users\Rohith Syam\Documents\UTS SEMESTER 3\image processing\idea 2\data\processed\deepfakeface_sd15\fake\00\23804200_1950-03-31_2013.jpg,1,00,StableDiffusion_v1_5,deepfakeface
C:\Users\Rohith Syam\Documents\UTS SEMESTER 3\image processing\idea 2\data\processed\deepfakeface_sd15\fake\00\2540500_1970-10-10_2008.jpg,1,00,StableDiffusion_v1_5,deepfakeface
C:\Users\Rohith Syam\Documents\UTS SEMESTER 3\image processing\idea 2\data\processed\deepfakeface_sd15\fake\00\2669900_1933-07-29_1968.jpg,1,00,StableDiffusion_v1_5,deepfakeface
C:\Users\Rohith Syam\Documents\UTS SEMESTER 3\image processing\idea 2\data\processed\deepfakeface_sd15\fake\00\26771200_1988-08-13_2009.jpg,1,00,StableDiffusion_v1_5,deepfakeface
C:\Users\Rohith Syam\Documents\UTS SEMESTER 3\image processing\idea 2\data\processed\deepfakeface_sd15\fake\00\2690900_1963-03-12_2010.jpg,1,00,StableDiffusion_v1_5,deepfakeface
C:\Users\Rohith Syam\Documents\UTS SEMESTER 3\image processing\idea 2\data\processed\deepfakeface_sd15\fake\00\28476500_1938-06-12_1959.jpg,1,00,StableDiffusion_v1_5,deepfakeface
C:\Users\Rohith Syam\Documents\UTS SEMESTER 3\image processing\idea 2\data\processed\deepfakeface_sd15\fake\00\28886000_1928-01-17_2009.jpg,1,00,StableDiffusion_v1_5,deepfakeface
C:\Users\Rohith Syam\Documents\UTS SEMESTER 3\image processing\idea 2\data\processed\deepfakeface_sd15\fake\00\29538300_1990-07-16_2010.jpg,1,00,StableDiffusion_v1_5,deepfakeface
C:\Users\Rohith Syam\Documents\UTS SEMESTER 3\image processing\idea 2\data\processed\deepfakeface_sd15\fake\00\3293900_1973-09-23_2004.jpg,1,00,StableDiffusion_v1_5,deepfakeface
C:\Users\Rohith Syam\Documents\UTS SEMESTER 3\image processing\idea 2\data\processed\deepfakeface_sd15\fake\00\34199700_1921-05-23_1946.jpg,1,00,StableDiffusion_v1_5,deepfakeface
C:\Users\Rohith Syam\Documents\UTS SEMESTER 3\image processing\idea 2\data\processed\deepfakeface_sd15\fake\00\34316600_1994-11-15_2013.jpg,1,00,StableDiffusion_v1_5,deepfakeface
C:\Users\Rohith Syam\Documents\UTS SEMESTER 3\image processing\idea 2\data\processed\deepfakeface_sd15\fake\00\35360200_1996-11-01_2012.jpg,1,00,StableDiffusion_v1_5,deepfakeface
C:\Users\Rohith Syam\Documents\UTS SEMESTER 3\image processing\idea 2\data\processed\deepfakeface_sd15\fake\00\36606300_1984-08-03_2014.jpg,1,00,StableDiffusion_v1_5,deepfakeface
C:\Users\Rohith Syam\Documents\UTS SEMESTER 3\image processing\idea 2\data\processed\deepfakeface_sd15\fake\00\38882500_1940-10-04_1977.jpg,1,00,StableDiffusion_v1_5,deepfakeface
C:\Users\Rohith Syam\Documents\UTS SEMESTER 3\image processing\idea 2\data\processed\deepfakeface_sd15\fake\00\3982800_1988-01-29_2012.jpg,1,00,StableDiffusion_v1_5,deepfakeface
C:\Users\Rohith Syam\Documents\UTS SEMESTER 3\image processing\idea 2\data\processed\deepfakeface_sd15\fake\00\41835500_1992-05-12_2014.jpg,1,00,StableDiffusion_v1_5,deepfakeface
C:\Users\Rohith Syam\Documents\UTS SEMESTER 3\image processing\idea 2\data\processed\deepfakeface_sd15\fake\00\4236500_1977-10-18_2005.jpg,1,00,StableDiffusion_v1_5,deepfakeface
C:\Users\Rohith Syam\Documents\UTS SEMESTER 3\image processing\idea 2\data\processed\deepfakeface_sd15\fake\00\46667800_1978-03-16_2014.jpg,1,00,StableDiffusion_v1_5,deepfakeface
C:\Users\Rohith Syam\Documents\UTS SEMESTER 3\image processing\idea 2\data\processed\deepfakeface_sd15\fake\00\5616200_1968-09-06_2006.jpg,1,00,StableDiffusion_v1_5,deepfakeface
C:\Users\Rohith Syam\Documents\UTS SEMESTER 3\image processing\idea 2\data\processed\deepfakeface_sd15\fake\00\5751800_1950-09-09_2010.jpg,1,00,StableDiffusion_v1_5,deepfakeface
C:\Users\Rohith Syam\Documents\UTS SEMESTER 3\image processing\idea 2\data\processed\deepfakeface_sd15\fake\00\67000_1947-05-13_2007.jpg,1,00,StableDiffusion_v1_5,deepfakeface
C:\Users\Rohith Syam\Documents\UTS SEMESTER 3\image processing\idea 2\data\processed\deepfakeface_sd15\fake\00\7567200_1932-07-31_1966.jpg,1,00,StableDiffusion_v1_5,deepfakeface
C:\Users\Rohith Syam\Documents\UTS SEMESTER 3\image processing\idea 2\data\processed\deepfakeface_sd15\fake\00\8222200_1941-05-15_1964.jpg,1,00,StableDiffusion_v1_5,deepfakeface
C:\Users\Rohith Syam\Documents\UTS SEMESTER 3\image processing\idea 2\data\processed\deepfakeface_sd15\fake\00\836500_1977-03-04_2007.jpg,1,00,StableDiffusion_v1_5,deepfakeface
C:\Users\Rohith Syam\Documents\UTS SEMESTER 3\image processing\idea 2\data\processed\deepfakeface_sd15\fake\00\9210500_1912-02-06_1942.jpg,1,00,StableDiffusion_v1_5,deepfakeface
C:\Users\Rohith Syam\Documents\UTS SEMESTER 3\image processing\idea 2\data\processed\deepfakeface_sd15\fake\00\944600_1968-02-05_2006.jpg,1,00,StableDiffusion_v1_5,deepfakeface
C:\Users\Rohith Syam\Documents\UTS SEMESTER 3\image processing\idea 2\data\processed\deepfakeface_sd15\fake\00\9801700_1969-10-11_2012.jpg,1,00,StableDiffusion_v1_5,deepfakeface
C:\Users\Rohith Syam\Documents\UTS SEMESTER 3\image processing\idea 2\data\processed\deepfakeface_sd15\fake\02\4539602_1977-04-26_2010.jpg,1,02,StableDiffusion_v1_5,deepfakeface
C:\Users\Rohith Syam\Documents\UTS SEMESTER 3\image processing\idea 2\data\processed\deepfakeface_sd15\fake\03\10970703_1984-05-21_2011.jpg,1,03,StableDiffusion_v1_5,deepfakeface
C:\Users\Rohith Syam\Documents\UTS SEMESTER 3\image processing\idea 2\data\processed\deepfakeface_sd15\fake\03\1142203_1949-03-03_2008.jpg,1,03,StableDiffusion_v1_5,deepfakeface
C:\Users\Rohith Syam\Documents\UTS SEMESTER 3\image processing\idea 2\data\processed\deepfakeface_sd15\fake\03\13181303_1944-01-11_1971.jpg,1,03,StableDiffusion_v1_5,deepfakeface
C:\Users\Rohith Syam\Documents\UTS SEMESTER 3\image processing\idea 2\data\processed\deepfakeface_sd15\fake\03\14926103_1928-01-13_1958.jpg,1,03,StableDiffusion_v1_5,deepfakeface
C:\Users\Rohith Syam\Documents\UTS SEMESTER 3\image processing\idea 2\data\processed\deepfakeface_sd15\fake\03\16103_1907-05-26_1965.jpg,1,03,StableDiffusion_v1_5,deepfakeface
C:\Users\Rohith Syam\Documents\UTS SEMESTER 3\image processing\idea 2\data\processed\deepfakeface_sd15\fake\03\18388503_1942-09-14_2007.jpg,1,03,StableDiffusion_v1_5,deepfakeface
C:\Users\Rohith Syam\Documents\UTS SEMESTER 3\image processing\idea 2\data\processed\deepfakeface_sd15\fake\03\19966503_1974-03-04_2011.jpg,1,03,StableDiffusion_v1_5,deepfakeface
C:\Users\Rohith Syam\Documents\UTS SEMESTER 3\image processing\idea 2\data\processed\deepfakeface_sd15\fake\03\21296103_1982-04-25_2011.jpg,1,03,StableDiffusion_v1_5,deepfakeface
C:\Users\Rohith Syam\Documents\UTS SEMESTER 3\image processing\idea 2\data\processed\deepfakeface_sd15\fake\03\2220103_1954-05-18_2009.jpg,1,03,StableDiffusion_v1_5,deepfakeface
C:\Users\Rohith Syam\Documents\UTS SEMESTER 3\image processing\idea 2\data\processed\deepfakeface_sd15\fake\03\225903_1935-04-21_2007.jpg,1,03,StableDiffusion_v1_5,deepfakeface
C:\Users\Rohith Syam\Documents\UTS SEMESTER 3\image processing\idea 2\data\processed\deepfakeface_sd15\fake\03\2395003_1940-06-21_1977.jpg,1,03,StableDiffusion_v1_5,deepfakeface
C:\Users\Rohith Syam\Documents\UTS SEMESTER 3\image processing\idea 2\data\processed\deepfakeface_sd15\fake\03\2420403_1964-03-18_2007.jpg,1,03,StableDiffusion_v1_5,deepfakeface
C:\Users\Rohith Syam\Documents\UTS SEMESTER 3\image processing\idea 2\data\processed\deepfakeface_sd15\fake\03\2740303_1974-11-03_1999.jpg,1,03,StableDiffusion_v1_5,deepfakeface
C:\Users\Rohith Syam\Documents\UTS SEMESTER 3\image processing\idea 2\data\processed\deepfakeface_sd15\fake\03\2779203_1965-10-01_2008.jpg,1,03,StableDiffusion_v1_5,deepfakeface
C:\Users\Rohith Syam\Documents\UTS SEMESTER 3\image processing\idea 2\data\processed\deepfakeface_sd15\fake\03\317803_1920-03-03_2011.jpg,1,03,StableDiffusion_v1_5,deepfakeface
C:\Users\Rohith Syam\Documents\UTS SEMESTER 3\image processing\idea 2\data\processed\deepfakeface_sd15\fake\03\32442803_1991-09-14_2012.jpg,1,03,StableDiffusion_v1_5,deepfakeface
C:\Users\Rohith Syam\Documents\UTS SEMESTER 3\image processing\idea 2\data\processed\deepfakeface_sd15\fake\03\34807003_1990-05-29_2013.jpg,1,03,StableDiffusion_v1_5,deepfakeface
C:\Users\Rohith Syam\Documents\UTS SEMESTER 3\image processing\idea 2\data\processed\deepfakeface_sd15\fake\03\37970303_1977-07-09_2013.jpg,1,03,StableDiffusion_v1_5,deepfakeface
C:\Users\Rohith Syam\Documents\UTS SEMESTER 3\image processing\idea 2\data\processed\deepfakeface_sd15\fake\03\39605003_1966-06-21_2012.jpg,1,03,StableDiffusion_v1_5,deepfakeface
C:\Users\Rohith Syam\Documents\UTS SEMESTER 3\image processing\idea 2\data\processed\deepfakeface_sd15\fake\03\39918103_1988-09-29_2012.jpg,1,03,StableDiffusion_v1_5,deepfakeface
C:\Users\Rohith Syam\Documents\UTS SEMESTER 3\image processing\idea 2\data\processed\deepfakeface_sd15\fake\03\4830003_1961-12-01_2010.jpg,1,03,StableDiffusion_v1_5,deepfakeface
C:\Users\Rohith Syam\Documents\UTS SEMESTER 3\image processing\idea 2\data\processed\deepfakeface_sd15\fake\03\555703_1913-07-13_1970.jpg,1,03,StableDiffusion_v1_5,deepfakeface
C:\Users\Rohith Syam\Documents\UTS SEMESTER 3\image processing\idea 2\data\processed\deepfakeface_sd15\fake\03\6104003_1985-07-06_2006.jpg,1,03,StableDiffusion_v1_5,deepfakeface
C:\Users\Rohith Syam\Documents\UTS SEMESTER 3\image processing\idea 2\data\processed\deepfakeface_sd15\fake\03\7100903_1961-03-15_2010.jpg,1,03,StableDiffusion_v1_5,deepfakeface
C:\Users\Rohith Syam\Documents\UTS SEMESTER 3\image processing\idea 2\data\processed\deepfakeface_sd15\fake\03\7655603_1956-03-09_2010.jpg,1,03,StableDiffusion_v1_5,deepfakeface
C:\Users\Rohith Syam\Documents\UTS SEMESTER 3\image processing\idea 2\data\processed\deepfakeface_sd15\fake\03\8902703_1978-09-20_2007.jpg,1,03,StableDiffusion_v1_5,deepfakeface
C:\Users\Rohith Syam\Documents\UTS SEMESTER 3\image processing\idea 2\data\processed\deepfakeface_sd15\fake\03\9000703_1982-07-16_2008.jpg,1,03,StableDiffusion_v1_5,deepfakeface
C:\Users\Rohith Syam\Documents\UTS SEMESTER 3\image processing\idea 2\data\processed\deepfakeface_sd15\fake\03\9729003_1988-05-18_2011.jpg,1,03,StableDiffusion_v1_5,deepfakeface
C:\Users\Rohith Syam\Documents\UTS SEMESTER 3\image processing\idea 2\data\processed\deepfakeface_sd15\fake\03\97803_1991-04-04_2007.jpg,1,03,StableDiffusion_v1_5,deepfakeface
C:\Users\Rohith Syam\Documents\UTS SEMESTER 3\image processing\idea 2\data\processed\deepfakeface_sd15\fake\11\16873011_1971-03-10_2003.jpg,1,11,StableDiffusion_v1_5,deepfakeface
C:\Users\Rohith Syam\Documents\UTS SEMESTER 3\image processing\idea 2\data\processed\deepfakeface_sd15\fake\12\1836812_1976-11-06_2013.jpg,1,12,StableDiffusion_v1_5,deepfakeface
C:\Users\Rohith Syam\Documents\UTS SEMESTER 3\image processing\idea 2\data\processed\deepfakeface_sd15\fake\14\12041214_1955-03-25_2012.jpg,1,14,StableDiffusion_v1_5,deepfakeface
C:\Users\Rohith Syam\Documents\UTS SEMESTER 3\image processing\idea 2\data\processed\deepfakeface_sd15\fake\14\12461914_1975-12-14_2007.jpg,1,14,StableDiffusion_v1_5,deepfakeface
C:\Users\Rohith Syam\Documents\UTS SEMESTER 3\image processing\idea 2\data\processed\deepfakeface_sd15\fake\14\14307714_1977-01-29_2013.jpg,1,14,StableDiffusion_v1_5,deepfakeface
C:\Users\Rohith Syam\Documents\UTS SEMESTER 3\image processing\idea 2\data\processed\deepfakeface_sd15\fake\14\170514_1963-03-06_1970.jpg,1,14,StableDiffusion_v1_5,deepfakeface
C:\Users\Rohith Syam\Documents\UTS SEMESTER 3\image processing\idea 2\data\processed\deepfakeface_sd15\fake\14\1830414_1971-07-01_2013.jpg,1,14,StableDiffusion_v1_5,deepfakeface
C:\Users\Rohith Syam\Documents\UTS SEMESTER 3\image processing\idea 2\data\processed\deepfakeface_sd15\fake\14\19894914_1989-10-19_2012.jpg,1,14,StableDiffusion_v1_5,deepfakeface
C:\Users\Rohith Syam\Documents\UTS SEMESTER 3\image processing\idea 2\data\processed\deepfakeface_sd15\fake\14\1995914_1928-11-21_1976.jpg,1,14,StableDiffusion_v1_5,deepfakeface
C:\Users\Rohith Syam\Documents\UTS SEMESTER 3\image processing\idea 2\data\processed\deepfakeface_sd15\fake\14\2009614_1964-05-13_2008.jpg,1,14,StableDiffusion_v1_5,deepfakeface
C:\Users\Rohith Syam\Documents\UTS SEMESTER 3\image processing\idea 2\data\processed\deepfakeface_sd15\fake\14\21538614_1990-11-01_2015.jpg,1,14,StableDiffusion_v1_5,deepfakeface
C:\Users\Rohith Syam\Documents\UTS SEMESTER 3\image processing\idea 2\data\processed\deepfakeface_sd15\fake\14\22037414_1987-06-05_2013.jpg,1,14,StableDiffusion_v1_5,deepfakeface
C:\Users\Rohith Syam\Documents\UTS SEMESTER 3\image processing\idea 2\data\processed\deepfakeface_sd15\fake\14\23420614_1974-04-16_2008.jpg,1,14,StableDiffusion_v1_5,deepfakeface
C:\Users\Rohith Syam\Documents\UTS SEMESTER 3\image processing\idea 2\data\processed\deepfakeface_sd15\fake\14\27131114_1983-08-30_2011.jpg,1,14,StableDiffusion_v1_5,deepfakeface
C:\Users\Rohith Syam\Documents\UTS SEMESTER 3\image processing\idea 2\data\processed\deepfakeface_sd15\fake\14\28269114_1941-03-21_2011.jpg,1,14,StableDiffusion_v1_5,deepfakeface
C:\Users\Rohith Syam\Documents\UTS SEMESTER 3\image processing\idea 2\data\processed\deepfakeface_sd15\fake\14\28819114_1961-06-26_2009.jpg,1,14,StableDiffusion_v1_5,deepfakeface
C:\Users\Rohith Syam\Documents\UTS SEMESTER 3\image processing\idea 2\data\processed\deepfakeface_sd15\fake\14\33258714_1979-05-30_2011.jpg,1,14,StableDiffusion_v1_5,deepfakeface
C:\Users\Rohith Syam\Documents\UTS SEMESTER 3\image processing\idea 2\data\processed\deepfakeface_sd15\fake\14\35642014_1989-04-27_2012.jpg,1,14,StableDiffusion_v1_5,deepfakeface
C:\Users\Rohith Syam\Documents\UTS SEMESTER 3\image processing\idea 2\data\processed\deepfakeface_sd15\fake\14\36566914_1988-08-11_2014.jpg,1,14,StableDiffusion_v1_5,deepfakeface
C:\Users\Rohith Syam\Documents\UTS SEMESTER 3\image processing\idea 2\data\processed\deepfakeface_sd15\fake\14\36573714_1984-12-01_2012.jpg,1,14,StableDiffusion_v1_5,deepfakeface
C:\Users\Rohith Syam\Documents\UTS SEMESTER 3\image processing\idea 2\data\processed\deepfakeface_sd15\fake\14\3772814_1978-02-28_2008.jpg,1,14,StableDiffusion_v1_5,deepfakeface
C:\Users\Rohith Syam\Documents\UTS SEMESTER 3\image processing\idea 2\data\processed\deepfakeface_sd15\fake\14\41732014_1943-06-18_1969.jpg,1,14,StableDiffusion_v1_5,deepfakeface
C:\Users\Rohith Syam\Documents\UTS SEMESTER 3\image processing\idea 2\data\processed\deepfakeface_sd15\fake\14\4295614_1924-09-15_1987.jpg,1,14,StableDiffusion_v1_5,deepfakeface
C:\Users\Rohith Syam\Documents\UTS SEMESTER 3\image processing\idea 2\data\processed\deepfakeface_sd15\fake\14\44096714_1964-06-29_2012.jpg,1,14,StableDiffusion_v1_5,deepfakeface
C:\Users\Rohith Syam\Documents\UTS SEMESTER 3\image processing\idea 2\data\processed\deepfakeface_sd15\fake\14\448514_1959-03-06_2007.jpg,1,14,StableDiffusion_v1_5,deepfakeface
C:\Users\Rohith Syam\Documents\UTS SEMESTER 3\image processing\idea 2\data\processed\deepfakeface_sd15\fake\14\585414_1951-03-17_2014.jpg,1,14,StableDiffusion_v1_5,deepfakeface
C:\Users\Rohith Syam\Documents\UTS SEMESTER 3\image processing\idea 2\data\processed\deepfakeface_sd15\fake\14\5923814_1958-08-28_1991.jpg,1,14,StableDiffusion_v1_5,deepfakeface
C:\Users\Rohith Syam\Documents\UTS SEMESTER 3\image processing\idea 2\data\processed\deepfakeface_sd15\fake\14\5965014_1981-12-21_2013.jpg,1,14,StableDiffusion_v1_5,deepfakeface
C:\Users\Rohith Syam\Documents\UTS SEMESTER 3\image processing\idea 2\data\processed\deepfakeface_sd15\fake\14\852514_1980-01-18_2013.jpg,1,14,StableDiffusion_v1_5,deepfakeface
C:\Users\Rohith Syam\Documents\UTS SEMESTER 3\image processing\idea 2\data\processed\deepfakeface_sd15\fake\14\8543614_1983-09-25_2010.jpg,1,14,StableDiffusion_v1_5,deepfakeface
C:\Users\Rohith Syam\Documents\UTS SEMESTER 3\image processing\idea 2\data\processed\deepfakeface_sd15\fake\14\9716514_1900-04-10_1946.jpg,1,14,StableDiffusion_v1_5,deepfakeface
C:\Users\Rohith Syam\Documents\UTS SEMESTER 3\image processing\idea 2\data\processed\deepfakeface_sd15\fake\21\10172021_1963-06-02_2006.jpg,1,21,StableDiffusion_v1_5,deepfakeface
C:\Users\Rohith Syam\Documents\UTS SEMESTER 3\image processing\idea 2\data\processed\deepfakeface_sd15\fake\21\1176621_1966-05-16_2010.jpg,1,21,StableDiffusion_v1_5,deepfakeface
C:\Users\Rohith Syam\Documents\UTS SEMESTER 3\image processing\idea 2\data\processed\deepfakeface_sd15\fake\21\12261121_1985-01-04_2014.jpg,1,21,StableDiffusion_v1_5,deepfakeface
C:\Users\Rohith Syam\Documents\UTS SEMESTER 3\image processing\idea 2\data\processed\deepfakeface_sd15\fake\21\15872621_1922-08-28_1952.jpg,1,21,StableDiffusion_v1_5,deepfakeface
C:\Users\Rohith Syam\Documents\UTS SEMESTER 3\image processing\idea 2\data\processed\deepfakeface_sd15\fake\21\15905321_1990-01-06_2009.jpg,1,21,StableDiffusion_v1_5,deepfakeface
C:\Users\Rohith Syam\Documents\UTS SEMESTER 3\image processing\idea 2\data\processed\deepfakeface_sd15\fake\21\16521_1938-12-29_2011.jpg,1,21,StableDiffusion_v1_5,deepfakeface
C:\Users\Rohith Syam\Documents\UTS SEMESTER 3\image processing\idea 2\data\processed\deepfakeface_sd15\fake\21\174821_1961-09-25_1993.jpg,1,21,StableDiffusion_v1_5,deepfakeface
C:\Users\Rohith Syam\Documents\UTS SEMESTER 3\image processing\idea 2\data\processed\deepfakeface_sd15\fake\21\1825621_1945-09-08_2008.jpg,1,21,StableDiffusion_v1_5,deepfakeface
C:\Users\Rohith Syam\Documents\UTS SEMESTER 3\image processing\idea 2\data\processed\deepfakeface_sd15\fake\21\20599521_1967-08-09_2012.jpg,1,21,StableDiffusion_v1_5,deepfakeface
C:\Users\Rohith Syam\Documents\UTS SEMESTER 3\image processing\idea 2\data\processed\deepfakeface_sd15\fake\21\24644621_1964-12-15_2010.jpg,1,21,StableDiffusion_v1_5,deepfakeface
C:\Users\Rohith Syam\Documents\UTS SEMESTER 3\image processing\idea 2\data\processed\deepfakeface_sd15\fake\21\250721_1956-06-03_2010.jpg,1,21,StableDiffusion_v1_5,deepfakeface
C:\Users\Rohith Syam\Documents\UTS SEMESTER 3\image processing\idea 2\data\processed\deepfakeface_sd15\fake\21\2797621_1960-03-15_2011.jpg,1,21,StableDiffusion_v1_5,deepfakeface
C:\Users\Rohith Syam\Documents\UTS SEMESTER 3\image processing\idea 2\data\processed\deepfakeface_sd15\fake\21\29126821_1986-10-07_2014.jpg,1,21,StableDiffusion_v1_5,deepfakeface
C:\Users\Rohith Syam\Documents\UTS SEMESTER 3\image processing\idea 2\data\processed\deepfakeface_sd15\fake\21\2950421_1974-09-11_2007.jpg,1,21,StableDiffusion_v1_5,deepfakeface
C:\Users\Rohith Syam\Documents\UTS SEMESTER 3\image processing\idea 2\data\processed\deepfakeface_sd15\fake\21\295321_1904-08-23_1955.jpg,1,21,StableDiffusion_v1_5,deepfakeface
C:\Users\Rohith Syam\Documents\UTS SEMESTER 3\image processing\idea 2\data\processed\deepfakeface_sd15\fake\21\3003021_1956-12-23_2014.jpg,1,21,StableDiffusion_v1_5,deepfakeface
C:\Users\Rohith Syam\Documents\UTS SEMESTER 3\image processing\idea 2\data\processed\deepfakeface_sd15\fake\21\30496921_1916-02-13_1977.jpg,1,21,StableDiffusion_v1_5,deepfakeface
C:\Users\Rohith Syam\Documents\UTS SEMESTER 3\image processing\idea 2\data\processed\deepfakeface_sd15\fake\21\332221_1903-07-21_2007.jpg,1,21,StableDiffusion_v1_5,deepfakeface
C:\Users\Rohith Syam\Documents\UTS SEMESTER 3\image processing\idea 2\data\processed\deepfakeface_sd15\fake\21\35191121_1990-01-18_2014.jpg,1,21,StableDiffusion_v1_5,deepfakeface
C:\Users\Rohith Syam\Documents\UTS SEMESTER 3\image processing\idea 2\data\processed\deepfakeface_sd15\fake\21\40783721_1958-04-16_2013.jpg,1,21,StableDiffusion_v1_5,deepfakeface
C:\Users\Rohith Syam\Documents\UTS SEMESTER 3\image processing\idea 2\data\processed\deepfakeface_sd15\fake\21\4137921_1965-08-22_2013.jpg,1,21,StableDiffusion_v1_5,deepfakeface
C:\Users\Rohith Syam\Documents\UTS SEMESTER 3\image processing\idea 2\data\processed\deepfakeface_sd15\fake\21\6573321_1986-05-01_2008.jpg,1,21,StableDiffusion_v1_5,deepfakeface
C:\Users\Rohith Syam\Documents\UTS SEMESTER 3\image processing\idea 2\data\processed\deepfakeface_sd15\fake\21\6574321_1982-08-10_2012.jpg,1,21,StableDiffusion_v1_5,deepfakeface
C:\Users\Rohith Syam\Documents\UTS SEMESTER 3\image processing\idea 2\data\processed\deepfakeface_sd15\fake\21\7170221_1933-03-27_1983.jpg,1,21,StableDiffusion_v1_5,deepfakeface
C:\Users\Rohith Syam\Documents\UTS SEMESTER 3\image processing\idea 2\data\processed\deepfakeface_sd15\fake\21\7623721_1978-03-01_2010.jpg,1,21,StableDiffusion_v1_5,deepfakeface
C:\Users\Rohith Syam\Documents\UTS SEMESTER 3\image processing\idea 2\data\processed\deepfakeface_sd15\fake\21\8194621_1986-02-16_2009.jpg,1,21,StableDiffusion_v1_5,deepfakeface
C:\Users\Rohith Syam\Documents\UTS SEMESTER 3\image processing\idea 2\data\processed\deepfakeface_sd15\fake\21\8774721_1967-04-29_2010.jpg,1,21,StableDiffusion_v1_5,deepfakeface
C:\Users\Rohith Syam\Documents\UTS SEMESTER 3\image processing\idea 2\data\processed\deepfakeface_sd15\fake\21\8789221_1983-08-14_2012.jpg,1,21,StableDiffusion_v1_5,deepfakeface
C:\Users\Rohith Syam\Documents\UTS SEMESTER 3\image processing\idea 2\data\processed\deepfakeface_sd15\fake\21\9404921_1978-07-09_2009.jpg,1,21,StableDiffusion_v1_5,deepfakeface
C:\Users\Rohith Syam\Documents\UTS SEMESTER 3\image processing\idea 2\data\processed\deepfakeface_sd15\fake\24\2968824_1963-05-26_2011.jpg,1,24,StableDiffusion_v1_5,deepfakeface
C:\Users\Rohith Syam\Documents\UTS SEMESTER 3\image processing\idea 2\data\processed\deepfakeface_sd15\fake\26\503926_1976-12-31_2009.jpg,1,26,StableDiffusion_v1_5,deepfakeface
C:\Users\Rohith Syam\Documents\UTS SEMESTER 3\image processing\idea 2\data\processed\deepfakeface_sd15\fake\30\11772430_1938-04-14_2008.jpg,1,30,StableDiffusion_v1_5,deepfakeface
C:\Users\Rohith Syam\Documents\UTS SEMESTER 3\image processing\idea 2\data\processed\deepfakeface_sd15\fake\34\1149234_1978-10-03_2010.jpg,1,34,StableDiffusion_v1_5,deepfakeface
C:\Users\Rohith Syam\Documents\UTS SEMESTER 3\image processing\idea 2\data\processed\deepfakeface_sd15\fake\34\11653234_1986-12-23_2012.jpg,1,34,StableDiffusion_v1_5,deepfakeface
C:\Users\Rohith Syam\Documents\UTS SEMESTER 3\image processing\idea 2\data\processed\deepfakeface_sd15\fake\34\1266534_1975-11-03_2011.jpg,1,34,StableDiffusion_v1_5,deepfakeface
C:\Users\Rohith Syam\Documents\UTS SEMESTER 3\image processing\idea 2\data\processed\deepfakeface_sd15\fake\34\12829834_1950-08-15_2002.jpg,1,34,StableDiffusion_v1_5,deepfakeface
C:\Users\Rohith Syam\Documents\UTS SEMESTER 3\image processing\idea 2\data\processed\deepfakeface_sd15\fake\34\13846034_1977-08-30_2009.jpg,1,34,StableDiffusion_v1_5,deepfakeface
C:\Users\Rohith Syam\Documents\UTS SEMESTER 3\image processing\idea 2\data\processed\deepfakeface_sd15\fake\34\1386234_1952-04-25_2004.jpg,1,34,StableDiffusion_v1_5,deepfakeface
C:\Users\Rohith Syam\Documents\UTS SEMESTER 3\image processing\idea 2\data\processed\deepfakeface_sd15\fake\34\19258134_1986-05-13_2009.jpg,1,34,StableDiffusion_v1_5,deepfakeface
C:\Users\Rohith Syam\Documents\UTS SEMESTER 3\image processing\idea 2\data\processed\deepfakeface_sd15\fake\34\19354934_1986-10-18_2009.jpg,1,34,StableDiffusion_v1_5,deepfakeface
C:\Users\Rohith Syam\Documents\UTS SEMESTER 3\image processing\idea 2\data\processed\deepfakeface_sd15\fake\34\20500734_1950-03-30_2014.jpg,1,34,StableDiffusion_v1_5,deepfakeface
C:\Users\Rohith Syam\Documents\UTS SEMESTER 3\image processing\idea 2\data\processed\deepfakeface_sd15\fake\34\21284234_1983-06-02_2011.jpg,1,34,StableDiffusion_v1_5,deepfakeface
C:\Users\Rohith Syam\Documents\UTS SEMESTER 3\image processing\idea 2\data\processed\deepfakeface_sd15\fake\34\23945334_1979-07-30_2008.jpg,1,34,StableDiffusion_v1_5,deepfakeface
C:\Users\Rohith Syam\Documents\UTS SEMESTER 3\image processing\idea 2\data\processed\deepfakeface_sd15\fake\34\25905034_1992-04-05_2009.jpg,1,34,StableDiffusion_v1_5,deepfakeface
C:\Users\Rohith Syam\Documents\UTS SEMESTER 3\image processing\idea 2\data\processed\deepfakeface_sd15\fake\34\276834_1928-01-30_2010.jpg,1,34,StableDiffusion_v1_5,deepfakeface
C:\Users\Rohith Syam\Documents\UTS SEMESTER 3\image processing\idea 2\data\processed\deepfakeface_sd15\fake\34\32504534_1990-12-18_2011.jpg,1,34,StableDiffusion_v1_5,deepfakeface
C:\Users\Rohith Syam\Documents\UTS SEMESTER 3\image processing\idea 2\data\processed\deepfakeface_sd15\fake\34\32670934_1973-08-28_2013.jpg,1,34,StableDiffusion_v1_5,deepfakeface
C:\Users\Rohith Syam\Documents\UTS SEMESTER 3\image processing\idea 2\data\processed\deepfakeface_sd15\fake\34\33682634_1989-09-15_2011.jpg,1,34,StableDiffusion_v1_5,deepfakeface
C:\Users\Rohith Syam\Documents\UTS SEMESTER 3\image processing\idea 2\data\processed\deepfakeface_sd15\fake\34\36722334_1937-08-31_2005.jpg,1,34,StableDiffusion_v1_5,deepfakeface
C:\Users\Rohith Syam\Documents\UTS SEMESTER 3\image processing\idea 2\data\processed\deepfakeface_sd15\fake\34\39718934_1987-12-07_2013.jpg,1,34,StableDiffusion_v1_5,deepfakeface
C:\Users\Rohith Syam\Documents\UTS SEMESTER 3\image processing\idea 2\data\processed\deepfakeface_sd15\fake\34\398734_1932-05-04_1955.jpg,1,34,StableDiffusion_v1_5,deepfakeface
C:\Users\Rohith Syam\Documents\UTS SEMESTER 3\image processing\idea 2\data\processed\deepfakeface_sd15\fake\34\42708434_1996-03-11_2013.jpg,1,34,StableDiffusion_v1_5,deepfakeface
C:\Users\Rohith Syam\Documents\UTS SEMESTER 3\image processing\idea 2\data\processed\deepfakeface_sd15\fake\34\43639934_1912-04-03_2003.jpg,1,34,StableDiffusion_v1_5,deepfakeface
C:\Users\Rohith Syam\Documents\UTS SEMESTER 3\image processing\idea 2\data\processed\deepfakeface_sd15\fake\34\440034_1924-04-29_1963.jpg,1,34,StableDiffusion_v1_5,deepfakeface
C:\Users\Rohith Syam\Documents\UTS SEMESTER 3\image processing\idea 2\data\processed\deepfakeface_sd15\fake\34\4413434_1984-01-21_2013.jpg,1,34,StableDiffusion_v1_5,deepfakeface
C:\Users\Rohith Syam\Documents\UTS SEMESTER 3\image processing\idea 2\data\processed\deepfakeface_sd15\fake\34\4998434_1979-05-16_2005.jpg,1,34,StableDiffusion_v1_5,deepfakeface
C:\Users\Rohith Syam\Documents\UTS SEMESTER 3\image processing\idea 2\data\processed\deepfakeface_sd15\fake\34\5354734_1976-10-17_1995.jpg,1,34,StableDiffusion_v1_5,deepfakeface
C:\Users\Rohith Syam\Documents\UTS SEMESTER 3\image processing\idea 2\data\processed\deepfakeface_sd15\fake\34\592734_1946-06-15_2013.jpg,1,34,StableDiffusion_v1_5,deepfakeface
C:\Users\Rohith Syam\Documents\UTS SEMESTER 3\image processing\idea 2\data\processed\deepfakeface_sd15\fake\34\603934_1963-12-04_2013.jpg,1,34,StableDiffusion_v1_5,deepfakeface
C:\Users\Rohith Syam\Documents\UTS SEMESTER 3\image processing\idea 2\data\processed\deepfakeface_sd15\fake\34\78834_1970-04-29_2014.jpg,1,34,StableDiffusion_v1_5,deepfakeface
C:\Users\Rohith Syam\Documents\UTS SEMESTER 3\image processing\idea 2\data\processed\deepfakeface_sd15\fake\34\9326434_1987-05-02_2006.jpg,1,34,StableDiffusion_v1_5,deepfakeface
C:\Users\Rohith Syam\Documents\UTS SEMESTER 3\image processing\idea 2\data\processed\deepfakeface_sd15\fake\35\10970235_1972-10-10_2010.jpg,1,35,StableDiffusion_v1_5,deepfakeface
C:\Users\Rohith Syam\Documents\UTS SEMESTER 3\image processing\idea 2\data\processed\deepfakeface_sd15\fake\35\12523735_1981-04-21_2014.jpg,1,35,StableDiffusion_v1_5,deepfakeface
C:\Users\Rohith Syam\Documents\UTS SEMESTER 3\image processing\idea 2\data\processed\deepfakeface_sd15\fake\35\1323135_1941-09-15_1966.jpg,1,35,StableDiffusion_v1_5,deepfakeface
C:\Users\Rohith Syam\Documents\UTS SEMESTER 3\image processing\idea 2\data\processed\deepfakeface_sd15\fake\35\13774535_1942-06-09_1957.jpg,1,35,StableDiffusion_v1_5,deepfakeface
C:\Users\Rohith Syam\Documents\UTS SEMESTER 3\image processing\idea 2\data\processed\deepfakeface_sd15\fake\35\14180235_1985-10-27_2015.jpg,1,35,StableDiffusion_v1_5,deepfakeface
C:\Users\Rohith Syam\Documents\UTS SEMESTER 3\image processing\idea 2\data\processed\deepfakeface_sd15\fake\35\14347235_1959-06-15_2013.jpg,1,35,StableDiffusion_v1_5,deepfakeface
C:\Users\Rohith Syam\Documents\UTS SEMESTER 3\image processing\idea 2\data\processed\deepfakeface_sd15\fake\35\1437535_1935-02-22_2010.jpg,1,35,StableDiffusion_v1_5,deepfakeface
C:\Users\Rohith Syam\Documents\UTS SEMESTER 3\image processing\idea 2\data\processed\deepfakeface_sd15\fake\35\14619035_1990-02-25_2014.jpg,1,35,StableDiffusion_v1_5,deepfakeface
C:\Users\Rohith Syam\Documents\UTS SEMESTER 3\image processing\idea 2\data\processed\deepfakeface_sd15\fake\35\1566935_1953-09-11_2010.jpg,1,35,StableDiffusion_v1_5,deepfakeface
C:\Users\Rohith Syam\Documents\UTS SEMESTER 3\image processing\idea 2\data\processed\deepfakeface_sd15\fake\35\16105135_1980-04-18_2012.jpg,1,35,StableDiffusion_v1_5,deepfakeface
C:\Users\Rohith Syam\Documents\UTS SEMESTER 3\image processing\idea 2\data\processed\deepfakeface_sd15\fake\35\17974235_1973-06-13_2009.jpg,1,35,StableDiffusion_v1_5,deepfakeface
C:\Users\Rohith Syam\Documents\UTS SEMESTER 3\image processing\idea 2\data\processed\deepfakeface_sd15\fake\35\18933035_1982-08-26_2012.jpg,1,35,StableDiffusion_v1_5,deepfakeface
C:\Users\Rohith Syam\Documents\UTS SEMESTER 3\image processing\idea 2\data\processed\deepfakeface_sd15\fake\35\19966435_1968-04-03_2012.jpg,1,35,StableDiffusion_v1_5,deepfakeface
C:\Users\Rohith Syam\Documents\UTS SEMESTER 3\image processing\idea 2\data\processed\deepfakeface_sd15\fake\35\2357835_1982-06-16_2014.jpg,1,35,StableDiffusion_v1_5,deepfakeface
C:\Users\Rohith Syam\Documents\UTS SEMESTER 3\image processing\idea 2\data\processed\deepfakeface_sd15\fake\35\2663135_1941-03-20_2008.jpg,1,35,StableDiffusion_v1_5,deepfakeface
C:\Users\Rohith Syam\Documents\UTS SEMESTER 3\image processing\idea 2\data\processed\deepfakeface_sd15\fake\35\2667535_1937-12-16_1985.jpg,1,35,StableDiffusion_v1_5,deepfakeface
C:\Users\Rohith Syam\Documents\UTS SEMESTER 3\image processing\idea 2\data\processed\deepfakeface_sd15\fake\35\28265335_1988-06-22_2013.jpg,1,35,StableDiffusion_v1_5,deepfakeface
C:\Users\Rohith Syam\Documents\UTS SEMESTER 3\image processing\idea 2\data\processed\deepfakeface_sd15\fake\35\30385335_1991-08-22_2011.jpg,1,35,StableDiffusion_v1_5,deepfakeface
C:\Users\Rohith Syam\Documents\UTS SEMESTER 3\image processing\idea 2\data\processed\deepfakeface_sd15\fake\35\3110335_1948-04-03_2012.jpg,1,35,StableDiffusion_v1_5,deepfakeface
C:\Users\Rohith Syam\Documents\UTS SEMESTER 3\image processing\idea 2\data\processed\deepfakeface_sd15\fake\35\31663335_1976-06-05_2013.jpg,1,35,StableDiffusion_v1_5,deepfakeface
C:\Users\Rohith Syam\Documents\UTS SEMESTER 3\image processing\idea 2\data\processed\deepfakeface_sd15\fake\35\32471435_1932-05-10_1959.jpg,1,35,StableDiffusion_v1_5,deepfakeface
C:\Users\Rohith Syam\Documents\UTS SEMESTER 3\image processing\idea 2\data\processed\deepfakeface_sd15\fake\35\33199835_1985-06-12_2011.jpg,1,35,StableDiffusion_v1_5,deepfakeface
C:\Users\Rohith Syam\Documents\UTS SEMESTER 3\image processing\idea 2\data\processed\deepfakeface_sd15\fake\35\3338735_1981-11-16_2013.jpg,1,35,StableDiffusion_v1_5,deepfakeface
C:\Users\Rohith Syam\Documents\UTS SEMESTER 3\image processing\idea 2\data\processed\deepfakeface_sd15\fake\35\34163535_1988-04-03_2011.jpg,1,35,StableDiffusion_v1_5,deepfakeface
C:\Users\Rohith Syam\Documents\UTS SEMESTER 3\image processing\idea 2\data\processed\deepfakeface_sd15\fake\35\36702535_1992-07-04_2012.jpg,1,35,StableDiffusion_v1_5,deepfakeface
C:\Users\Rohith Syam\Documents\UTS SEMESTER 3\image processing\idea 2\data\processed\deepfakeface_sd15\fake\35\4943835_1891-09-22_1968.jpg,1,35,StableDiffusion_v1_5,deepfakeface
C:\Users\Rohith Syam\Documents\UTS SEMESTER 3\image processing\idea 2\data\processed\deepfakeface_sd15\fake\35\6232035_1987-09-07_2013.jpg,1,35,StableDiffusion_v1_5,deepfakeface
C:\Users\Rohith Syam\Documents\UTS SEMESTER 3\image processing\idea 2\data\processed\deepfakeface_sd15\fake\35\89835_1951-04-07_1981.jpg,1,35,StableDiffusion_v1_5,deepfakeface
C:\Users\Rohith Syam\Documents\UTS SEMESTER 3\image processing\idea 2\data\processed\deepfakeface_sd15\fake\55\10095655_1985-07-10_2012.jpg,1,55,StableDiffusion_v1_5,deepfakeface
C:\Users\Rohith Syam\Documents\UTS SEMESTER 3\image processing\idea 2\data\processed\deepfakeface_sd15\fake\55\10486955_1937-11-18_1975.jpg,1,55,StableDiffusion_v1_5,deepfakeface
C:\Users\Rohith Syam\Documents\UTS SEMESTER 3\image processing\idea 2\data\processed\deepfakeface_sd15\fake\55\1196855_1923-06-24_2009.jpg,1,55,StableDiffusion_v1_5,deepfakeface
C:\Users\Rohith Syam\Documents\UTS SEMESTER 3\image processing\idea 2\data\processed\deepfakeface_sd15\fake\55\12428755_1982-12-09_2012.jpg,1,55,StableDiffusion_v1_5,deepfakeface
C:\Users\Rohith Syam\Documents\UTS SEMESTER 3\image processing\idea 2\data\processed\deepfakeface_sd15\fake\55\1349055_1974-02-24_2009.jpg,1,55,StableDiffusion_v1_5,deepfakeface
C:\Users\Rohith Syam\Documents\UTS SEMESTER 3\image processing\idea 2\data\processed\deepfakeface_sd15\fake\55\14640255_1980-09-24_2006.jpg,1,55,StableDiffusion_v1_5,deepfakeface
C:\Users\Rohith Syam\Documents\UTS SEMESTER 3\image processing\idea 2\data\processed\deepfakeface_sd15\fake\55\14904555_1915-05-08_1941.jpg,1,55,StableDiffusion_v1_5,deepfakeface
C:\Users\Rohith Syam\Documents\UTS SEMESTER 3\image processing\idea 2\data\processed\deepfakeface_sd15\fake\55\15890555_1987-12-03_2014.jpg,1,55,StableDiffusion_v1_5,deepfakeface
C:\Users\Rohith Syam\Documents\UTS SEMESTER 3\image processing\idea 2\data\processed\deepfakeface_sd15\fake\55\1941155_1993-07-26_2010.jpg,1,55,StableDiffusion_v1_5,deepfakeface
C:\Users\Rohith Syam\Documents\UTS SEMESTER 3\image processing\idea 2\data\processed\deepfakeface_sd15\fake\55\20025755_1979-03-10_2009.jpg,1,55,StableDiffusion_v1_5,deepfakeface
C:\Users\Rohith Syam\Documents\UTS SEMESTER 3\image processing\idea 2\data\processed\deepfakeface_sd15\fake\55\20830055_1982-02-11_2011.jpg,1,55,StableDiffusion_v1_5,deepfakeface
C:\Users\Rohith Syam\Documents\UTS SEMESTER 3\image processing\idea 2\data\processed\deepfakeface_sd15\fake\55\22062155_1987-06-02_2010.jpg,1,55,StableDiffusion_v1_5,deepfakeface
C:\Users\Rohith Syam\Documents\UTS SEMESTER 3\image processing\idea 2\data\processed\deepfakeface_sd15\fake\55\2538755_1933-07-01_1979.jpg,1,55,StableDiffusion_v1_5,deepfakeface
C:\Users\Rohith Syam\Documents\UTS SEMESTER 3\image processing\idea 2\data\processed\deepfakeface_sd15\fake\55\27599355_1985-04-07_2007.jpg,1,55,StableDiffusion_v1_5,deepfakeface
C:\Users\Rohith Syam\Documents\UTS SEMESTER 3\image processing\idea 2\data\processed\deepfakeface_sd15\fake\55\2894455_1947-09-13_2009.jpg,1,55,StableDiffusion_v1_5,deepfakeface
C:\Users\Rohith Syam\Documents\UTS SEMESTER 3\image processing\idea 2\data\processed\deepfakeface_sd15\fake\55\295555_1950-07-15_2012.jpg,1,55,StableDiffusion_v1_5,deepfakeface
C:\Users\Rohith Syam\Documents\UTS SEMESTER 3\image processing\idea 2\data\processed\deepfakeface_sd15\fake\55\2979255_1982-08-30_2012.jpg,1,55,StableDiffusion_v1_5,deepfakeface
C:\Users\Rohith Syam\Documents\UTS SEMESTER 3\image processing\idea 2\data\processed\deepfakeface_sd15\fake\55\30781355_1963-07-29_2015.jpg,1,55,StableDiffusion_v1_5,deepfakeface
C:\Users\Rohith Syam\Documents\UTS SEMESTER 3\image processing\idea 2\data\processed\deepfakeface_sd15\fake\55\31689055_1988-03-014_2013.jpg,1,55,StableDiffusion_v1_5,deepfakeface
C:\Users\Rohith Syam\Documents\UTS SEMESTER 3\image processing\idea 2\data\processed\deepfakeface_sd15\fake\55\3523055_1984-05-01_2014.jpg,1,55,StableDiffusion_v1_5,deepfakeface
C:\Users\Rohith Syam\Documents\UTS SEMESTER 3\image processing\idea 2\data\processed\deepfakeface_sd15\fake\55\3566855_1977-08-09_2010.jpg,1,55,StableDiffusion_v1_5,deepfakeface
C:\Users\Rohith Syam\Documents\UTS SEMESTER 3\image processing\idea 2\data\processed\deepfakeface_sd15\fake\55\36326355_1990-10-27_2014.jpg,1,55,StableDiffusion_v1_5,deepfakeface
C:\Users\Rohith Syam\Documents\UTS SEMESTER 3\image processing\idea 2\data\processed\deepfakeface_sd15\fake\55\38909755_1989-02-21_2013.jpg,1,55,StableDiffusion_v1_5,deepfakeface
C:\Users\Rohith Syam\Documents\UTS SEMESTER 3\image processing\idea 2\data\processed\deepfakeface_sd15\fake\55\39790655_2013-07-22_2014.jpg,1,55,StableDiffusion_v1_5,deepfakeface
C:\Users\Rohith Syam\Documents\UTS SEMESTER 3\image processing\idea 2\data\processed\deepfakeface_sd15\fake\55\42718155_1946-01-25_2006.jpg,1,55,StableDiffusion_v1_5,deepfakeface
C:\Users\Rohith Syam\Documents\UTS SEMESTER 3\image processing\idea 2\data\processed\deepfakeface_sd15\fake\55\43284855_1980-08-11_2012.jpg,1,55,StableDiffusion_v1_5,deepfakeface
C:\Users\Rohith Syam\Documents\UTS SEMESTER 3\image processing\idea 2\data\processed\deepfakeface_sd15\fake\55\45263455_1979-05-12_2015.jpg,1,55,StableDiffusion_v1_5,deepfakeface
C:\Users\Rohith Syam\Documents\UTS SEMESTER 3\image processing\idea 2\data\processed\deepfakeface_sd15\fake\55\46238055_1947-10-19_1980.jpg,1,55,StableDiffusion_v1_5,deepfakeface
C:\Users\Rohith Syam\Documents\UTS SEMESTER 3\image processing\idea 2\data\processed\deepfakeface_sd15\fake\55\72655_1975-10-12_2004.jpg,1,55,StableDiffusion_v1_5,deepfakeface
C:\Users\Rohith Syam\Documents\UTS SEMESTER 3\image processing\idea 2\data\processed\deepfakeface_sd15\fake\55\870155_1962-12-01_2010.jpg,1,55,StableDiffusion_v1_5,deepfakeface
C:\Users\Rohith Syam\Documents\UTS SEMESTER 3\image processing\idea 2\data\processed\deepfakeface_sd15\fake\69\41427969_1939-03-30_1972.jpg,1,69,StableDiffusion_v1_5,deepfakeface
C:\Users\Rohith Syam\Documents\UTS SEMESTER 3\image processing\idea 2\data\processed\deepfakeface_sd15\fake\71\12738371_1985-05-25_2015.jpg,1,71,StableDiffusion_v1_5,deepfakeface
C:\Users\Rohith Syam\Documents\UTS SEMESTER 3\image processing\idea 2\data\processed\deepfakeface_sd15\fake\71\14220271_1972-11-30_2008.jpg,1,71,StableDiffusion_v1_5,deepfakeface
C:\Users\Rohith Syam\Documents\UTS SEMESTER 3\image processing\idea 2\data\processed\deepfakeface_sd15\fake\71\165871_1942-09-30_1950.jpg,1,71,StableDiffusion_v1_5,deepfakeface
C:\Users\Rohith Syam\Documents\UTS SEMESTER 3\image processing\idea 2\data\processed\deepfakeface_sd15\fake\71\17112571_1992-02-27_2012.jpg,1,71,StableDiffusion_v1_5,deepfakeface
C:\Users\Rohith Syam\Documents\UTS SEMESTER 3\image processing\idea 2\data\processed\deepfakeface_sd15\fake\71\174871_1958-07-10_2007.jpg,1,71,StableDiffusion_v1_5,deepfakeface
C:\Users\Rohith Syam\Documents\UTS SEMESTER 3\image processing\idea 2\data\processed\deepfakeface_sd15\fake\71\1854071_1958-08-14_1991.jpg,1,71,StableDiffusion_v1_5,deepfakeface
C:\Users\Rohith Syam\Documents\UTS SEMESTER 3\image processing\idea 2\data\processed\deepfakeface_sd15\fake\71\18720671_1986-06-23_2012.jpg,1,71,StableDiffusion_v1_5,deepfakeface
C:\Users\Rohith Syam\Documents\UTS SEMESTER 3\image processing\idea 2\data\processed\deepfakeface_sd15\fake\71\19476171_1989-08-02_2014.jpg,1,71,StableDiffusion_v1_5,deepfakeface
C:\Users\Rohith Syam\Documents\UTS SEMESTER 3\image processing\idea 2\data\processed\deepfakeface_sd15\fake\71\23399171_1991-05-22_2009.jpg,1,71,StableDiffusion_v1_5,deepfakeface
C:\Users\Rohith Syam\Documents\UTS SEMESTER 3\image processing\idea 2\data\processed\deepfakeface_sd15\fake\71\2492371_1942-11-06_1965.jpg,1,71,StableDiffusion_v1_5,deepfakeface
C:\Users\Rohith Syam\Documents\UTS SEMESTER 3\image processing\idea 2\data\processed\deepfakeface_sd15\fake\71\25422271_1990-09-11_2014.jpg,1,71,StableDiffusion_v1_5,deepfakeface
C:\Users\Rohith Syam\Documents\UTS SEMESTER 3\image processing\idea 2\data\processed\deepfakeface_sd15\fake\71\27164771_1990-09-17_2009.jpg,1,71,StableDiffusion_v1_5,deepfakeface
C:\Users\Rohith Syam\Documents\UTS SEMESTER 3\image processing\idea 2\data\processed\deepfakeface_sd15\fake\71\27987171_1987-05-10_2013.jpg,1,71,StableDiffusion_v1_5,deepfakeface
C:\Users\Rohith Syam\Documents\UTS SEMESTER 3\image processing\idea 2\data\processed\deepfakeface_sd15\fake\71\29084271_1991-09-22_2014.jpg,1,71,StableDiffusion_v1_5,deepfakeface
C:\Users\Rohith Syam\Documents\UTS SEMESTER 3\image processing\idea 2\data\processed\deepfakeface_sd15\fake\71\30657971_1992-05-11_2014.jpg,1,71,StableDiffusion_v1_5,deepfakeface
C:\Users\Rohith Syam\Documents\UTS SEMESTER 3\image processing\idea 2\data\processed\deepfakeface_sd15\fake\71\31706371_1989-01-14_2011.jpg,1,71,StableDiffusion_v1_5,deepfakeface
C:\Users\Rohith Syam\Documents\UTS SEMESTER 3\image processing\idea 2\data\processed\deepfakeface_sd15\fake\71\33021371_1988-02-18_2013.jpg,1,71,StableDiffusion_v1_5,deepfakeface
C:\Users\Rohith Syam\Documents\UTS SEMESTER 3\image processing\idea 2\data\processed\deepfakeface_sd15\fake\71\3312671_1985-08-02_2008.jpg,1,71,StableDiffusion_v1_5,deepfakeface
C:\Users\Rohith Syam\Documents\UTS SEMESTER 3\image processing\idea 2\data\processed\deepfakeface_sd15\fake\71\35188571_1983-09-18_2009.jpg,1,71,StableDiffusion_v1_5,deepfakeface
C:\Users\Rohith Syam\Documents\UTS SEMESTER 3\image processing\idea 2\data\processed\deepfakeface_sd15\fake\71\42650171_1946-12-10_2013.jpg,1,71,StableDiffusion_v1_5,deepfakeface
C:\Users\Rohith Syam\Documents\UTS SEMESTER 3\image processing\idea 2\data\processed\deepfakeface_sd15\fake\71\5081071_1925-11-13_1953.jpg,1,71,StableDiffusion_v1_5,deepfakeface
C:\Users\Rohith Syam\Documents\UTS SEMESTER 3\image processing\idea 2\data\processed\deepfakeface_sd15\fake\71\566471_1971-05-18_2011.jpg,1,71,StableDiffusion_v1_5,deepfakeface
C:\Users\Rohith Syam\Documents\UTS SEMESTER 3\image processing\idea 2\data\processed\deepfakeface_sd15\fake\71\703371_1918-03-12_1980.jpg,1,71,StableDiffusion_v1_5,deepfakeface
C:\Users\Rohith Syam\Documents\UTS SEMESTER 3\image processing\idea 2\data\processed\deepfakeface_sd15\fake\71\775271_1959-09-16_2011.jpg,1,71,StableDiffusion_v1_5,deepfakeface
C:\Users\Rohith Syam\Documents\UTS SEMESTER 3\image processing\idea 2\data\processed\deepfakeface_sd15\fake\71\8334671_1931-02-14_1966.jpg,1,71,StableDiffusion_v1_5,deepfakeface
C:\Users\Rohith Syam\Documents\UTS SEMESTER 3\image processing\idea 2\data\processed\deepfakeface_sd15\fake\71\9069371_1986-03-19_2013.jpg,1,71,StableDiffusion_v1_5,deepfakeface
C:\Users\Rohith Syam\Documents\UTS SEMESTER 3\image processing\idea 2\data\processed\deepfakeface_sd15\fake\71\967871_1972-12-15_2008.jpg,1,71,StableDiffusion_v1_5,deepfakeface
C:\Users\Rohith Syam\Documents\UTS SEMESTER 3\image processing\idea 2\data\processed\deepfakeface_sd15\fake\71\9845271_1955-09-16_2001.jpg,1,71,StableDiffusion_v1_5,deepfakeface
C:\Users\Rohith Syam\Documents\UTS SEMESTER 3\image processing\idea 2\data\processed\deepfakeface_sd15\fake\73\1013073_1978-05-24_2010.jpg,1,73,StableDiffusion_v1_5,deepfakeface
C:\Users\Rohith Syam\Documents\UTS SEMESTER 3\image processing\idea 2\data\processed\deepfakeface_sd15\fake\73\12153673_1980-09-08_2012.jpg,1,73,StableDiffusion_v1_5,deepfakeface
C:\Users\Rohith Syam\Documents\UTS SEMESTER 3\image processing\idea 2\data\processed\deepfakeface_sd15\fake\73\12464473_1935-03-06_1958.jpg,1,73,StableDiffusion_v1_5,deepfakeface
C:\Users\Rohith Syam\Documents\UTS SEMESTER 3\image processing\idea 2\data\processed\deepfakeface_sd15\fake\73\12786073_1984-05-18_2011.jpg,1,73,StableDiffusion_v1_5,deepfakeface
C:\Users\Rohith Syam\Documents\UTS SEMESTER 3\image processing\idea 2\data\processed\deepfakeface_sd15\fake\73\16855173_1937-10-21_2008.jpg,1,73,StableDiffusion_v1_5,deepfakeface
C:\Users\Rohith Syam\Documents\UTS SEMESTER 3\image processing\idea 2\data\processed\deepfakeface_sd15\fake\73\18933173_1984-05-13_2011.jpg,1,73,StableDiffusion_v1_5,deepfakeface
C:\Users\Rohith Syam\Documents\UTS SEMESTER 3\image processing\idea 2\data\processed\deepfakeface_sd15\fake\73\20989373_1938-09-15_1988.jpg,1,73,StableDiffusion_v1_5,deepfakeface
C:\Users\Rohith Syam\Documents\UTS SEMESTER 3\image processing\idea 2\data\processed\deepfakeface_sd15\fake\73\21741673_1995-03-01_2009.jpg,1,73,StableDiffusion_v1_5,deepfakeface
C:\Users\Rohith Syam\Documents\UTS SEMESTER 3\image processing\idea 2\data\processed\deepfakeface_sd15\fake\73\2210573_1958-04-04_2007.jpg,1,73,StableDiffusion_v1_5,deepfakeface
C:\Users\Rohith Syam\Documents\UTS SEMESTER 3\image processing\idea 2\data\processed\deepfakeface_sd15\fake\73\24079373_1979-07-15_2009.jpg,1,73,StableDiffusion_v1_5,deepfakeface
C:\Users\Rohith Syam\Documents\UTS SEMESTER 3\image processing\idea 2\data\processed\deepfakeface_sd15\fake\73\25286273_1990-11-02_2013.jpg,1,73,StableDiffusion_v1_5,deepfakeface
C:\Users\Rohith Syam\Documents\UTS SEMESTER 3\image processing\idea 2\data\processed\deepfakeface_sd15\fake\73\27347573_1992-06-02_2010.jpg,1,73,StableDiffusion_v1_5,deepfakeface
C:\Users\Rohith Syam\Documents\UTS SEMESTER 3\image processing\idea 2\data\processed\deepfakeface_sd15\fake\73\3365773_1949-06-24_1985.jpg,1,73,StableDiffusion_v1_5,deepfakeface
C:\Users\Rohith Syam\Documents\UTS SEMESTER 3\image processing\idea 2\data\processed\deepfakeface_sd15\fake\73\34239373_1994-11-30_2014.jpg,1,73,StableDiffusion_v1_5,deepfakeface
C:\Users\Rohith Syam\Documents\UTS SEMESTER 3\image processing\idea 2\data\processed\deepfakeface_sd15\fake\73\3517073_1984-09-10_2011.jpg,1,73,StableDiffusion_v1_5,deepfakeface
C:\Users\Rohith Syam\Documents\UTS SEMESTER 3\image processing\idea 2\data\processed\deepfakeface_sd15\fake\73\36499973_1985-09-06_2011.jpg,1,73,StableDiffusion_v1_5,deepfakeface
C:\Users\Rohith Syam\Documents\UTS SEMESTER 3\image processing\idea 2\data\processed\deepfakeface_sd15\fake\73\37985373_1988-12-05_2014.jpg,1,73,StableDiffusion_v1_5,deepfakeface
C:\Users\Rohith Syam\Documents\UTS SEMESTER 3\image processing\idea 2\data\processed\deepfakeface_sd15\fake\73\38089073_1988-06-26_2014.jpg,1,73,StableDiffusion_v1_5,deepfakeface
C:\Users\Rohith Syam\Documents\UTS SEMESTER 3\image processing\idea 2\data\processed\deepfakeface_sd15\fake\73\41639973_1876-12-25_1940.jpg,1,73,StableDiffusion_v1_5,deepfakeface
C:\Users\Rohith Syam\Documents\UTS SEMESTER 3\image processing\idea 2\data\processed\deepfakeface_sd15\fake\73\43994973_1992-07-27_2014.jpg,1,73,StableDiffusion_v1_5,deepfakeface
C:\Users\Rohith Syam\Documents\UTS SEMESTER 3\image processing\idea 2\data\processed\deepfakeface_sd15\fake\73\46452873_1906-12-20_1945.jpg,1,73,StableDiffusion_v1_5,deepfakeface
C:\Users\Rohith Syam\Documents\UTS SEMESTER 3\image processing\idea 2\data\processed\deepfakeface_sd15\fake\73\479273_1985-12-08_2014.jpg,1,73,StableDiffusion_v1_5,deepfakeface
C:\Users\Rohith Syam\Documents\UTS SEMESTER 3\image processing\idea 2\data\processed\deepfakeface_sd15\fake\73\502973_1958-03-25_2012.jpg,1,73,StableDiffusion_v1_5,deepfakeface
C:\Users\Rohith Syam\Documents\UTS SEMESTER 3\image processing\idea 2\data\processed\deepfakeface_sd15\fake\73\5332173_1935-09-06_2008.jpg,1,73,StableDiffusion_v1_5,deepfakeface
C:\Users\Rohith Syam\Documents\UTS SEMESTER 3\image processing\idea 2\data\processed\deepfakeface_sd15\fake\73\666973_1960-09-19_2005.jpg,1,73,StableDiffusion_v1_5,deepfakeface
C:\Users\Rohith Syam\Documents\UTS SEMESTER 3\image processing\idea 2\data\processed\deepfakeface_sd15\fake\73\8901973_1955-06-07_2006.jpg,1,73,StableDiffusion_v1_5,deepfakeface
C:\Users\Rohith Syam\Documents\UTS SEMESTER 3\image processing\idea 2\data\processed\deepfakeface_sd15\fake\73\9311273_1979-08-24_2010.jpg,1,73,StableDiffusion_v1_5,deepfakeface
C:\Users\Rohith Syam\Documents\UTS SEMESTER 3\image processing\idea 2\data\processed\deepfakeface_sd15\fake\80\2798180_1985-12-19_2014.jpg,1,80,StableDiffusion_v1_5,deepfakeface
C:\Users\Rohith Syam\Documents\UTS SEMESTER 3\image processing\idea 2\data\processed\deepfakeface_sd15\fake\80\6049880_1985-02-26_2013.jpg,1,80,StableDiffusion_v1_5,deepfakeface
C:\Users\Rohith Syam\Documents\UTS SEMESTER 3\image processing\idea 2\data\processed\deepfakeface_sd15\fake\80\9076080_1971-09-21_2011.jpg,1,80,StableDiffusion_v1_5,deepfakeface
C:\Users\Rohith Syam\Documents\UTS SEMESTER 3\image processing\idea 2\data\processed\deepfakeface_sd15\fake\98\10760998_1937-01-14_1968.jpg,1,98,StableDiffusion_v1_5,deepfakeface
C:\Users\Rohith Syam\Documents\UTS SEMESTER 3\image processing\idea 2\data\processed\deepfakeface_sd15\fake\98\13664298_1989-04-27_2014.jpg,1,98,StableDiffusion_v1_5,deepfakeface
C:\Users\Rohith Syam\Documents\UTS SEMESTER 3\image processing\idea 2\data\processed\deepfakeface_sd15\fake\98\13711298_1972-10-10_2001.jpg,1,98,StableDiffusion_v1_5,deepfakeface
C:\Users\Rohith Syam\Documents\UTS SEMESTER 3\image processing\idea 2\data\processed\deepfakeface_sd15\fake\98\14073598_1892-03-06_1943.jpg,1,98,StableDiffusion_v1_5,deepfakeface
C:\Users\Rohith Syam\Documents\UTS SEMESTER 3\image processing\idea 2\data\processed\deepfakeface_sd15\fake\98\142698_1939-09-01_2014.jpg,1,98,StableDiffusion_v1_5,deepfakeface
C:\Users\Rohith Syam\Documents\UTS SEMESTER 3\image processing\idea 2\data\processed\deepfakeface_sd15\fake\98\15230998_1983-01-10_2007.jpg,1,98,StableDiffusion_v1_5,deepfakeface
C:\Users\Rohith Syam\Documents\UTS SEMESTER 3\image processing\idea 2\data\processed\deepfakeface_sd15\fake\98\176998_1933-08-16_1965.jpg,1,98,StableDiffusion_v1_5,deepfakeface
C:\Users\Rohith Syam\Documents\UTS SEMESTER 3\image processing\idea 2\data\processed\deepfakeface_sd15\fake\98\22298398_1962-09-19_2011.jpg,1,98,StableDiffusion_v1_5,deepfakeface
C:\Users\Rohith Syam\Documents\UTS SEMESTER 3\image processing\idea 2\data\processed\deepfakeface_sd15\fake\98\23428298_1982-12-22_2009.jpg,1,98,StableDiffusion_v1_5,deepfakeface
C:\Users\Rohith Syam\Documents\UTS SEMESTER 3\image processing\idea 2\data\processed\deepfakeface_sd15\fake\98\23560198_1992-06-20_2014.jpg,1,98,StableDiffusion_v1_5,deepfakeface
C:\Users\Rohith Syam\Documents\UTS SEMESTER 3\image processing\idea 2\data\processed\deepfakeface_sd15\fake\98\25616698_1980-08-12_2012.jpg,1,98,StableDiffusion_v1_5,deepfakeface
C:\Users\Rohith Syam\Documents\UTS SEMESTER 3\image processing\idea 2\data\processed\deepfakeface_sd15\fake\98\25980298_1980-07-05_2013.jpg,1,98,StableDiffusion_v1_5,deepfakeface
C:\Users\Rohith Syam\Documents\UTS SEMESTER 3\image processing\idea 2\data\processed\deepfakeface_sd15\fake\98\2705698_1958-12-06_2007.jpg,1,98,StableDiffusion_v1_5,deepfakeface
C:\Users\Rohith Syam\Documents\UTS SEMESTER 3\image processing\idea 2\data\processed\deepfakeface_sd15\fake\98\27687598_1957-10-28_2009.jpg,1,98,StableDiffusion_v1_5,deepfakeface
C:\Users\Rohith Syam\Documents\UTS SEMESTER 3\image processing\idea 2\data\processed\deepfakeface_sd15\fake\98\30789098_1986-05-13_2012.jpg,1,98,StableDiffusion_v1_5,deepfakeface
C:\Users\Rohith Syam\Documents\UTS SEMESTER 3\image processing\idea 2\data\processed\deepfakeface_sd15\fake\98\32664798_1990-03-03_2014.jpg,1,98,StableDiffusion_v1_5,deepfakeface
C:\Users\Rohith Syam\Documents\UTS SEMESTER 3\image processing\idea 2\data\processed\deepfakeface_sd15\fake\98\33850898_1928-10-17_2008.jpg,1,98,StableDiffusion_v1_5,deepfakeface
C:\Users\Rohith Syam\Documents\UTS SEMESTER 3\image processing\idea 2\data\processed\deepfakeface_sd15\fake\98\3604398_1981-06-16_2012.jpg,1,98,StableDiffusion_v1_5,deepfakeface
C:\Users\Rohith Syam\Documents\UTS SEMESTER 3\image processing\idea 2\data\processed\deepfakeface_sd15\fake\98\40219898_1975-03-11_2013.jpg,1,98,StableDiffusion_v1_5,deepfakeface
C:\Users\Rohith Syam\Documents\UTS SEMESTER 3\image processing\idea 2\data\processed\deepfakeface_sd15\fake\98\40883698_1972-01-26_2014.jpg,1,98,StableDiffusion_v1_5,deepfakeface
C:\Users\Rohith Syam\Documents\UTS SEMESTER 3\image processing\idea 2\data\processed\deepfakeface_sd15\fake\98\4276598_1950-10-14_1975.jpg,1,98,StableDiffusion_v1_5,deepfakeface
C:\Users\Rohith Syam\Documents\UTS SEMESTER 3\image processing\idea 2\data\processed\deepfakeface_sd15\fake\98\45298998_1988-08-17_2012.jpg,1,98,StableDiffusion_v1_5,deepfakeface
C:\Users\Rohith Syam\Documents\UTS SEMESTER 3\image processing\idea 2\data\processed\deepfakeface_sd15\fake\98\4691798_1977-09-15_2005.jpg,1,98,StableDiffusion_v1_5,deepfakeface
C:\Users\Rohith Syam\Documents\UTS SEMESTER 3\image processing\idea 2\data\processed\deepfakeface_sd15\fake\98\46974698_1942-02-22_1968.jpg,1,98,StableDiffusion_v1_5,deepfakeface
C:\Users\Rohith Syam\Documents\UTS SEMESTER 3\image processing\idea 2\data\processed\deepfakeface_sd15\fake\98\577798_1933-12-08_1969.jpg,1,98,StableDiffusion_v1_5,deepfakeface
C:\Users\Rohith Syam\Documents\UTS SEMESTER 3\image processing\idea 2\data\processed\deepfakeface_sd15\fake\98\591698_1968-01-15_2000.jpg,1,98,StableDiffusion_v1_5,deepfakeface
C:\Users\Rohith Syam\Documents\UTS SEMESTER 3\image processing\idea 2\data\processed\deepfakeface_sd15\fake\98\609598_1929-11-08_2007.jpg,1,98,StableDiffusion_v1_5,deepfakeface
C:\Users\Rohith Syam\Documents\UTS SEMESTER 3\image processing\idea 2\data\processed\deepfakeface_sd15\fake\98\6548698_1964-02-27_2010.jpg,1,98,StableDiffusion_v1_5,deepfakeface
C:\Users\Rohith Syam\Documents\UTS SEMESTER 3\image processing\idea 2\data\processed\deepfakeface_sd15\fake\98\670098_1974-07-29_2009.jpg,1,98,StableDiffusion_v1_5,deepfakeface
C:\Users\Rohith Syam\Documents\UTS SEMESTER 3\image processing\idea 2\data\processed\deepfakeface_sd15\fake\98\6808898_1936-01-17_2012.jpg,1,98,StableDiffusion_v1_5,deepfakeface
