n,threshold,accuracy,balanced_accuracy,precision,recall,specificity,false_positive_rate,f1,auc,ece,nll,brier,experiment,model,test_dataset,protocol_id,evaluation_unit,condition,threshold_source,seed,num_samples,score_type,split,auc_ci_lower,auc_ci_upper,auc_change_ci_lower,auc_change_ci_upper,ba_ci_lower,ba_ci_upper,ba_change_ci_lower,ba_change_ci_upper,bootstrap_valid,n_clusters,reference_auc,auc_change,relative_auc_change,ba_change,model_display,training_run,checkpoint_sha256,frozen_threshold,bootstrap_unit,jpeg_quality,auc_change_vs_q100
1860,0.8212602734565735,0.7446236559139785,0.7461111111111112,0.7823050058207218,0.7,0.7922222222222223,0.20777777777777773,0.7388675096206707,0.8456614583333334,0.18077877783842156,0.8203507640861326,0.20514348307466704,jpeg_robustness,hybrid,ffpp_source_safe,source_video_disjoint_v1,frame,reference,source_disjoint_validation_frozen,42,1860,probability,test,0.7283656057098765,0.922942334171456,0.0,0.0,0.6403172892720307,0.8321362433862434,0.0,0.0,1967.0,26.0,0.8456614583333334,0.0,0.0,0.0,CoAtNet,source_disjoint_control,dc728c791e4897a7eabff57cb9a9d5988224c88eea3e4c57bfbba32a2a0bd8e5,0.8212602734565735,source_video_component,,
1860,0.8212602734565735,0.7456989247311828,0.7473263888888889,0.7861339600470035,0.696875,0.7977777777777778,0.2022222222222222,0.7388183324130315,0.8489947916666666,0.18004935631930208,0.8030819753940788,0.20300141683432937,jpeg_robustness,hybrid,ffpp_source_safe,source_video_disjoint_v1,frame,Q100,source_disjoint_validation_frozen,42,1860,probability,test,0.7390032242063492,0.9241679032716714,0.0002227430555555632,0.007805249669312144,0.645406994047619,0.8323445660522273,-0.006843885281385248,0.008979885057471364,1967.0,26.0,0.8456614583333334,0.0033333333333331883,0.003941687658206237,0.0012152777777777457,CoAtNet,source_disjoint_control,dc728c791e4897a7eabff57cb9a9d5988224c88eea3e4c57bfbba32a2a0bd8e5,0.8212602734565735,source_video_component,100.0,
1860,0.8212602734565735,0.7263440860215054,0.7289583333333334,0.7843631778058008,0.6479166666666667,0.81,0.18999999999999995,0.7096406160867085,0.8266574074074073,0.19732848826453064,0.8898896261505572,0.22049700713074308,jpeg_robustness,hybrid,ffpp_source_safe,source_video_disjoint_v1,frame,Q90,source_disjoint_validation_frozen,42,1860,probability,test,0.7147552415921667,0.903276042081508,-0.03406602862583204,0.0008382109788360504,0.6271875,0.8064399796069707,-0.030696621386276553,-0.0013431342364531552,1967.0,26.0,0.8456614583333334,-0.019004050925926053,-0.022472409897194637,-0.017152777777777795,CoAtNet,source_disjoint_control,dc728c791e4897a7eabff57cb9a9d5988224c88eea3e4c57bfbba32a2a0bd8e5,0.8212602734565735,source_video_component,90.0,-0.02233738425925924
1860,0.8212602734565735,0.6967741935483871,0.7004166666666667,0.7704918032786885,0.5875,0.8133333333333334,0.18666666666666665,0.6666666666666666,0.7945289351851852,0.2004958284401872,0.8880595676378534,0.23414138643374832,jpeg_robustness,hybrid,ffpp_source_safe,source_video_disjoint_v1,frame,Q60,source_disjoint_validation_frozen,42,1860,probability,test,0.6769696404569892,0.8835562013348165,-0.07387102141203705,-0.026157715130805403,0.5971130952380952,0.7806625159642401,-0.06593525985663092,-0.019438681868743157,1967.0,26.0,0.8456614583333334,-0.0511325231481482,-0.06046453062780278,-0.04569444444444448,CoAtNet,source_disjoint_control,dc728c791e4897a7eabff57cb9a9d5988224c88eea3e4c57bfbba32a2a0bd8e5,0.8212602734565735,source_video_component,60.0,-0.05446585648148139
1860,0.8212602734565735,0.6736559139784947,0.6777430555555555,0.750354609929078,0.5510416666666667,0.8044444444444444,0.1955555555555556,0.6354354354354355,0.7663437499999999,0.21276542230514658,0.9614645292094349,0.25164981760621563,jpeg_robustness,hybrid,ffpp_source_safe,source_video_disjoint_v1,frame,Q40,source_disjoint_validation_frozen,42,1860,probability,test,0.6254854864785421,0.8688573598710316,-0.1168557925485008,-0.04172313161375664,0.5687202380952381,0.7664616259578544,-0.09606737012987017,-0.030974702380952387,1967.0,26.0,0.8456614583333334,-0.07931770833333351,-0.09379368960441489,-0.0683680555555557,CoAtNet,source_disjoint_control,dc728c791e4897a7eabff57cb9a9d5988224c88eea3e4c57bfbba32a2a0bd8e5,0.8212602734565735,source_video_component,40.0,-0.0826510416666667
1860,0.8212602734565735,0.6193548387096774,0.6261458333333334,0.7307692307692307,0.415625,0.8366666666666667,0.16333333333333333,0.5298804780876494,0.7287060185185186,0.2214244027774751,0.959319187630495,0.2706243225598677,jpeg_robustness,hybrid,ffpp_source_safe,source_video_disjoint_v1,frame,Q20,source_disjoint_validation_frozen,42,1860,probability,test,0.6049908291142128,0.8250970212438422,-0.1519497395833334,-0.08133351254480291,0.5503467261904761,0.6877361111111111,-0.1515364583333333,-0.0846204501915709,1967.0,26.0,0.8456614583333334,-0.11695543981481482,-0.1383005441034474,-0.11996527777777777,CoAtNet,source_disjoint_control,dc728c791e4897a7eabff57cb9a9d5988224c88eea3e4c57bfbba32a2a0bd8e5,0.8212602734565735,source_video_component,20.0,-0.12028877314814801
1860,0.8212602734565735,0.556989247311828,0.5698611111111112,0.8541666666666666,0.17083333333333334,0.9688888888888889,0.03111111111111109,0.2847222222222222,0.69865625,0.269266336933928,1.1178773370506432,0.3033813077270193,jpeg_robustness,hybrid,ffpp_source_safe,source_video_disjoint_v1,frame,Q10,source_disjoint_validation_frozen,42,1860,probability,test,0.5943597510240656,0.8001301149940263,-0.2165229021990742,-0.057566615226337485,0.5284871031746032,0.6130952380952381,-0.24286065879097496,-0.08997767857142869,1967.0,26.0,0.8456614583333334,-0.14700520833333341,-0.17383458461386866,-0.17625000000000002,CoAtNet,source_disjoint_control,dc728c791e4897a7eabff57cb9a9d5988224c88eea3e4c57bfbba32a2a0bd8e5,0.8212602734565735,source_video_component,10.0,-0.1503385416666666
1860,0.4307548701763153,0.7844086021505376,0.7828819444444444,0.770048309178744,0.8302083333333333,0.7355555555555555,0.2644444444444445,0.7989974937343358,0.8660034722222222,0.1337185591690907,0.6379153225872637,0.17086309545554354,jpeg_robustness,xception,ffpp_source_safe,source_video_disjoint_v1,frame,reference,source_disjoint_validation_frozen,42,1860,probability,test,0.7628284582535122,0.938063136574074,0.0,0.0,0.6779044274159217,0.857562003968254,0.0,0.0,1967.0,26.0,0.8660034722222222,0.0,0.0,0.0,Xception,source_disjoint_control,03cb9bba05b67e1478fb86a731857ba65f55a3db09e023035c9bcd9d442d8efc,0.4307548701763153,source_video_component,,
1860,0.4307548701763153,0.7811827956989247,0.7796527777777778,0.7671497584541063,0.8270833333333333,0.7322222222222222,0.2677777777777778,0.7959899749373434,0.8652627314814814,0.13917655097336418,0.6413839578732647,0.17287630219560807,jpeg_robustness,xception,ffpp_source_safe,source_video_disjoint_v1,frame,Q100,source_disjoint_validation_frozen,42,1860,probability,test,0.7617908978174603,0.936994102733686,-0.003330671296296245,0.002006422011008635,0.6824018199233717,0.8523519345238095,-0.010172190656565583,0.0047839506172839665,1967.0,26.0,0.8660034722222222,-0.0007407407407408195,-0.0008553553934836194,-0.0032291666666666163,Xception,source_disjoint_control,03cb9bba05b67e1478fb86a731857ba65f55a3db09e023035c9bcd9d442d8efc,0.4307548701763153,source_video_component,100.0,
1860,0.4307548701763153,0.7521505376344086,0.7500694444444445,0.7342723004694836,0.8145833333333333,0.6855555555555556,0.3144444444444444,0.7723456790123456,0.8481776620370372,0.14961379390523621,0.6682120716281966,0.1874786498333467,jpeg_robustness,xception,ffpp_source_safe,source_video_disjoint_v1,frame,Q90,source_disjoint_validation_frozen,42,1860,probability,test,0.740618289792769,0.920720143941064,-0.03333229565772653,-0.0037102347883597436,0.6512433482332908,0.8228115498702261,-0.05135778179458653,-0.014441384631758244,1967.0,26.0,0.8660034722222222,-0.01782581018518503,-0.020583993894900704,-0.03281249999999991,Xception,source_disjoint_control,03cb9bba05b67e1478fb86a731857ba65f55a3db09e023035c9bcd9d442d8efc,0.4307548701763153,source_video_component,90.0,-0.017085069444444212
1860,0.4307548701763153,0.7166666666666667,0.7161111111111111,0.7220512820512821,0.7333333333333333,0.6988888888888889,0.3011111111111111,0.7276485788113695,0.79734375,0.1709040518359998,0.7474142136595764,0.215683704139639,jpeg_robustness,xception,ffpp_source_safe,source_video_disjoint_v1,frame,Q60,source_disjoint_validation_frozen,42,1860,probability,test,0.6915514048531289,0.8831717210938536,-0.0963316570881226,-0.04421040096734527,0.6255720899470899,0.7941742496807153,-0.09950778256704983,-0.03391443167305234,1967.0,26.0,0.8660034722222222,-0.06865972222222216,-0.07928342601910911,-0.06677083333333322,Xception,source_disjoint_control,03cb9bba05b67e1478fb86a731857ba65f55a3db09e023035c9bcd9d442d8efc,0.4307548701763153,source_video_component,60.0,-0.06791898148148134
1860,0.4307548701763153,0.6849462365591398,0.686875,0.7253012048192771,0.6270833333333333,0.7466666666666667,0.2533333333333333,0.6726256983240223,0.7720300925925927,0.18888170016020092,0.7962987624903892,0.2382299681707277,jpeg_robustness,xception,ffpp_source_safe,source_video_disjoint_v1,frame,Q40,source_disjoint_validation_frozen,42,1860,probability,test,0.66953160824515,0.8550689640918628,-0.1284534611992946,-0.06336219636844631,0.588083892081737,0.7613092891278375,-0.11686598124098123,-0.07086566091954023,1967.0,26.0,0.8660034722222222,-0.09397337962962948,-0.10851386009860628,-0.09600694444444435,Xception,source_disjoint_control,03cb9bba05b67e1478fb86a731857ba65f55a3db09e023035c9bcd9d442d8efc,0.4307548701763153,source_video_component,40.0,-0.09323263888888866
1860,0.4307548701763153,0.614516129032258,0.6200347222222222,0.6962843295638126,0.44895833333333335,0.7911111111111111,0.2088888888888889,0.545915136162128,0.6928252314814815,0.24888791120022405,1.0078856421768108,0.2967504430773105,jpeg_robustness,xception,ffpp_source_safe,source_video_disjoint_v1,frame,Q20,source_disjoint_validation_frozen,42,1860,probability,test,0.5983421668795232,0.7719459881553632,-0.23662541507024268,-0.11149725955794515,0.5633553791887125,0.6654612784246405,-0.22506283068783062,-0.09587797619047621,1967.0,26.0,0.8660034722222222,-0.17317824074074073,-0.19997407203963502,-0.16284722222222214,Xception,source_disjoint_control,03cb9bba05b67e1478fb86a731857ba65f55a3db09e023035c9bcd9d442d8efc,0.4307548701763153,source_video_component,20.0,-0.1724374999999999
1860,0.4307548701763153,0.5188172043010753,0.5309027777777777,0.6382978723404256,0.15625,0.9055555555555556,0.09444444444444444,0.2510460251046025,0.6319594907407406,0.3670015680359782,1.316491069768472,0.38383112318548684,jpeg_robustness,xception,ffpp_source_safe,source_video_disjoint_v1,frame,Q10,source_disjoint_validation_frozen,42,1860,probability,test,0.5384564777479092,0.7281765230011757,-0.3607610685398041,-0.10530203455371101,0.4964243551587302,0.5804058908045974,-0.3471314921243082,-0.14124255952380954,1967.0,26.0,0.8660034722222222,-0.23404398148148153,-0.2702575555279348,-0.25197916666666664,Xception,source_disjoint_control,03cb9bba05b67e1478fb86a731857ba65f55a3db09e023035c9bcd9d442d8efc,0.4307548701763153,source_video_component,10.0,-0.2333032407407407
1860,0.5181877613067627,0.5344086021505376,0.5365972222222222,0.5583126550868487,0.46875,0.6044444444444445,0.39555555555555555,0.5096262740656852,0.5685208333333334,0.06167450501553477,0.6801389447398921,0.24408016675806288,jpeg_robustness,freq_cnn,ffpp_source_safe,source_video_disjoint_v1,frame,reference,source_disjoint_validation_frozen,42,1860,probability,test,0.42081307123655914,0.7363285919540228,0.0,0.0,0.39790591931216934,0.7026185344827585,0.0,0.0,1967.0,26.0,0.5685208333333334,0.0,0.0,0.0,RGB+FFT dual-domain CNN,source_disjoint_control,ad682adfaf8af8c993a52d42d033cc255791381fd208f7eef09a0e87344a8b6b,0.5181877613067627,source_video_component,,
1860,0.5181877613067627,0.5306451612903226,0.5330555555555555,0.5548549810844893,0.4583333333333333,0.6077777777777778,0.39222222222222225,0.5019965772960638,0.5682129629629631,0.061610761901704246,0.6802433388395396,0.24413798674229678,jpeg_robustness,freq_cnn,ffpp_source_safe,source_video_disjoint_v1,frame,Q100,source_disjoint_validation_frozen,42,1860,probability,test,0.42088637512800814,0.7355023334826761,-0.0015020576131687946,0.00037811302681995936,0.395327380952381,0.7005265538527031,-0.009876344086021432,0.001035879629629579,1967.0,26.0,0.5685208333333334,-0.00030787037037027787,-0.0005415287397036658,-0.003541666666666665,RGB+FFT dual-domain CNN,source_disjoint_control,ad682adfaf8af8c993a52d42d033cc255791381fd208f7eef09a0e87344a8b6b,0.5181877613067627,source_video_component,100.0,
1860,0.5181877613067627,0.539247311827957,0.5445486111111111,0.5821371610845295,0.3802083333333333,0.7088888888888889,0.2911111111111111,0.4599873976055451,0.5771018518518518,0.06682095865729036,0.6798487640263277,0.24404400504138876,jpeg_robustness,freq_cnn,ffpp_source_safe,source_video_disjoint_v1,frame,Q90,source_disjoint_validation_frozen,42,1860,probability,test,0.4305333652618135,0.7424477550563233,-0.0002527557319223491,0.020309927983539238,0.404922192353644,0.7103395061728395,-0.020727627257799662,0.04120089285714289,1967.0,26.0,0.5685208333333334,0.008581018518518446,0.015093586752496809,0.00795138888888891,RGB+FFT dual-domain CNN,source_disjoint_control,ad682adfaf8af8c993a52d42d033cc255791381fd208f7eef09a0e87344a8b6b,0.5181877613067627,source_video_component,90.0,0.008888888888888724
1860,0.5181877613067627,0.5241935483870968,0.5273611111111111,0.5500667556742324,0.42916666666666664,0.6255555555555555,0.37444444444444447,0.4821533060269163,0.5655243055555556,0.059035748683957674,0.6808736411606511,0.24446728965622758,jpeg_robustness,freq_cnn,ffpp_source_safe,source_video_disjoint_v1,frame,Q60,source_disjoint_validation_frozen,42,1860,probability,test,0.4179865740740741,0.7252011243386244,-0.01648535461212051,0.006083333333333267,0.3940884133825944,0.6847222222222222,-0.022325644841269886,0.003831417624520994,1967.0,26.0,0.5685208333333334,-0.002996527777777813,-0.005270744011628679,-0.009236111111111112,RGB+FFT dual-domain CNN,source_disjoint_control,ad682adfaf8af8c993a52d42d033cc255791381fd208f7eef09a0e87344a8b6b,0.5181877613067627,source_video_component,60.0,-0.0026886574074075353
1860,0.5181877613067627,0.5252688172043011,0.5293749999999999,0.5553956834532374,0.40208333333333335,0.6566666666666666,0.3433333333333334,0.4664652567975831,0.5631412037037037,0.06155175228593164,0.6825834745937037,0.24528662664029813,jpeg_robustness,freq_cnn,ffpp_source_safe,source_video_disjoint_v1,frame,Q40,source_disjoint_validation_frozen,42,1860,probability,test,0.41684964157706095,0.7170747023809523,-0.028727880658436237,0.012922602121248418,0.39871217357910904,0.673009259259259,-0.03810815257693731,0.02109176587301585,1967.0,26.0,0.5685208333333334,-0.005379629629629679,-0.00946250218850909,-0.007222222222222241,RGB+FFT dual-domain CNN,source_disjoint_control,ad682adfaf8af8c993a52d42d033cc255791381fd208f7eef09a0e87344a8b6b,0.5181877613067627,source_video_component,40.0,-0.005071759259259401
1860,0.5181877613067627,0.5182795698924731,0.5261111111111111,0.5666666666666667,0.2833333333333333,0.7688888888888888,0.23111111111111116,0.37777777777777777,0.5633518518518518,0.11266681985348785,0.6858465664296178,0.24691589838195885,jpeg_robustness,freq_cnn,ffpp_source_safe,source_video_disjoint_v1,frame,Q20,source_disjoint_validation_frozen,42,1860,probability,test,0.41951734780757766,0.7102071428571428,-0.042359665803796444,0.027195431915050063,0.4120913051538747,0.634466115900383,-0.08616951362281819,0.04989632936507941,1967.0,26.0,0.5685208333333334,-0.005168981481481594,-0.00909198252450132,-0.010486111111111085,RGB+FFT dual-domain CNN,source_disjoint_control,ad682adfaf8af8c993a52d42d033cc255791381fd208f7eef09a0e87344a8b6b,0.5181877613067627,source_video_component,20.0,-0.004861111111111316
1860,0.5181877613067627,0.45268817204301076,0.4667708333333333,0.25,0.030208333333333334,0.9033333333333333,0.09666666666666668,0.05390334572490706,0.5704282407407407,0.11931950476781658,0.6905374713867248,0.24930560901147544,jpeg_robustness,freq_cnn,ffpp_source_safe,source_video_disjoint_v1,frame,Q10,source_disjoint_validation_frozen,42,1860,probability,test,0.4477310397532109,0.7013773889345009,-0.055104361785156764,0.05119754036672141,0.4139056513409962,0.5095072751322751,-0.24660919540229884,0.05616379310344819,1967.0,26.0,0.5685208333333334,0.0019074074074073577,0.003355035199367993,-0.06982638888888887,RGB+FFT dual-domain CNN,source_disjoint_control,ad682adfaf8af8c993a52d42d033cc255791381fd208f7eef09a0e87344a8b6b,0.5181877613067627,source_video_component,10.0,0.0022152777777776356
