epoch,train_loss,val_n,val_threshold,val_accuracy,val_precision,val_recall,val_f1,val_auc,val_loss,seconds
1,0.693137218566168,2250,0.5,0.7124444444444444,0.804221635883905,0.8466666666666667,0.8248985115020298,0.532012962962963,0.6631564908027648,45.104151600040495
2,0.6916737009457179,2250,0.5,0.5075555555555555,0.8307839388145315,0.48277777777777775,0.6106816584680252,0.5430098765432099,0.6986818216111925,43.55154069996206
3,0.6901113840511867,2250,0.5,0.6897777777777778,0.8130681818181819,0.795,0.803932584269663,0.5514456790123458,0.6506246675915188,44.09067479998339
4,0.6892141648247129,2250,0.5,0.6533333333333333,0.8265044814340589,0.7172222222222222,0.7679952409280191,0.5609654320987654,0.6618513316578335,43.98646169999847
5,0.686609603586651,2250,0.5,0.6995555555555556,0.8132664437012264,0.8105555555555556,0.8119087367835282,0.592812962962963,0.6489181481467353,44.13580839999486
6,0.6856320980616978,2250,0.5,0.6466666666666666,0.8312458800263678,0.7005555555555556,0.760325595417546,0.5838438271604938,0.660655923684438,43.976210099994205
7,0.6838155464444842,2250,0.5,0.6102222222222222,0.8547271329746349,0.6177777777777778,0.7171880038697195,0.5991456790123457,0.6681415877342224,44.19365309999557
8,0.6810482285817464,2250,0.5,0.7293333333333333,0.8284611141753999,0.8344444444444444,0.8314420149460282,0.603533950617284,0.6167882189750672,43.9691262000124
9,0.6799284471784319,2250,0.5,0.6711111111111111,0.8354430379746836,0.7333333333333333,0.7810650887573964,0.5944691358024692,0.629197759522332,44.00848929997301
10,0.6779506478763762,2250,0.5,0.716,0.8384839650145772,0.7988888888888889,0.8182076813655761,0.6003283950617284,0.6121013130082025,43.83503550000023
11,0.6751762989135015,2250,0.5,0.6271111111111111,0.8567186340014847,0.6411111111111111,0.7333968859231014,0.6015629629629631,0.6534919250806173,44.56180520000635
